file_id,filename,file_label,object_id,object_name
198570,198570.png,Dernberg Chugelfeld Dornfeld Karte,173247,Dernberg Castle
198570,198570.png,Dernberg Chugelfeld Dornfeld Karte,173247,Dernberg Castle
230284,230284.jpg,Reconstruction drawing of Dernberg village and castle,173247,Dernberg Castle
221368,221368.glb,1804-10b_Ternberc_1823-20b_Trennau,173247,Dernberg Castle
173637,173637.jpg,Grabung,173247,Dernberg Castle
173250,173250.png,Dernberg,173247,Dernberg Castle
207672,207672.pdf,wuestungslisten_kl_A-L,201377,Irinspach
207668,207668.pdf,wuestungsarchiv_konzeption_organisatio_arbeitsplanung,201377,Irinspach
234961,234961.pdf,0830-10b_irinspach,201377,Irinspach
207673,207673.pdf,wuestungslisten_kl_M-Z,204790,Walrsperch
233022,233022.pdf,1951-10b_walrsperch,204790,Walrsperch
207672,207672.pdf,wuestungslisten_kl_A-L,201379,Irmueldi
234962,234962.pdf,0831-10b_irmueldi,201379,Irmueldi
207672,207672.pdf,wuestungslisten_kl_A-L,201381,Irmvelde
234963,234963.pdf,0832-10b_irmvelde,201381,Irmvelde
207672,207672.pdf,wuestungslisten_kl_A-L,201383,Irnpoltinge
234964,234964.pdf,0833-10b_de irnpoltinge,201383,Irnpoltinge
207672,207672.pdf,wuestungslisten_kl_A-L,201385,Isinhartsdorf
234965,234965.pdf,0834-10b_isinhartsdorf,201385,Isinhartsdorf
207672,207672.pdf,wuestungslisten_kl_A-L,201387,Isinvurta
234966,234966.pdf,0835-10b_isinvurta,201387,Isinvurta
207672,207672.pdf,wuestungslisten_kl_A-L,201389,Iskerisdorf
234967,234967.pdf,0836-10b_iskerisdorf,201389,Iskerisdorf
207672,207672.pdf,wuestungslisten_kl_A-L,201391,Isowe
234968,234968.pdf,0837-10b_isowe,201391,Isowe
234969,234969.pdf,0838-10b_issansdorf_geschwärzt,201393,Ilsansdorf
207672,207672.pdf,wuestungslisten_kl_A-L,201396,Iwinperch
234970,234970.pdf,0839-10b_iwinperch,201396,Iwinperch
207672,207672.pdf,wuestungslisten_kl_A-L,201398,Jagemvelde
234971,234971.pdf,0840-10b_de jagemvelde,201398,Jagemvelde
207672,207672.pdf,wuestungslisten_kl_A-L,201400,Jahrings
234972,234972.pdf,0841-10b_jahrings,201400,Jahrings
207673,207673.pdf,wuestungslisten_kl_M-Z,204792,Waltesprun
233021,233021.pdf,1952-10b_waltesprun,204792,Waltesprun
207673,207673.pdf,wuestungslisten_kl_M-Z,173251,Ternberc
198570,198570.png,Dernberg Chugelfeld Dornfeld Karte,173251,Ternberc
198570,198570.png,Dernberg Chugelfeld Dornfeld Karte,173251,Ternberc
221368,221368.glb,1804-10b_Ternberc_1823-20b_Trennau,173251,Ternberc
214220,214220.png,1804-10b_Ternberc,173251,Ternberc
230284,230284.jpg,Reconstruction drawing of Dernberg village and castle,173251,Ternberc
234343,234343.pdf,Überblick Langes Tal,173251,Ternberc
173250,173250.png,Dernberg,173251,Ternberc
234343,234343.pdf,Überblick Langes Tal,173255,Trennau*
221368,221368.glb,1804-10b_Ternberc_1823-20b_Trennau,173255,Trennau*
214229,214229.png,1823-20b_Trennau,173255,Trennau*
173250,173250.png,Dernberg,173255,Trennau*
207672,207672.pdf,wuestungslisten_kl_A-L,173258,Chruels
232356,232356.pdf,0235-10b_chruels_geschwärzt,173258,Chruels
224319,224319.glb,0235-10b_Chruels,173258,Chruels
215465,215465.pdf,Wüstungsarchiv des Archivs für Mittelalterarchäologie,173258,Chruels
234343,234343.pdf,Überblick Langes Tal,173258,Chruels
207673,207673.pdf,wuestungslisten_kl_M-Z,173261,Blaustauden
254551,254551.pdf,1302-10b_plawenstudern_geschwärzt,173261,Blaustauden
173578,173578.png,BlaustaudenInt,173261,Blaustauden
207673,207673.pdf,wuestungslisten_kl_M-Z,205021,Wislarin
232395,232395.pdf,2057-10b_wislarin_geschwärzt,205021,Wislarin
215170,215170.png,2057-10b_Wislarin,205021,Wislarin
207673,207673.pdf,wuestungslisten_kl_M-Z,205023,Wisperch
232387,232387.pdf,2058-10b_wisperch,205023,Wisperch
207673,207673.pdf,wuestungslisten_kl_M-Z,205025,Ober Wissbrunn
232385,232385.pdf,2059-10b_ober wissbrunn,205025,Ober Wissbrunn
207673,207673.pdf,wuestungslisten_kl_M-Z,205027,Wissen Hof
232383,232383.pdf,2060-10b_wissen hof,205027,Wissen Hof
207673,207673.pdf,wuestungslisten_kl_M-Z,205029,Wisthof
207673,207673.pdf,wuestungslisten_kl_M-Z,205031,Wisunwinchel
207673,207673.pdf,wuestungslisten_kl_M-Z,205033,Witinesperc
207673,207673.pdf,wuestungslisten_kl_M-Z,205035,Witinsdorf
232305,232305.pdf,2064-10b_witinsdorf,205035,Witinsdorf
207672,207672.pdf,wuestungslisten_kl_A-L,198234,Grafenwasen
198316,198316.jpg,Grafenwasen 3D reconstruction,198234,Grafenwasen
209004,209004.png,Grafenwasen 3D reco transparent_2,198234,Grafenwasen
208982,208982.png,Grafenwasen 3D reco transparent,198234,Grafenwasen
233707,233707.pdf,0546-10b_grafenwasen_geschwärzt,198234,Grafenwasen
212530,212530.webp,Grafenwasen01,198234,Grafenwasen
212529,212529.glb,Grafenwasen01,198234,Grafenwasen
198240,198240.jpg,Excavation Runder Berg Sketch 2,198234,Grafenwasen
198239,198239.jpg,Excavation Runder Berg Sketch 1,198234,Grafenwasen
198238,198238.png,Grafenwasen magnetics,198234,Grafenwasen
198237,198237.png,Grafenwasen radar,198234,Grafenwasen
207673,207673.pdf,wuestungslisten_kl_M-Z,205037,Witrichesdorf
232304,232304.pdf,2065-10b_witrichesdorf,205037,Witrichesdorf
207673,207673.pdf,wuestungslisten_kl_M-Z,205039,Witzmannesdorf
232302,232302.pdf,2066-10b_de witzmannesdorf,205039,Witzmannesdorf
207673,207673.pdf,wuestungslisten_kl_M-Z,205041,Wizeperin
232299,232299.pdf,2067-10b_wizeperin,205041,Wizeperin
207673,207673.pdf,wuestungslisten_kl_M-Z,205043,Wizilinisdorf
232289,232289.pdf,2068-10b_wizilinisdorf,205043,Wizilinisdorf
207673,207673.pdf,wuestungslisten_kl_M-Z,205045,Wizzokel
232274,232274.pdf,2069-10b_beneficium wizzokel circa montem semerincum,205045,Wizzokel
207673,207673.pdf,wuestungslisten_kl_M-Z,205047,Wolcking
232271,232271.pdf,2070-10b_wolcking,205047,Wolcking
207673,207673.pdf,wuestungslisten_kl_M-Z,205049,Wolfcozesdorf
232268,232268.pdf,2071-10b_wolfcozesdorf_geschwärzt,205049,Wolfcozesdorf
207673,207673.pdf,wuestungslisten_kl_M-Z,205051,Wolfcrimesdorf
232261,232261.pdf,2072-10b_wolfcrimendorf,205051,Wolfcrimesdorf
207673,207673.pdf,wuestungslisten_kl_M-Z,205053,Wolfesgruobe
232254,232254.pdf,2073-10b_wolfesgruobe,205053,Wolfesgruobe
198239,198239.jpg,Excavation Runder Berg Sketch 1,198279,Runder Berg (motte)
198240,198240.jpg,Excavation Runder Berg Sketch 2,198279,Runder Berg (motte)
198595,198595.png,0582-20b_grund_skz_01,198593,Grund*
223738,223738.glb,0582-20b_Grund,198593,Grund*
233821,233821.pdf,0582-20b_grund_geschwärzt,198593,Grund*
224579,224579.glb,0902-21b_Lantschenhöfe,201561,Lantschenhöfe*
235399,235399.pdf,0902-21b_lantschenhoefe hof,201561,Lantschenhöfe*
235399,235399.pdf,0902-21b_lantschenhoefe hof,201561,Lantschenhöfe*
210674,210674.png,0902-21b_lantschenhoefe_hof_skz_01,201561,Lantschenhöfe*
209938,209938.png,0731-20b_Heugen_skz_02,198679,Aldersdorferhof*
209938,209938.png,0731-20b_Heugen_skz_02,198679,Aldersdorferhof*
198681,198681.png,0037-20_aldersdorferhof_EZ,198679,Aldersdorferhof*
238199,238199.glb,0037-20b_aldersdorferhof,198679,Aldersdorferhof*
223809,223809.pdf,0037-20b_aldersdorfer hof_skz_02,198679,Aldersdorferhof*
223808,223808.pdf,0037-20b_aldersdorfer hof_skz_01,198679,Aldersdorferhof*
213173,213173.png,0037-20b_aldersdorferhof,198679,Aldersdorferhof*
212930,212930.pdf,0037-20b_aldersdorfer hof_geschwärzt,198679,Aldersdorferhof*
207672,207672.pdf,wuestungslisten_kl_A-L,198699,Abendorf
202195,202195.pdf,0001-10b_abendorf,198699,Abendorf
215461,215461.pdf,Bors_Wüstungen in Niederösterreich,198699,Abendorf
207672,207672.pdf,wuestungslisten_kl_A-L,198701,Abschlag*
205313,205313.pdf,0002-10b_abschlag,198701,Abschlag*
215461,215461.pdf,Bors_Wüstungen in Niederösterreich,198701,Abschlag*
207672,207672.pdf,wuestungslisten_kl_A-L,198703,Absdorf-Nieder
223452,223452.pdf,0003-10b_absdorf nieder,198703,Absdorf-Nieder
215461,215461.pdf,Bors_Wüstungen in Niederösterreich,198703,Absdorf-Nieder
207672,207672.pdf,wuestungslisten_kl_A-L,198707,Absdorf-Ober
223454,223454.pdf,0004-10b_absdorf ober,198707,Absdorf-Ober
215461,215461.pdf,Bors_Wüstungen in Niederösterreich,198707,Absdorf-Ober
207672,207672.pdf,wuestungslisten_kl_A-L,198709,Abtsdorf/Langental
221035,221035.pdf,0005-10b_abtsdorf im langen tal,198709,Abtsdorf/Langental
215461,215461.pdf,Bors_Wüstungen in Niederösterreich,198709,Abtsdorf/Langental
207672,207672.pdf,wuestungslisten_kl_A-L,198711,Adelmannesbrunn
221036,221036.pdf,0006-10b_adelmannesbrunn,198711,Adelmannesbrunn
215461,215461.pdf,Bors_Wüstungen in Niederösterreich,198711,Adelmannesbrunn
207672,207672.pdf,wuestungslisten_kl_A-L,198714,Adelmannsperg
202194,202194.pdf,0007-10b_adelmansperg,198714,Adelmannsperg
215461,215461.pdf,Bors_Wüstungen in Niederösterreich,198714,Adelmannsperg
207672,207672.pdf,wuestungslisten_kl_A-L,198716,Adilhartisperge
223455,223455.pdf,0007-20b_adilhartisperge,198716,Adilhartisperge
215461,215461.pdf,Bors_Wüstungen in Niederösterreich,198716,Adilhartisperge
207672,207672.pdf,wuestungslisten_kl_A-L,198720,Aebeching an der Ried
202193,202193.pdf,0008-10b_aebeching an der ried,198720,Aebeching an der Ried
215461,215461.pdf,Bors_Wüstungen in Niederösterreich,198720,Aebeching an der Ried
207672,207672.pdf,wuestungslisten_kl_A-L,198724,"Aegeri, Hof zu"
202192,202192.pdf,0009-10b_aegeri hof zu,198724,"Aegeri, Hof zu"
215461,215461.pdf,Bors_Wüstungen in Niederösterreich,198724,"Aegeri, Hof zu"
207672,207672.pdf,wuestungslisten_kl_A-L,198728,Aeistal
202191,202191.pdf,0010-10b_aeistal,198728,Aeistal
215461,215461.pdf,Bors_Wüstungen in Niederösterreich,198728,Aeistal
207672,207672.pdf,wuestungslisten_kl_A-L,198732,Aerczperg
205353,205353.pdf,0011-10b_aerczperg,198732,Aerczperg
215461,215461.pdf,Bors_Wüstungen in Niederösterreich,198732,Aerczperg
207672,207672.pdf,wuestungslisten_kl_A-L,198734,Aercztlein dacz
205355,205355.pdf,0012-10b_aercztlein,198734,Aercztlein dacz
215461,215461.pdf,Bors_Wüstungen in Niederösterreich,198734,Aercztlein dacz
207672,207672.pdf,wuestungslisten_kl_A-L,198736,Aerenperig
205357,205357.pdf,0013-10b_aerenperig,198736,Aerenperig
207672,207672.pdf,wuestungslisten_kl_A-L,198738,Aertzperig in
202190,202190.pdf,0014-10b_aertzperig,198738,Aertzperig in
215461,215461.pdf,Bors_Wüstungen in Niederösterreich,198738,Aertzperig in
207672,207672.pdf,wuestungslisten_kl_A-L,198740,Aglayaech Hof im
221366,221366.pdf,0015-10b_aglayaech,198740,Aglayaech Hof im
215461,215461.pdf,Bors_Wüstungen in Niederösterreich,198740,Aglayaech Hof im
207672,207672.pdf,wuestungslisten_kl_A-L,198744,Ahiris
203435,203435.pdf,0016-10b_ahiris,198744,Ahiris
215461,215461.pdf,Bors_Wüstungen in Niederösterreich,198744,Ahiris
207672,207672.pdf,wuestungslisten_kl_A-L,198749,Aichperg
205362,205362.pdf,0017-10b_aichperg,198749,Aichperg
215461,215461.pdf,Bors_Wüstungen in Niederösterreich,198749,Aichperg
207672,207672.pdf,wuestungslisten_kl_A-L,198751,Aichperge
205363,205363.pdf,0018-10b_aichperge,198751,Aichperge
215461,215461.pdf,Bors_Wüstungen in Niederösterreich,198751,Aichperge
207672,207672.pdf,wuestungslisten_kl_A-L,198753,Aichenbach
202198,202198.pdf,0019-10b_aichenbach,198753,Aichenbach
215461,215461.pdf,Bors_Wüstungen in Niederösterreich,198753,Aichenbach
207672,207672.pdf,wuestungslisten_kl_A-L,198757,Aichenstuden
206098,206098.pdf,"Margl, Wüstungen begangen von",198757,Aichenstuden
205341,205341.png,0020-10_aichenstuden_skz_01_300dpi,198757,Aichenstuden
223547,223547.pdf,0020-10b_aichenstuden_geschwärzt,198757,Aichenstuden
215463,215463.pdf,Aufstellung Leistungen der Außenmitarbeiter (Stand 19.4.1975),198757,Aichenstuden
227963,227963.pdf,19730526_Eminger_an_Eibner_geschwärzt,198757,Aichenstuden
232704,232704.pdf,19770202_Antl_an_Eminger_geschwärzt,198757,Aichenstuden
232703,232703.pdf,19850924_Eminger_an_AMA_geschwärzt,198757,Aichenstuden
226819,226819.pdf,19851204_Bors_an_Eminger_geschwärzt,198757,Aichenstuden
215461,215461.pdf,Bors_Wüstungen in Niederösterreich,198757,Aichenstuden
207672,207672.pdf,wuestungslisten_kl_A-L,198759,Aichperg
205448,205448.pdf,0021-10_aichperg,198759,Aichperg
215461,215461.pdf,Bors_Wüstungen in Niederösterreich,198759,Aichperg
207672,207672.pdf,wuestungslisten_kl_A-L,198761,Aigen ob Symoning
208248,208248.pdf,0022-10b_aigen ob symonig,198761,Aigen ob Symoning
215461,215461.pdf,Bors_Wüstungen in Niederösterreich,198761,Aigen ob Symoning
207672,207672.pdf,wuestungslisten_kl_A-L,198763,Aigen i.d. Pramb
208253,208253.pdf,0023-10b_aigen in der pramb_geschwärzt,198763,Aigen i.d. Pramb
215461,215461.pdf,Bors_Wüstungen in Niederösterreich,198763,Aigen i.d. Pramb
207672,207672.pdf,wuestungslisten_kl_A-L,198765,Aigen
208257,208257.pdf,0024-10b_aigen,198765,Aigen
215461,215461.pdf,Bors_Wüstungen in Niederösterreich,198765,Aigen
234427,234427.pdf,19750313_Eminger_an_AMA_boreistorph_geschwärzt,198765,Aigen
231240,231240.pdf,0024-10b_aigen,198767,Aigen
215461,215461.pdf,Bors_Wüstungen in Niederösterreich,198767,Aigen
207672,207672.pdf,wuestungslisten_kl_A-L,198769,Aigen
208811,208811.pdf,0025-10b_aigen,198769,Aigen
215461,215461.pdf,Bors_Wüstungen in Niederösterreich,198769,Aigen
207672,207672.pdf,wuestungslisten_kl_A-L,198771,Ainleflehen
223391,223391.png,0026-10b-ainleflehen_skz_01,198771,Ainleflehen
208845,208845.pdf,0026-10b_ainleflehen_geschwärzt,198771,Ainleflehen
223397,223397.glb,0026-10b-Ainleflehen,198771,Ainleflehen
215461,215461.pdf,Bors_Wüstungen in Niederösterreich,198771,Ainleflehen
207672,207672.pdf,wuestungslisten_kl_A-L,198773,Ainode
208849,208849.pdf,0027-10b_ainode,198773,Ainode
215461,215461.pdf,Bors_Wüstungen in Niederösterreich,198773,Ainode
207672,207672.pdf,wuestungslisten_kl_A-L,198775,Ainöde
226297,226297.pdf,0028-10b_ainoede_lit_02_neill,198775,Ainöde
226296,226296.pdf,HONB A83,198775,Ainöde
223418,223418.pdf,0028-10b_ainoede_geschwärzt,198775,Ainöde
215461,215461.pdf,Bors_Wüstungen in Niederösterreich,198775,Ainöde
207672,207672.pdf,wuestungslisten_kl_A-L,198777,Aiterbach
209173,209173.pdf,0029-10b_aiterbach,198777,Aiterbach
215461,215461.pdf,Bors_Wüstungen in Niederösterreich,198777,Aiterbach
207672,207672.pdf,wuestungslisten_kl_A-L,198779,Akheswald de
210056,210056.pdf,0030-10b_de akheswald,198779,Akheswald de
215461,215461.pdf,Bors_Wüstungen in Niederösterreich,198779,Akheswald de
207672,207672.pdf,wuestungslisten_kl_A-L,198781,Alantsperg
210061,210061.pdf,0031-10b_alantsperg,198781,Alantsperg
215461,215461.pdf,Bors_Wüstungen in Niederösterreich,198781,Alantsperg
207672,207672.pdf,wuestungslisten_kl_A-L,198783,Albern iuxta Neitzen
223618,223618.pdf,0032-10b_albern juxta neitzen,198783,Albern iuxta Neitzen
215461,215461.pdf,Bors_Wüstungen in Niederösterreich,198783,Albern iuxta Neitzen
207672,207672.pdf,wuestungslisten_kl_A-L,198785,Albern (Innern)
210068,210068.pdf,0033-10b_albern innern,198785,Albern (Innern)
215461,215461.pdf,Bors_Wüstungen in Niederösterreich,198785,Albern (Innern)
207672,207672.pdf,wuestungslisten_kl_A-L,198787,Albersdorf de
210072,210072.pdf,0034-10b_de albersdorf,198787,Albersdorf de
215461,215461.pdf,Bors_Wüstungen in Niederösterreich,198787,Albersdorf de
207672,207672.pdf,wuestungslisten_kl_A-L,198789,Albrechtendorf
205346,205346.png,0035-10b_albrechtendorf_skz_01_300dpi,198789,Albrechtendorf
210074,210074.pdf,0035-10b_albrechtendorf_geschwärzt,198789,Albrechtendorf
215461,215461.pdf,Bors_Wüstungen in Niederösterreich,198789,Albrechtendorf
207672,207672.pdf,wuestungslisten_kl_A-L,198791,Albrechts
205555,205555.png,0036-10b_Albrechts,198791,Albrechts
210076,210076.pdf,0036-10b_albrechts,198791,Albrechts
220671,220671.glb,0036-11_Albrechts,198791,Albrechts
215461,215461.pdf,Bors_Wüstungen in Niederösterreich,198791,Albrechts
207672,207672.pdf,wuestungslisten_kl_A-L,198797,Albriches
212929,212929.pdf,0037-10b_albriches,198797,Albriches
224579,224579.glb,0902-21b_Lantschenhöfe,201563,Lantschenhöfe Hof*
210674,210674.png,0902-21b_lantschenhoefe_hof_skz_01,201563,Lantschenhöfe Hof*
235399,235399.pdf,0902-21b_lantschenhoefe hof,201563,Lantschenhöfe Hof*
235399,235399.pdf,0902-21b_lantschenhoefe hof,201563,Lantschenhöfe Hof*
207672,207672.pdf,wuestungslisten_kl_A-L,201565,Lanzenberg
235414,235414.pdf,0903-10b_lanzenberg,201565,Lanzenberg
207672,207672.pdf,wuestungslisten_kl_A-L,201567,Lanzenperge
235413,235413.pdf,0904-10b_lanzenperg,201567,Lanzenperge
207672,207672.pdf,wuestungslisten_kl_A-L,198801,Alfritzen
205556,205556.png,0038-10b_alfritzen,198801,Alfritzen
220708,220708.glb,0038-10b_Alfritzen,198801,Alfritzen
212932,212932.pdf,0038-10b_alfritzen,198801,Alfritzen
207672,207672.pdf,wuestungslisten_kl_A-L,198803,Alhersdorf
212933,212933.pdf,0039-10b_alhersdorf_geschwärzt,198803,Alhersdorf
207672,207672.pdf,wuestungslisten_kl_A-L,198805,Aliub
212934,212934.pdf,0040-10b_aliub,198805,Aliub
207672,207672.pdf,wuestungslisten_kl_A-L,198828,Allach
212935,212935.pdf,0041-10b_allach_geschwärzt,198828,Allach
207672,207672.pdf,wuestungslisten_kl_A-L,198830,Allentshofen
212937,212937.pdf,0042-10b_allentshofen,198830,Allentshofen
207672,207672.pdf,wuestungslisten_kl_A-L,198832,Almetschlag
212938,212938.pdf,0043-10b_almetschlag,198832,Almetschlag
207672,207672.pdf,wuestungslisten_kl_A-L,198834,Almuesendorf
212969,212969.pdf,0044-10b_almuesendorf,198834,Almuesendorf
207672,207672.pdf,wuestungslisten_kl_A-L,198836,Alpa de
212970,212970.pdf,0045-10b_de alpa,198836,Alpa de
207672,207672.pdf,wuestungslisten_kl_A-L,198838,Alrams
212971,212971.pdf,0046-10b_alrams,198838,Alrams
207672,207672.pdf,wuestungslisten_kl_A-L,198840,Alrams
212972,212972.pdf,0047-10b_alrams,198840,Alrams
207672,207672.pdf,wuestungslisten_kl_A-L,198842,Alrams
212973,212973.pdf,0048-10b_alrams,198842,Alrams
207672,207672.pdf,wuestungslisten_kl_A-L,198844,Alramsdorf de
212974,212974.pdf,0049-10b_de alramsdorf,198844,Alramsdorf de
207672,207672.pdf,wuestungslisten_kl_A-L,198846,Alsaerstrazze vicus
227932,227932.pdf,0050-10b_vicus alssaerstrazze,198846,Alsaerstrazze vicus
207672,207672.pdf,wuestungslisten_kl_A-L,198848,Alta
234480,234480.pdf,19730918_Eibner_an_Mück_geschwärzt,198848,Alta
227939,227939.pdf,0051-10b_de alta_skz_02_geschwärzt,198848,Alta
227936,227936.pdf,0051-10b_de alta_skz_01,198848,Alta
227933,227933.pdf,0051-10b_de alta_geschwärzt,198848,Alta
212796,212796.pdf,Mück_begangene Wüstungen_geschwärzt,198848,Alta
215463,215463.pdf,Aufstellung Leistungen der Außenmitarbeiter (Stand 19.4.1975),198848,Alta
212803,212803.pdf,AMA_an_Mück,198848,Alta
207672,207672.pdf,wuestungslisten_kl_A-L,201569,Lanzingrabin
235415,235415.pdf,0905-10b_lanzingrabin,201569,Lanzingrabin
207672,207672.pdf,wuestungslisten_kl_A-L,201571,Lasingk
235416,235416.pdf,0906-10b_lasingk,201571,Lasingk
207672,207672.pdf,wuestungslisten_kl_A-L,201573,Laubekke
235417,235417.pdf,0907-10b_laubekke,201573,Laubekke
207672,207672.pdf,wuestungslisten_kl_A-L,201575,Lauffenberg
235418,235418.pdf,0908-10b_lauffenberg,201575,Lauffenberg
206032,206032.png,0051-20b_Altenberg,198850,Altenberg*
227958,227958.pdf,0051-20b_altenberg,198850,Altenberg*
220674,220674.glb,0051-20b_Altenberg,198850,Altenberg*
207672,207672.pdf,wuestungslisten_kl_A-L,198852,Altendorf
228109,228109.pdf,0052-10b_altendorf,198852,Altendorf
207672,207672.pdf,wuestungslisten_kl_A-L,198854,Altendorf
228110,228110.pdf,0053-10b_altendorf,198854,Altendorf
207672,207672.pdf,wuestungslisten_kl_A-L,198856,Altenhoven
228111,228111.pdf,0054-10b_altenhoven,198856,Altenhoven
207672,207672.pdf,wuestungslisten_kl_A-L,198858,Altenmargkt
228121,228121.pdf,0055-10b_altenmargkt,198858,Altenmargkt
207672,207672.pdf,wuestungslisten_kl_A-L,198860,Altenmarkt
228130,228130.pdf,0056-10b_altenmarkt,198860,Altenmarkt
207672,207672.pdf,wuestungslisten_kl_A-L,198862,Altenmarkt
228129,228129.pdf,0057-10b_altenmarkt,198862,Altenmarkt
207672,207672.pdf,wuestungslisten_kl_A-L,198864,Altenmarkt
228132,228132.pdf,0058-10b_altenmarkt,198864,Altenmarkt
207672,207672.pdf,wuestungslisten_kl_A-L,198866,Altenmarkt
228139,228139.pdf,0059-10b_altenmarkt,198866,Altenmarkt
207672,207672.pdf,wuestungslisten_kl_A-L,198868,Altenmarkt
207672,207672.pdf,wuestungslisten_kl_A-L,198870,Altenmayss
228144,228144.pdf,0061-10b_altenmayss,198870,Altenmayss
207672,207672.pdf,wuestungslisten_kl_A-L,198872,Altenreut
207672,207672.pdf,wuestungslisten_kl_A-L,198874,Altenschlag
228150,228150.pdf,0063-10b_altenschlag,198874,Altenschlag
207672,207672.pdf,wuestungslisten_kl_A-L,198876,Alterslach
228152,228152.pdf,0064-10b_alterslach alterslag,198876,Alterslach
206033,206033.png,0064-20b_Alterstein,198878,Alterstein*
228154,228154.pdf,0064-20b_alterstein,198878,Alterstein*
220716,220716.glb,0064-20b_Alterstein,198878,Alterstein*
206034,206034.png,0064_30b_Alterhof,198880,Alter Hof*
228155,228155.pdf,0064-30b_alter hof,198880,Alter Hof*
220711,220711.glb,0064_30b_Alterhof,198880,Alter Hof*
207672,207672.pdf,wuestungslisten_kl_A-L,198882,Altfrids
228157,228157.pdf,0065-10b_altfrids,198882,Altfrids
207672,207672.pdf,wuestungslisten_kl_A-L,198884,Altinhouen
228160,228160.pdf,0066-10b_altinhouen,198884,Altinhouen
207672,207672.pdf,wuestungslisten_kl_A-L,198893,Altinpurch
228161,228161.pdf,0067-10b_altinpurch,198893,Altinpurch
207672,207672.pdf,wuestungslisten_kl_A-L,198895,Alt Tuenaw
228173,228173.pdf,0068-10b_alttuenaw apud antiquum danubium,198895,Alt Tuenaw
207672,207672.pdf,wuestungslisten_kl_A-L,198897,Ameisleiten
228174,228174.pdf,0069-10b_ameisleiten_geschwärzt,198897,Ameisleiten
207672,207672.pdf,wuestungslisten_kl_A-L,198899,Amichsen
228184,228184.pdf,0070-10b_amixen,198899,Amichsen
210948,210948.png,0998-10b_Maussen_Amixen,198899,Amichsen
207672,207672.pdf,wuestungslisten_kl_A-L,198903,Andinberch
221375,221375.pdf,0071-10b_andinberch,198903,Andinberch
207672,207672.pdf,wuestungslisten_kl_A-L,198905,Anger b. Gravendorf
228395,228395.pdf,0072-10b_anger bei gravendorf,198905,Anger b. Gravendorf
207672,207672.pdf,wuestungslisten_kl_A-L,198907,Anindorf
221379,221379.pdf,0073-10b_anindorf,198907,Anindorf
231242,231242.pdf,0067-20b_alt pernegg,198909,Alt Pernegg*
207694,207694.png,0067-20b_Alt_Pernegg_skz_01,198909,Alt Pernegg*
207691,207691.jpg,0067-20b_Alt_Pernegg_skz_01,198909,Alt Pernegg*
220672,220672.glb,0067-20b_Alt_Pernegg,198909,Alt Pernegg*
207685,207685.png,0072-20b_Angerling_skz_01,198911,Angerling
231245,231245.pdf,0072-20b_angerling,198911,Angerling
207684,207684.jpg,0072-20b_Angerling_skz_01,198911,Angerling
220554,220554.glb,0072-20b_Angerling,198911,Angerling
207604,207604.pdf,19720324_AMA_an_MusMannersdorf,198913,St. Anna
206035,206035.png,0073-30b_Ansiedl_Egelsee,198915,Ansiedel*
206035,206035.png,0073-30b_Ansiedl_Egelsee,198915,Ansiedel*
228396,228396.pdf,0073-30b_ansiedl,198915,Ansiedel*
220723,220723.glb,0073-30b_Ansiedl_Egelsee,198915,Ansiedel*
207672,207672.pdf,wuestungslisten_kl_A-L,198917,Anzenperg
228491,228491.pdf,0074-10b_anzenperg,198917,Anzenperg
209938,209938.png,0731-20b_Heugen_skz_02,198919,Anzgraben*
209938,209938.png,0731-20b_Heugen_skz_02,198919,Anzgraben*
207668,207668.pdf,wuestungsarchiv_konzeption_organisatio_arbeitsplanung,198919,Anzgraben*
206036,206036.png,0074-20b_Anzgraben,198919,Anzgraben*
228530,228530.pdf,0074-20b_anzgraben_geschwärzt,198919,Anzgraben*
220730,220730.glb,0074-20b_Anzgraben,198919,Anzgraben*
215465,215465.pdf,Wüstungsarchiv des Archivs für Mittelalterarchäologie,198919,Anzgraben*
207672,207672.pdf,wuestungslisten_kl_A-L,198921,Anzing
228522,228522.pdf,0075-10b_anzing,198921,Anzing
207672,207672.pdf,wuestungslisten_kl_A-L,198923,Arensperch de
228529,228529.pdf,0076-10b_de arensperch,198923,Arensperch de
207672,207672.pdf,wuestungslisten_kl_A-L,198925,Arewinsdorf
217126,217126.pdf,0077-10b_arewinsdorf,198925,Arewinsdorf
207672,207672.pdf,wuestungslisten_kl_A-L,198927,Arichstetei
217127,217127.pdf,0078-10b_arichsteti,198927,Arichstetei
207672,207672.pdf,wuestungslisten_kl_A-L,198929,Armschlag
217129,217129.pdf,0079-10b_armschlag,198929,Armschlag
207672,207672.pdf,wuestungslisten_kl_A-L,198931,Arnleitten
217130,217130.pdf,0080-10b_arnleitten,198931,Arnleitten
207672,207672.pdf,wuestungslisten_kl_A-L,198933,Arnolczdorf
217138,217138.pdf,0081-10b_arnolczdorf,198933,Arnolczdorf
207672,207672.pdf,wuestungslisten_kl_A-L,198935,Arnoldesdorph
217139,217139.pdf,0082-10b_arnoldestorph,198935,Arnoldesdorph
207672,207672.pdf,wuestungslisten_kl_A-L,198937,Arnolts
217143,217143.pdf,0083-10b_arnolts_geschwärzt,198937,Arnolts
207672,207672.pdf,wuestungslisten_kl_A-L,198939,Arnolts
217144,217144.pdf,0084-10b_arnolts,198939,Arnolts
207672,207672.pdf,wuestungslisten_kl_A-L,198941,Arnsteine de
228997,228997.pdf,0085-10b_de arnsteine_squ_01,198941,Arnsteine de
228996,228996.pdf,0085-10b_de arnsteine_abl_ms_01,198941,Arnsteine de
220880,220880.glb,0085-10b_Arnstein,198941,Arnsteine de
217149,217149.pdf,0085-10b_de arnsteine_geschwärzt,198941,Arnsteine de
220871,220871.png,0085-10b_Arnstein,198941,Arnsteine de
207672,207672.pdf,wuestungslisten_kl_A-L,198943,Arnstetten
229016,229016.pdf,0086-10b_arnstetten_hon_01,198943,Arnstetten
229015,229015.pdf,0086-10b_arnstetten_squ_01,198943,Arnstetten
217150,217150.pdf,0086-10b_arnstetten,198943,Arnstetten
207672,207672.pdf,wuestungslisten_kl_A-L,198945,Artmannsdorf
217151,217151.pdf,0087-10b_artmannsdorf,198945,Artmannsdorf
206037,206037.png,0087-20b_Aschbach_Südwest,198947,Aschbach SW
220917,220917.glb,0087-20b_Aschbach_Südwest,198947,Aschbach SW
217152,217152.pdf,0087-20b_aschbach sw,198947,Aschbach SW
207672,207672.pdf,wuestungslisten_kl_A-L,198949,Ascherichsdorf
229025,229025.pdf,0088-10b_ascherichsdorf_fot,198949,Ascherichsdorf
229024,229024.pdf,0088-10b_ascherichsdorf_kap_01,198949,Ascherichsdorf
229023,229023.pdf,0088-10b_ascherichsdorf_squ_01,198949,Ascherichsdorf
217153,217153.pdf,0088-10b_ascherichsdorf,198949,Ascherichsdorf
215026,215026.pdf,19750613-14_Protokoll Exkursion,198949,Ascherichsdorf
207672,207672.pdf,wuestungslisten_kl_A-L,198951,Aschlach
217154,217154.pdf,0089-10b_aschlach,198951,Aschlach
207672,207672.pdf,wuestungslisten_kl_A-L,198953,Asheim de
217155,217155.pdf,0090-10b_de asheim,198953,Asheim de
207672,207672.pdf,wuestungslisten_kl_A-L,198955,Aspech
206341,206341.png,0091-10b_Aspech,198955,Aspech
206098,206098.pdf,"Margl, Wüstungen begangen von",198955,Aspech
229048,229048.pdf,0091-10b_aspech_geschwärzt,198955,Aspech
207672,207672.pdf,wuestungslisten_kl_A-L,198957,Aspindorf
229063,229063.pdf,0092-10b_aspindorf,198957,Aspindorf
207672,207672.pdf,wuestungslisten_kl_A-L,198959,Atekcharstorff
229191,229191.pdf,0093-10b_atekcharstorff,198959,Atekcharstorff
207672,207672.pdf,wuestungslisten_kl_A-L,198961,Attingen
221388,221388.pdf,0094-10b_de attingen,198961,Attingen
207672,207672.pdf,wuestungslisten_kl_A-L,198963,Atzlinstorf
229195,229195.pdf,0095-10b_atzlinstorf,198963,Atzlinstorf
209938,209938.png,0731-20b_Heugen_skz_02,198965,Atzelsdorf
209938,209938.png,0731-20b_Heugen_skz_02,198965,Atzelsdorf
206038,206038.png,0095-21b_Atzelsdorf,198965,Atzelsdorf
229196,229196.pdf,0095-21b_atzlstorff_geschwärzt,198965,Atzelsdorf
220737,220737.glb,0095-21b_Atzelsdorf,198965,Atzelsdorf
209938,209938.png,0731-20b_Heugen_skz_02,198967,Atzelsdorf Schloß
206039,206039.png,0095-22b_Atzelsdorf_Schloß,198967,Atzelsdorf Schloß
229197,229197.pdf,0095-22b_atzlstorff schloss_geschwärzt,198967,Atzelsdorf Schloß
220738,220738.glb,0095-22b_Atzelsdorf_Schloß,198967,Atzelsdorf Schloß
209938,209938.png,0731-20b_Heugen_skz_02,198967,Atzelsdorf Schloß
207672,207672.pdf,wuestungslisten_kl_A-L,198969,Au
229199,229199.pdf,0096-10b_au,198969,Au
229201,229201.pdf,0096-20b_au,198971,Au
207672,207672.pdf,wuestungslisten_kl_A-L,198973,Auchenperge
229358,229358.pdf,0097-10b_auchenperge,198973,Auchenperge
207672,207672.pdf,wuestungslisten_kl_A-L,198975,Audörfl bei Orth
206085,206085.png,0098-10b_audoerfl bei orth_skz_01,198975,Audörfl bei Orth
229860,229860.pdf,0098-10b_audoerfl bei orth_geschwärzt,198975,Audörfl bei Orth
207672,207672.pdf,wuestungslisten_kl_A-L,198977,Aueram
221392,221392.pdf,0099-10b_de aueram,198977,Aueram
206086,206086.png,0099-20b_Auerbach,198979,Auerbach*
229359,229359.pdf,0099-20b_auerbach,198979,Auerbach*
220673,220673.glb,0099-20b_Auerbach,198979,Auerbach*
207672,207672.pdf,wuestungslisten_kl_A-L,198981,Auerhiltepurchstal
207678,207678.png,0100-30b_Aufeld_skz_01,198983,Aufeld
229863,229863.pdf,0100-30b_aufeld,198983,Aufeld
220936,220936.glb,0100-30b_Aufeld,198983,Aufeld
207672,207672.pdf,wuestungslisten_kl_A-L,198985,Baumgarten von
230363,230363.pdf,0123-10b_von baumgarten,198985,Baumgarten von
207672,207672.pdf,wuestungslisten_kl_A-L,198987,Breitenrohr
222095,222095.pdf,0145-10b_breitenrohr,198987,Breitenrohr
206087,206087.png,0100-20b_Aufeld,198989,Aufeld*
229862,229862.pdf,0100-20b_aufeld_geschwärzt,198989,Aufeld*
220563,220563.glb,0100-20b_Aufeld,198989,Aufeld*
207672,207672.pdf,wuestungslisten_kl_A-L,198991,Aufenstein
229952,229952.pdf,0101-10b_aufenstein,198991,Aufenstein
207672,207672.pdf,wuestungslisten_kl_A-L,198993,Auffenstein
229956,229956.pdf,0102-10b_auffenstein_geschwärzt,198993,Auffenstein
207672,207672.pdf,wuestungslisten_kl_A-L,198995,Auffental
229961,229961.pdf,0103-10b_auffental,198995,Auffental
207672,207672.pdf,wuestungslisten_kl_A-L,198997,Aufperg
229963,229963.pdf,0104-10b_aufperg,198997,Aufperg
207672,207672.pdf,wuestungslisten_kl_A-L,198999,Augea apud Pielach
229965,229965.pdf,0105-10b_augea apud pielach,198999,Augea apud Pielach
207672,207672.pdf,wuestungslisten_kl_A-L,199001,Augia
230043,230043.pdf,0106-10b_augia,199001,Augia
206088,206088.png,0106-20b_Alt Autendorf,199003,Autendorf-Alt
220687,220687.glb,0106-20b_Alt Autendorf,199003,Autendorf-Alt
230045,230045.pdf,0106-20b_alt-autendorf,199003,Autendorf-Alt
207672,207672.pdf,wuestungslisten_kl_A-L,199005,Averhilteburchstal
230046,230046.pdf,0107-10b_averhiltebvrchstal,199005,Averhilteburchstal
207672,207672.pdf,wuestungslisten_kl_A-L,199007,"Awe, Hof i.d."
230051,230051.pdf,0108-10b_hof in der awe,199007,"Awe, Hof i.d."
207672,207672.pdf,wuestungslisten_kl_A-L,199009,Awe de Hauiwa
230067,230067.pdf,0109-10b_awe,199009,Awe de Hauiwa
207672,207672.pdf,wuestungslisten_kl_A-L,199011,Awe
230070,230070.pdf,0110-10b_awe,199011,Awe
207672,207672.pdf,wuestungslisten_kl_A-L,199013,Aycharns
230179,230179.pdf,0111-10b_aycharns,199013,Aycharns
207672,207672.pdf,wuestungslisten_kl_A-L,199015,Aychawe
230184,230184.pdf,0112-10b_aychawe,199015,Aychawe
207672,207672.pdf,wuestungslisten_kl_A-L,199017,Aychhof
230193,230193.pdf,0113-10b_aychhof,199017,Aychhof
207672,207672.pdf,wuestungslisten_kl_A-L,199019,Ayczendorf
230195,230195.pdf,0114-10b_ayczendorf,199019,Ayczendorf
207672,207672.pdf,wuestungslisten_kl_A-L,199021,Aigen
206089,206089.png,0115-10b_aigen_skz_02,199021,Aigen
206091,206091.jpg,0115-10b_Aigen_FK,199021,Aigen
230198,230198.pdf,0115-10b_aygen_man_01,199021,Aigen
230196,230196.pdf,0115-10b_aygen_skz_01,199021,Aigen
230197,230197.pdf,0115-10b_aygen_geschwärzt,199021,Aigen
220530,220530.glb,0115-10b Aigen,199021,Aigen
207672,207672.pdf,wuestungslisten_kl_A-L,199023,Aylandstorf
207668,207668.pdf,wuestungsarchiv_konzeption_organisatio_arbeitsplanung,199023,Aylandstorf
230201,230201.pdf,0116-10b_aylandstorf,199023,Aylandstorf
215465,215465.pdf,Wüstungsarchiv des Archivs für Mittelalterarchäologie,199023,Aylandstorf
207672,207672.pdf,wuestungslisten_kl_A-L,199025,Azilinsdorf
230207,230207.pdf,0117-10b_azilinsdorf,199025,Azilinsdorf
207672,207672.pdf,wuestungslisten_kl_A-L,199027,Azmanswiesen
230214,230214.pdf,0118-10b_azmanswisen,199027,Azmanswiesen
207672,207672.pdf,wuestungslisten_kl_A-L,199029,Azonis apud
230216,230216.pdf,0119-10b_predium azonis apud ranvoltispach,199029,Azonis apud
207672,207672.pdf,wuestungslisten_kl_A-L,199031,Bachlingin
222036,222036.pdf,0120-10b_bachlingin,199031,Bachlingin
207672,207672.pdf,wuestungslisten_kl_A-L,199033,Baien de
222039,222039.pdf,0121-10b_de baien,199033,Baien de
207672,207672.pdf,wuestungslisten_kl_A-L,199035,Barperch b. Waidhofen/Thaya
230217,230217.pdf,0122-10b_barperch,199035,Barperch b. Waidhofen/Thaya
207672,207672.pdf,wuestungslisten_kl_A-L,201402,Jässwein
234973,234973.pdf,0842-10b_jaesswein,201402,Jässwein
210359,210359.png,0842-10b_jaesswein_skz_01,201402,Jässwein
210350,210350.png,0842-10b_jaesswein_skz_02,201402,Jässwein
207672,207672.pdf,wuestungslisten_kl_A-L,201404,Jaurnik
234974,234974.pdf,0843-10b_jaurnik in waidhofer gericht,201404,Jaurnik
206342,206342.png,0123-20b_Berg,199039,Berg
230369,230369.pdf,0123-20b_berg_geschwärzt,199039,Berg
220564,220564.glb,0123-20b_Berg,199039,Berg
206343,206343.png,0123-30b_Bergfeld,199043,Bergfeld*
230374,230374.pdf,0123-30b_bergfeld,199043,Bergfeld*
220747,220747.glb,0123-30b_Bergfeld,199043,Bergfeld*
206344,206344.png,0123-40b_Baumgartschlössl,199046,Baumgartschlössl
230491,230491.pdf,0123-40b_baumgartschloessl_skz_01,199046,Baumgartschlössl
220846,220846.glb,0123-40b_Baumgartschlössl,199046,Baumgartschlössl
234343,234343.pdf,Überblick Langes Tal,199046,Baumgartschlössl
206345,206345.png,0123-50b_bergfeld_skz_01,199048,Bergfeld*
230497,230497.pdf,0123-50b_bergfeld,199048,Bergfeld*
230496,230496.pdf,0123-50b_bergfeld_skz_02,199048,Bergfeld*
220941,220941.glb,0123-50b_Bergfeld,199048,Bergfeld*
207672,207672.pdf,wuestungslisten_kl_A-L,199050,Bernhardts
230502,230502.pdf,0124-10b_bernhardts,199050,Bernhardts
207672,207672.pdf,wuestungslisten_kl_A-L,199054,Bernhartstal
230509,230509.pdf,0125-10b_bernhartstal,199054,Bernhartstal
207672,207672.pdf,wuestungslisten_kl_A-L,199057,Bernriute
230517,230517.pdf,0126-10b_bernriute,199057,Bernriute
207672,207672.pdf,wuestungslisten_kl_A-L,199059,Beschinsdorf
230521,230521.pdf,0127-10b_beschinsdorf,199059,Beschinsdorf
207672,207672.pdf,wuestungslisten_kl_A-L,199062,Bevrbach
230525,230525.pdf,0128-10b_bevrbach,199062,Bevrbach
207672,207672.pdf,wuestungslisten_kl_A-L,199064,Biderbesel an dem
230526,230526.pdf,0129-10b_an dem bilderbesel,199064,Biderbesel an dem
207672,207672.pdf,wuestungslisten_kl_A-L,199066,Birbomen
230568,230568.pdf,0130-10b_birbomen,199066,Birbomen
207672,207672.pdf,wuestungslisten_kl_A-L,199068,Birchaa
230582,230582.pdf,0131-10b_birchaa,199068,Birchaa
207672,207672.pdf,wuestungslisten_kl_A-L,199070,Bischolfsdorf
206348,206348.png,0132-10b_bischolfsdorf_west_skz_03,199070,Bischolfsdorf
206347,206347.png,0132-10b_bischolfsdorf_ost_skz_04,199070,Bischolfsdorf
206346,206346.png,0132-10b_bischolfsdorf_skz_01,199070,Bischolfsdorf
230584,230584.pdf,0132-10b_bischolfsdorf,199070,Bischolfsdorf
230583,230583.pdf,0132-10b_bischolfsdorf_skz_02,199070,Bischolfsdorf
220950,220950.glb,0132-10b_Bischolfsdorf,199070,Bischolfsdorf
207672,207672.pdf,wuestungslisten_kl_A-L,199072,Biuga
230605,230605.pdf,0133-10b_biuga,199072,Biuga
207672,207672.pdf,wuestungslisten_kl_A-L,199074,Bladiatorf
230603,230603.pdf,0134-10b_bladiatorf,199074,Bladiatorf
237588,237588.pdf,0134-20b_blamerhof,199076,Blamer
220959,220959.glb,0134-20b_Blamer,199076,Blamer
206349,206349.png,0134-20b_Blamer,199076,Blamer
207672,207672.pdf,wuestungslisten_kl_A-L,201407,"Jechowa, de"
234975,234975.pdf,0844-10b_de jechowe,201407,"Jechowa, de"
207672,207672.pdf,wuestungslisten_kl_A-L,201409,Jeus
234977,234977.pdf,0845-10b_jeus,201409,Jeus
207672,207672.pdf,wuestungslisten_kl_A-L,201411,"Johann, St."
234976,234976.pdf,0846-10b_st johann,201411,"Johann, St."
207672,207672.pdf,wuestungslisten_kl_A-L,201413,"Johans, St."
234979,234979.pdf,0847-10b_st johans,201413,"Johans, St."
207672,207672.pdf,wuestungslisten_kl_A-L,201415,Jöstleins
234978,234978.pdf,0848-10b_joestleins,201415,Jöstleins
207672,207672.pdf,wuestungslisten_kl_A-L,201417,Juchsen
234980,234980.pdf,0849-10b_de juchsen,201417,Juchsen
207672,207672.pdf,wuestungslisten_kl_A-L,201419,Judenfuerth
234981,234981.pdf,0850-10b_judenfuerth,201419,Judenfuerth
207672,207672.pdf,wuestungslisten_kl_A-L,199078,Bobendorf
206350,206350.png,0135-10b_Bobendorf_skz_01,199078,Bobendorf
220960,220960.glb,0135-10b_Bobendorf,199078,Bobendorf
230643,230643.pdf,0135-10b_bobendorf_geschwärzt,199078,Bobendorf
207672,207672.pdf,wuestungslisten_kl_A-L,199080,Bobsonna
206031,206031.png,0136-20b_Bockstall_skz_01,199082,Bockstall*
230821,230821.pdf,0136-20b_bockstall_geschwärzt,199082,Bockstall*
220961,220961.glb,0136-20b_Bockstall,199082,Bockstall*
207672,207672.pdf,wuestungslisten_kl_A-L,199084,Bogenhof
230822,230822.pdf,0137-10b_bogenhof,199084,Bogenhof
207672,207672.pdf,wuestungslisten_kl_A-L,199086,Bolkendorf
230825,230825.pdf,0138-10b_bolkendorf,199086,Bolkendorf
207672,207672.pdf,wuestungslisten_kl_A-L,199088,Boreisdorph
206376,206376.pdf,19770207_Eminger_an_Antl,199088,Boreisdorph
206363,206363.png,0139-10b_Boreistorph_skz,199088,Boreisdorph
206084,206084.pdf,"Eminger, Wüstungen begangen von",199088,Boreisdorph
202301,202301.pdf,0139-10b_boreistorph_abl_01_geschwärzt,199088,Boreisdorph
234427,234427.pdf,19750313_Eminger_an_AMA_boreistorph_geschwärzt,199088,Boreisdorph
232702,232702.pdf,Notitzen EEminger 1,199088,Boreisdorph
226819,226819.pdf,19851204_Bors_an_Eminger_geschwärzt,199088,Boreisdorph
232705,232705.pdf,19730604_Eibner_an_Eminger_geschwärzt,199088,Boreisdorph
232704,232704.pdf,19770202_Antl_an_Eminger_geschwärzt,199088,Boreisdorph
232703,232703.pdf,19850924_Eminger_an_AMA_geschwärzt,199088,Boreisdorph
219619,219619.pdf,19760327_Einladung zu Exkursion,199088,Boreisdorph
219617,219617.pdf,19760327_Planung Exkursion,199088,Boreisdorph
219616,219616.pdf,19760327_Protokoll Exkursion,199088,Boreisdorph
215463,215463.pdf,Aufstellung Leistungen der Außenmitarbeiter (Stand 19.4.1975),199088,Boreisdorph
206367,206367.png,0139-20b_Borenland,199090,Borenland
230826,230826.pdf,0139-20b_borenland_geschwärzt,199090,Borenland
220968,220968.glb,0139-20b_Borenland,199090,Borenland
230826,230826.pdf,0139-20b_borenland_geschwärzt,199090,Borenland
234343,234343.pdf,Überblick Langes Tal,199090,Borenland
207672,207672.pdf,wuestungslisten_kl_A-L,199092,Bornays
230839,230839.pdf,0140-10b_bornays,199092,Bornays
207672,207672.pdf,wuestungslisten_kl_A-L,199094,Braitenwisen
222067,222067.pdf,0141-10b_braitwisen,199094,Braitenwisen
207672,207672.pdf,wuestungslisten_kl_A-L,199096,Brandenberch
222072,222072.pdf,0142-10b_brandenberch,199096,Brandenberch
207672,207672.pdf,wuestungslisten_kl_A-L,199098,Branneberch
206373,206373.png,0143-10b_Branneberch,199098,Branneberch
222074,222074.pdf,0143-10b_branneberch,199098,Branneberch
220979,220979.glb,0143-10b_Branneberch,199098,Branneberch
207672,207672.pdf,wuestungslisten_kl_A-L,199100,Braunsdorf*
222086,222086.pdf,0144-10b_braunsdorf,199100,Braunsdorf*
207672,207672.pdf,wuestungslisten_kl_A-L,199102,Breitenvisen de
231177,231177.pdf,0146-10_breitenvisen,199102,Breitenvisen de
207672,207672.pdf,wuestungslisten_kl_A-L,199104,Bribesendorf
231179,231179.pdf,0147-10b_predium bribesendorf,199104,Bribesendorf
207672,207672.pdf,wuestungslisten_kl_A-L,199106,Brielsbach
231180,231180.pdf,0148-10b_brielsbach,199106,Brielsbach
207672,207672.pdf,wuestungslisten_kl_A-L,199108,Brozzete
207673,207673.pdf,wuestungslisten_kl_M-Z,199108,Brozzete
231181,231181.pdf,0149-10b_de brozzete,199108,Brozzete
206375,206375.png,0149-20b_Bruck_Ruchendorf_skz_01,199110,Bruck
231186,231186.pdf,0149-20b_bruck_geschwärzt,199110,Bruck
220980,220980.glb,0149-20b_Bruck_Ruchendorf,199110,Bruck
234343,234343.pdf,Überblick Langes Tal,199110,Bruck
207672,207672.pdf,wuestungslisten_kl_A-L,199112,Brungeresruthe
231191,231191.pdf,0150-10b_brungersruthe,199112,Brungeresruthe
207672,207672.pdf,wuestungslisten_kl_A-L,199114,Brunings
231202,231202.pdf,0151-10b_brunings,199114,Brunings
207672,207672.pdf,wuestungslisten_kl_A-L,199139,Brunnaron
231206,231206.pdf,0152-10b_brunnaron,199139,Brunnaron
206396,206396.png,0152-20b_Brunnensiedlung_Grates,199141,Brunnensiedlung*
237593,237593.pdf,0152-20b_brunnensiedlung,199141,Brunnensiedlung*
220981,220981.glb,0152-20b_Brunnensiedlung_Grates,199141,Brunnensiedlung*
207672,207672.pdf,wuestungslisten_kl_A-L,199143,Brunneretal ad
231210,231210.pdf,0153-10b_ad brunneretal,199143,Brunneretal ad
206398,206398.png,0153-30b_Brunnfeld_skz_01,199145,Brunnfeld*
220986,220986.glb,0153-30b_Brunnfeld,199145,Brunnfeld*
231218,231218.pdf,0153-30b_brunnfeld,199145,Brunnfeld*
231217,231217.pdf,0153-20b_buchbrunn,199147,Buchbrunn
207672,207672.pdf,wuestungslisten_kl_A-L,199149,Buchenbach
231246,231246.pdf,0154-10b_buchenbach,199149,Buchenbach
206399,206399.png,0154-20b_Buchgraben_skz_01,199151,Buchgraben*
231252,231252.pdf,0154-20b_buchgraben,199151,Buchgraben*
220987,220987.glb,0154-20b_Buchgraben,199151,Buchgraben*
207672,207672.pdf,wuestungslisten_kl_A-L,199153,Buczn
231254,231254.pdf,0155-10b_buczn,199153,Buczn
207672,207672.pdf,wuestungslisten_kl_A-L,199155,Bugenok curia an
231261,231261.pdf,0156-10b_curia in bugenok,199155,Bugenok curia an
207672,207672.pdf,wuestungslisten_kl_A-L,199157,Bupbusdorf
231269,231269.pdf,0157-10b_bupbusdorf,199157,Bupbusdorf
207672,207672.pdf,wuestungslisten_kl_A-L,199159,Cenninge de
231303,231303.pdf,0158-10b_de cenninge,199159,Cenninge de
207672,207672.pdf,wuestungslisten_kl_A-L,199161,Cerewald
231308,231308.pdf,0159-10b_cerewald,199161,Cerewald
207672,207672.pdf,wuestungslisten_kl_A-L,199163,Chabisken
231313,231313.pdf,0160-10b_chabisken,199163,Chabisken
207672,207672.pdf,wuestungslisten_kl_A-L,199165,Chadaw Wenigen
231340,231340.pdf,0161-10b_wenigen chadaw,199165,Chadaw Wenigen
207672,207672.pdf,wuestungslisten_kl_A-L,199167,Chaelbling
231318,231318.pdf,0162-10b_chaelbling,199167,Chaelbling
207672,207672.pdf,wuestungslisten_kl_A-L,199169,Chaetzingen
231357,231357.pdf,0163-10b_von chaetzingen,199169,Chaetzingen
207672,207672.pdf,wuestungslisten_kl_A-L,199171,Chagrana
231363,231363.pdf,0164-10b_chagrana,199171,Chagrana
207672,207672.pdf,wuestungslisten_kl_A-L,199173,Chagre
231376,231376.pdf,0165-10b_de chagre,199173,Chagre
207672,207672.pdf,wuestungslisten_kl_A-L,199175,Chainperg
231380,231380.pdf,0166-10b_chainperg,199175,Chainperg
207672,207672.pdf,wuestungslisten_kl_A-L,199177,Chalchpach
231384,231384.pdf,0167-10b_chalchpach,199177,Chalchpach
207672,207672.pdf,wuestungslisten_kl_A-L,199179,Chalmpach
231386,231386.pdf,0168-10b_chalmpach,199179,Chalmpach
207672,207672.pdf,wuestungslisten_kl_A-L,199181,Chalsenreuth
231388,231388.pdf,0169-10b_chalsenreut,199181,Chalsenreuth
207672,207672.pdf,wuestungslisten_kl_A-L,199184,Chaltenpach
206401,206401.png,0170-10b_Chaltenpach,199184,Chaltenpach
220988,220988.glb,0170-10b_Chaltenpach,199184,Chaltenpach
231414,231414.pdf,0170-10b_chaltenpach,199184,Chaltenpach
207672,207672.pdf,wuestungslisten_kl_A-L,199186,Chaltenpach
231426,231426.pdf,0171-10b_chaltenpach,199186,Chaltenpach
207672,207672.pdf,wuestungslisten_kl_A-L,199188,Chaltingange
206404,206404.png,0172-10b_Chaltingange_skz_01,199188,Chaltingange
206403,206403.png,0172-10b_Chaltingange_skz_01,199188,Chaltingange
220991,220991.glb,0172-10b_Chaltingange,199188,Chaltingange
231437,231437.pdf,0172-10b_chaltingange_geschwärzt,199188,Chaltingange
207672,207672.pdf,wuestungslisten_kl_A-L,199190,Cham
231428,231428.pdf,0173-10b_de cham,199190,Cham
207672,207672.pdf,wuestungslisten_kl_A-L,199192,Chapellen
206376,206376.pdf,19770207_Eminger_an_Antl,199192,Chapellen
206357,206357.pdf,19741214_Eminger_an_Eibner,199192,Chapellen
206084,206084.pdf,"Eminger, Wüstungen begangen von",199192,Chapellen
231467,231467.pdf,0174-10b_chapellen_geschwärzt,199192,Chapellen
219619,219619.pdf,19760327_Einladung zu Exkursion,199192,Chapellen
219617,219617.pdf,19760327_Planung Exkursion,199192,Chapellen
215463,215463.pdf,Aufstellung Leistungen der Außenmitarbeiter (Stand 19.4.1975),199192,Chapellen
207672,207672.pdf,wuestungslisten_kl_A-L,199194,Charlesperkh
231432,231432.pdf,0171-10b_chaltenpach,199194,Charlesperkh
207672,207672.pdf,wuestungslisten_kl_A-L,199196,Charnbach
231494,231494.pdf,0176-10b_charnbach_skz_01,199196,Charnbach
231493,231493.pdf,0176-10b_charnbach,199196,Charnbach
207672,207672.pdf,wuestungslisten_kl_A-L,199200,Chatternberch
231504,231504.pdf,0177-10b_chatternberch,199200,Chatternberch
207672,207672.pdf,wuestungslisten_kl_A-L,199202,Chawdenpach
206407,206407.png,0178-10b_chawdenpach_skz_01,199202,Chawdenpach
231527,231527.pdf,0178-10b_chawdenpach,199202,Chawdenpach
221002,221002.glb,0178-10b_Chawdenpach,199202,Chawdenpach
207672,207672.pdf,wuestungslisten_kl_A-L,199204,Checzengruben in
231615,231615.pdf,0179-10b_in der checzengruben,199204,Checzengruben in
207672,207672.pdf,wuestungslisten_kl_A-L,199206,Chelchdorf
231635,231635.pdf,0180-10b_chelchdorf,199206,Chelchdorf
207672,207672.pdf,wuestungslisten_kl_A-L,199208,Chelichprunn
231641,231641.pdf,0181-10b_chelichprunn,199208,Chelichprunn
207672,207672.pdf,wuestungslisten_kl_A-L,199210,Chelindorf
231642,231642.pdf,0182-10b_chelindorf,199210,Chelindorf
207672,207672.pdf,wuestungslisten_kl_A-L,199212,Chellergnannan
231644,231644.pdf,0183-10b_chellergnannan,199212,Chellergnannan
207672,207672.pdf,wuestungslisten_kl_A-L,199214,Chemenstain
231647,231647.pdf,0184-10b_chemerstain,199214,Chemenstain
207672,207672.pdf,wuestungslisten_kl_A-L,199218,Chenelpach
231709,231709.pdf,0185-10b_chenelpach,199218,Chenelpach
207672,207672.pdf,wuestungslisten_kl_A-L,199220,Cherbach
231650,231650.pdf,0186-10b_cherbach,199220,Cherbach
207672,207672.pdf,wuestungslisten_kl_A-L,199222,Cherphenwerde
206098,206098.pdf,"Margl, Wüstungen begangen von",199222,Cherphenwerde
231727,231727.pdf,0186-20b_cherphenwerde,199222,Cherphenwerde
215466,215466.pdf,Übersicht über die Tätigkeit der Mittelalterarchäologie in Österreich,199222,Cherphenwerde
207672,207672.pdf,wuestungslisten_kl_A-L,199224,Chetsi
207529,207529.jpg,0187-10b_chetsi_skz_01,199224,Chetsi
207530,207530.png,0187-10b_chetsi_skz_01,199224,Chetsi
231731,231731.pdf,0187-10b_chetsi_geschwärzt,199224,Chetsi
221003,221003.glb,0187-10b_Chetsi,199224,Chetsi
234343,234343.pdf,Überblick Langes Tal,199224,Chetsi
207672,207672.pdf,wuestungslisten_kl_A-L,199226,Chevdlaren
231743,231743.pdf,0188-10b_cheydlaren,199226,Chevdlaren
231742,231742.pdf,0188-10b_cheydlaren_skz_01,199226,Chevdlaren
231741,231741.pdf,0188-10b_cheydlaren_skz_02,199226,Chevdlaren
221006,221006.glb,0188-10b_Chevdlaren,199226,Chevdlaren
207532,207532.png,0188-11b_Chevdlaren_Interior_skz_01,199228,Chevdlaren Interior
231744,231744.pdf,0188-11b_cheydlaren-interior,199228,Chevdlaren Interior
221004,221004.glb,0188-11b_Chevdlaren_Interior,199228,Chevdlaren Interior
207534,207534.png,0188-12b_Chevdlaren_Villa_skz_01,199230,Chevdlaren villa
231745,231745.pdf,0188-12b_cheydlaren-villa_skz_01,199230,Chevdlaren villa
221005,221005.glb,0188-12b_Chevdlaren_Villa,199230,Chevdlaren villa
231746,231746.pdf,0188-12b_cheydlaren-villa,199230,Chevdlaren villa
207672,207672.pdf,wuestungslisten_kl_A-L,199232,Chezelrinch
231752,231752.pdf,0189-10b_de chezelrinch,199232,Chezelrinch
207672,207672.pdf,wuestungslisten_kl_A-L,199234,Chirchle
231754,231754.pdf,0190-10b_chirchle,199234,Chirchle
207673,207673.pdf,wuestungslisten_kl_M-Z,204794,Walthers
233000,233000.pdf,1953-10b_walthers_geschwärzt,204794,Walthers
229912,229912.glb,1953-10b_Walthers,204794,Walthers
214576,214576.jpg,1953-10b_walthers_skz_06,204794,Walthers
214575,214575.png,1953-10b_Walthers_skz_05,204794,Walthers
214573,214573.png,1953-10b_Walthers_skz_03,204794,Walthers
214570,214570.png,1953-10b_Walthers_skz_02,204794,Walthers
207672,207672.pdf,wuestungslisten_kl_A-L,199238,Chiricheim
207536,207536.png,0191-10b_Chiricheim_skz_01,199238,Chiricheim
231841,231841.pdf,0191-10b_chiricheim,199238,Chiricheim
221007,221007.glb,0191-10b_Chiricheim,199238,Chiricheim
207672,207672.pdf,wuestungslisten_kl_A-L,199240,Chlaffenperg
231982,231982.pdf,0192-10b_chlaffenperg,199240,Chlaffenperg
207672,207672.pdf,wuestungslisten_kl_A-L,199242,Chlagpaum
207672,207672.pdf,wuestungslisten_kl_A-L,199244,Chlaitzinge
232170,232170.pdf,0194-10b_chlaitzinge,199244,Chlaitzinge
207672,207672.pdf,wuestungslisten_kl_A-L,199246,Chlebdorf
231993,231993.pdf,0195-10b_chlebdorf,199246,Chlebdorf
207672,207672.pdf,wuestungslisten_kl_A-L,199248,Chledorf
231997,231997.pdf,0196-10b_chledorf,199248,Chledorf
207672,207672.pdf,wuestungslisten_kl_A-L,199250,Chlefsharn
232171,232171.pdf,0197-10b_chlefsharn,199250,Chlefsharn
207672,207672.pdf,wuestungslisten_kl_A-L,199252,Chlepach
207541,207541.png,0198-10b_chlepach_skz_1,199252,Chlepach
221009,221009.glb,0198-10b_Chlepach_Redeleins,199252,Chlepach
232210,232210.pdf,0198-10b_chlepach,199252,Chlepach
207672,207672.pdf,wuestungslisten_kl_A-L,199254,Chlepadorf
232255,232255.pdf,0199-10b_chlepadorf,199254,Chlepadorf
207672,207672.pdf,wuestungslisten_kl_A-L,199256,Chlingelins
232292,232292.pdf,0200-10b_chlingelins,199256,Chlingelins
207672,207672.pdf,wuestungslisten_kl_A-L,199258,Choetwigeraw
232321,232321.pdf,0203-10b_choetwigeraw,199258,Choetwigeraw
207672,207672.pdf,wuestungslisten_kl_A-L,199260,Chorwelingen
232332,232332.pdf,0213-10b_chorwelingen,199260,Chorwelingen
207670,207670.png,0276-20b_dickgraben_skz_01,199262,Dickgraben
232599,232599.pdf,0276-20b_dickgraben,199262,Dickgraben
221212,221212.glb,0276-20b_Dickgraben,199262,Dickgraben
219755,219755.jpg,0292-20ab_Doellersheim_fot_04,199264,Döllersheim
219754,219754.jpg,0292-20ab_Doellersheim_fot_03,199264,Döllersheim
219753,219753.jpg,0292-20ab_Doellersheim_fot_02,199264,Döllersheim
219752,219752.jpg,0292-20ab_Doellersheim_fot_01,199264,Döllersheim
233610,233610.pdf,19810428_FFelgenhauer an Allentsteig,199264,Döllersheim
207672,207672.pdf,wuestungslisten_kl_A-L,199266,Chlupping
206371,206371.pdf,19770131_Eminger_an_Antl,199266,Chlupping
206359,206359.pdf,19750213_Strohschneider_an_Eminger,199266,Chlupping
206358,206358.pdf,19750129_Eminger_an_Eibner,199266,Chlupping
234460,234460.pdf,19770217_Antl_an_Eminger_geschwärzt,199266,Chlupping
232319,232319.pdf,0201-10b_chlupping_geschwärzt,199266,Chlupping
227963,227963.pdf,19730526_Eminger_an_Eibner_geschwärzt,199266,Chlupping
232705,232705.pdf,19730604_Eibner_an_Eminger_geschwärzt,199266,Chlupping
232701,232701.pdf,Notitzen EEminger 2,199266,Chlupping
207672,207672.pdf,wuestungslisten_kl_A-L,199268,"Choeling, Nieder"
232320,232320.pdf,0202-10b_nider choeling,199268,"Choeling, Nieder"
207672,207672.pdf,wuestungslisten_kl_A-L,199270,Chogelprunn
232322,232322.pdf,0204-10b_chogelprunn_geschwärzt,199270,Chogelprunn
207672,207672.pdf,wuestungslisten_kl_A-L,199272,Cholbach
232323,232323.pdf,0205-10b_cholbach,199272,Cholbach
207672,207672.pdf,wuestungslisten_kl_A-L,199274,Cholberch
232324,232324.pdf,0206-10b_cholberch,199274,Cholberch
207672,207672.pdf,wuestungslisten_kl_A-L,199276,Cholberch
232325,232325.pdf,0207-10b_cholberch,199276,Cholberch
207672,207672.pdf,wuestungslisten_kl_A-L,199278,Cholbing
232326,232326.pdf,0208-10b_cholbing,199278,Cholbing
207672,207672.pdf,wuestungslisten_kl_A-L,199280,Cholinpach
232327,232327.pdf,0209-10b_cholinpach,199280,Cholinpach
207672,207672.pdf,wuestungslisten_kl_A-L,199282,"Cholperg, unter dem"
232328,232328.pdf,0210-10b_unter dem cholperg,199282,"Cholperg, unter dem"
207672,207672.pdf,wuestungslisten_kl_A-L,199284,Chopel
232329,232329.pdf,0211-10b_chopel,199284,Chopel
207672,207672.pdf,wuestungslisten_kl_A-L,199286,Chopphestall
232330,232330.pdf,0212-10b_choppestall,199286,Chopphestall
207545,207545.png,0212-20b_Chornberch_Meierhof_skz_01,199288,Chornberch Meierhof
232331,232331.pdf,0212-20b_chornberch meierhof,199288,Chornberch Meierhof
221010,221010.glb,0212-20b_Chornberch_Meierhof,199288,Chornberch Meierhof
207672,207672.pdf,wuestungslisten_kl_A-L,199290,Chotwiger aw
232333,232333.pdf,0214-10b_chotwiger,199290,Chotwiger aw
207672,207672.pdf,wuestungslisten_kl_A-L,199292,Chozestorf
232334,232334.pdf,0215-10b_chozestorf,199292,Chozestorf
207672,207672.pdf,wuestungslisten_kl_A-L,199294,Chraeflingun
232336,232336.pdf,0216-10b_chraeflingun_kap_01,199294,Chraeflingun
232335,232335.pdf,0216-10b_chraeflingun,199294,Chraeflingun
207672,207672.pdf,wuestungslisten_kl_A-L,199296,Chrainort
232337,232337.pdf,0217-10b_chrainort_geschwärzt,199296,Chrainort
207672,207672.pdf,wuestungslisten_kl_A-L,199298,Chrainperg
232338,232338.pdf,0218-10b_chrainperg,199298,Chrainperg
207672,207672.pdf,wuestungslisten_kl_A-L,199300,Chranarn
232339,232339.pdf,0219-10b_chranarn,199300,Chranarn
207672,207672.pdf,wuestungslisten_kl_A-L,199302,Chrebezbach
232340,232340.pdf,0220-10b_chrebezbach,199302,Chrebezbach
207672,207672.pdf,wuestungslisten_kl_A-L,199304,Chreithepach
232341,232341.pdf,0221-10b_chreithepach,199304,Chreithepach
207672,207672.pdf,wuestungslisten_kl_A-L,199306,Chremilize
232342,232342.pdf,0222-10b_chremilize,199306,Chremilize
207672,207672.pdf,wuestungslisten_kl_A-L,199308,Chremstorf
232343,232343.pdf,0223-10b_de chremstorf,199308,Chremstorf
207672,207672.pdf,wuestungslisten_kl_A-L,199310,Chreutzenperge
232344,232344.pdf,0224-10b_chreutzenperg,199310,Chreutzenperge
207672,207672.pdf,wuestungslisten_kl_A-L,199312,Chrimminge
232345,232345.pdf,0225-10b_de chrimminge,199312,Chrimminge
207672,207672.pdf,wuestungslisten_kl_A-L,199314,Christen
232346,232346.pdf,0226-10b_de christen,199314,Christen
207672,207672.pdf,wuestungslisten_kl_A-L,199316,Chrophenstaine
232347,232347.pdf,0227-10b_de chrophenstaine,199316,Chrophenstaine
207672,207672.pdf,wuestungslisten_kl_A-L,199318,Chrotendorf
232348,232348.pdf,0228-10b_chrotendorf_geschwärzt,199318,Chrotendorf
207672,207672.pdf,wuestungslisten_kl_A-L,199322,Chrotendorf
232349,232349.pdf,0229-10b_chrotendorf_geschwärzt,199322,Chrotendorf
207672,207672.pdf,wuestungslisten_kl_A-L,199324,Chrotenstain(er)
232350,232350.pdf,0230-10b_chrotenstainer,199324,Chrotenstain(er)
207672,207672.pdf,wuestungslisten_kl_A-L,199326,Chrotenvelde
232351,232351.pdf,0231-10b_chrotenvelde,199326,Chrotenvelde
207672,207672.pdf,wuestungslisten_kl_A-L,199328,Chrottendorf
232352,232352.pdf,0232-10b_chrottendorf_geschwärzt,199328,Chrottendorf
207672,207672.pdf,wuestungslisten_kl_A-L,199330,Chrottenhofstat
232354,232354.pdf,0233-10b_chrottenhoffstat,199330,Chrottenhofstat
232353,232353.pdf,0233-10b_chrottenhoffstat_kap_01,199330,Chrottenhofstat
207672,207672.pdf,wuestungslisten_kl_A-L,199333,Chrottental
232355,232355.pdf,0234-10b_chrottental,199333,Chrottental
207672,207672.pdf,wuestungslisten_kl_A-L,199336,Chrumbinnuz
232357,232357.pdf,0236-10b_chrumbinnuz,199336,Chrumbinnuz
207672,207672.pdf,wuestungslisten_kl_A-L,199338,Chrunnila
232358,232358.pdf,0237-10b_chrunnila,199338,Chrunnila
207672,207672.pdf,wuestungslisten_kl_A-L,199340,Chruswisen
232359,232359.pdf,0238-10b_chruswisen,199340,Chruswisen
207672,207672.pdf,wuestungslisten_kl_A-L,199342,Chugelveld
207548,207548.png,0239-10b_chugelveld_skz_1,199342,Chugelveld
198570,198570.png,Dernberg Chugelfeld Dornfeld Karte,199342,Chugelveld
198570,198570.png,Dernberg Chugelfeld Dornfeld Karte,199342,Chugelveld
221025,221025.glb,0239-10b_Chugelveld,199342,Chugelveld
232360,232360.pdf,0239-10b_chugelveld_geschwärzt,199342,Chugelveld
234343,234343.pdf,Überblick Langes Tal,199342,Chugelveld
207672,207672.pdf,wuestungslisten_kl_A-L,199344,Chuenperg
232361,232361.pdf,0240-10b_chuenperg,199344,Chuenperg
207672,207672.pdf,wuestungslisten_kl_A-L,199346,Chulbingen
232362,232362.pdf,0241-10b_chulbingen,199346,Chulbingen
207672,207672.pdf,wuestungslisten_kl_A-L,199348,Chumerleinstorf
232363,232363.pdf,0242-10b_chumerleinstorf,199348,Chumerleinstorf
207672,207672.pdf,wuestungslisten_kl_A-L,199350,Chundorf
207807,207807.pdf,19750313_Besprechungsprotokoll_Zelesnik_Strohschneider,199350,Chundorf
207807,207807.pdf,19750313_Besprechungsprotokoll_Zelesnik_Strohschneider,199350,Chundorf
207807,207807.pdf,19750313_Besprechungsprotokoll_Zelesnik_Strohschneider,199350,Chundorf
207801,207801.pdf,19710510_AMA_an_Zelesnik,199350,Chundorf
207554,207554.png,0243-10b_Chundorf_skz_03,199350,Chundorf
207553,207553.jpg,0243-10b_Chundorf_skz_03,199350,Chundorf
207552,207552.png,0243-10b_Chundorf_skz_02,199350,Chundorf
207551,207551.jpg,0243-10b_Chundorf_skz_02,199350,Chundorf
207550,207550.png,0243-10b_Chundorf_skz_01,199350,Chundorf
207549,207549.jpg,0243-10b_Chundorf_skz_01,199350,Chundorf
207680,207680.pdf,Zelesnik_Wüstungen begangen_geschwärzt,199350,Chundorf
232364,232364.pdf,0243-10b_chundorf_geschwärzt,199350,Chundorf
215463,215463.pdf,Aufstellung Leistungen der Außenmitarbeiter (Stand 19.4.1975),199350,Chundorf
232365,232365.pdf,0244-10b_chungesperc,199352,Chungsperc
207672,207672.pdf,wuestungslisten_kl_A-L,199354,Chunigesbrunne
232366,232366.pdf,0245-10b_chunigesbrunne,199354,Chunigesbrunne
207672,207672.pdf,wuestungslisten_kl_A-L,199356,Chunigisvelde
232367,232367.pdf,0246-10b_de chunigisvelde,199356,Chunigisvelde
207672,207672.pdf,wuestungslisten_kl_A-L,199358,Chunigswis
232368,232368.pdf,0247-10b_chunigswis,199358,Chunigswis
207672,207672.pdf,wuestungslisten_kl_A-L,199360,Chuning
232369,232369.pdf,0248-10b_chuning,199360,Chuning
207672,207672.pdf,wuestungslisten_kl_A-L,199362,Chuningesbrunnen
237339,237339.pdf,0249-10b_chuningesbrunnen_geschwärzt,199362,Chuningesbrunnen
207672,207672.pdf,wuestungslisten_kl_A-L,199364,Chunnendorf
232371,232371.pdf,0250-10b_chunnendorf_geschwärzt,199364,Chunnendorf
207672,207672.pdf,wuestungslisten_kl_A-L,199366,Chunrates
207616,207616.png,0251-10b_chunrates_skz_01,199366,Chunrates
232372,232372.pdf,0251-10b_chunrates,199366,Chunrates
221026,221026.glb,0251-10b_Chunrates,199366,Chunrates
207672,207672.pdf,wuestungslisten_kl_A-L,199368,Chunratsdorf
232373,232373.pdf,0252-10b_chunratsdorf,199368,Chunratsdorf
207672,207672.pdf,wuestungslisten_kl_A-L,199370,Chunsperge
232374,232374.pdf,0253-10b_chunsperge,199370,Chunsperge
207672,207672.pdf,wuestungslisten_kl_A-L,199372,Churatsdorf
232375,232375.pdf,0254-10b_churatsdorf,199372,Churatsdorf
207672,207672.pdf,wuestungslisten_kl_A-L,199374,Churnperg
232376,232376.pdf,0255-10b_churnperg,199374,Churnperg
207672,207672.pdf,wuestungslisten_kl_A-L,199376,Churring
232377,232377.pdf,0256-10b_churring,199376,Churring
207672,207672.pdf,wuestungslisten_kl_A-L,199378,Chuspinger
232378,232378.pdf,0257-10b_chuspinger,199378,Chuspinger
207672,207672.pdf,wuestungslisten_kl_A-L,199380,Cismannsdorf
207673,207673.pdf,wuestungslisten_kl_M-Z,199380,Cismannsdorf
232379,232379.pdf,0258-10b_cismannsdorf,199380,Cismannsdorf
207672,207672.pdf,wuestungslisten_kl_A-L,199382,Claberikch
232380,232380.pdf,0259-10b_claberikch,199382,Claberikch
207672,207672.pdf,wuestungslisten_kl_A-L,199384,Clupans
207618,207618.png,0260-10b_Clupans_skz_01,199384,Clupans
207618,207618.png,0260-10b_Clupans_skz_01,199384,Clupans
221027,221027.glb,0260-10b_Clupans_inkl_Meierhof,199384,Clupans
232381,232381.pdf,0260-10b_clupans,199384,Clupans
221027,221027.glb,0260-10b_Clupans_inkl_Meierhof,199384,Clupans
207673,207673.pdf,wuestungslisten_kl_M-Z,204796,Wambeiseraw
232996,232996.pdf,1954-10b_wambeiseraw,204796,Wambeiseraw
207673,207673.pdf,wuestungslisten_kl_M-Z,204798,Wangariorum
232994,232994.pdf,1955-10b_wangariorum,204798,Wangariorum
207673,207673.pdf,wuestungslisten_kl_M-Z,204800,Wangheim
232993,232993.pdf,1956-10b_wangheim_geschwärzt,204800,Wangheim
207673,207673.pdf,wuestungslisten_kl_M-Z,204802,Wanstale
232991,232991.pdf,1957-10b_de wanstale,204802,Wanstale
207620,207620.png,0260-11b_Clupans_Meierhof_skz_01,199386,Clupans Meierhof
232382,232382.pdf,0260-11b_clupans-meierhof,199386,Clupans Meierhof
221027,221027.glb,0260-10b_Clupans_inkl_Meierhof,199386,Clupans Meierhof
221027,221027.glb,0260-10b_Clupans_inkl_Meierhof,199386,Clupans Meierhof
207672,207672.pdf,wuestungslisten_kl_A-L,199388,Colomezza
232388,232388.pdf,0261-10b_colomezza,199388,Colomezza
232389,232389.pdf,0262-10b_de copherberch,199390,Cholperch de
207672,207672.pdf,wuestungslisten_kl_A-L,199392,Crhaweswisen
232390,232390.pdf,0263-10b_crhaweswisen_geschwärzt,199392,Crhaweswisen
207672,207672.pdf,wuestungslisten_kl_A-L,199394,Crimesdorf
232391,232391.pdf,0264-10b_crimesdorf,199394,Crimesdorf
207672,207672.pdf,wuestungslisten_kl_A-L,199396,Croatendörfl
232392,232392.pdf,0265-10b_croatendoerfl,199396,Croatendörfl
207672,207672.pdf,wuestungslisten_kl_A-L,199398,Crotendorf
232393,232393.pdf,0266-10b_crotendorf,199398,Crotendorf
207672,207672.pdf,wuestungslisten_kl_A-L,199400,Crotinesfeld
207668,207668.pdf,wuestungsarchiv_konzeption_organisatio_arbeitsplanung,199400,Crotinesfeld
232394,232394.pdf,0267-10b_crotinesfeld,199400,Crotinesfeld
207672,207672.pdf,wuestungslisten_kl_A-L,199402,Crufilingin
207625,207625.png,0268-10b_crufilingin_skz_01,199402,Crufilingin
232401,232401.pdf,0268-10b_crufilingin,199402,Crufilingin
221028,221028.glb,0268-10b_Crufilingin,199402,Crufilingin
207672,207672.pdf,wuestungslisten_kl_A-L,199406,Czaegeinswinchel
207673,207673.pdf,wuestungslisten_kl_M-Z,199406,Czaegeinswinchel
207627,207627.png,0269-10b_czaegeinswinchel_skz_01,199406,Czaegeinswinchel
232405,232405.pdf,0269-10b_czaegeinswinchel_geschwärzt,199406,Czaegeinswinchel
221029,221029.glb,0269-10b_Czaegeinswinchel,199406,Czaegeinswinchel
207672,207672.pdf,wuestungslisten_kl_A-L,199408,Dachau
232407,232407.pdf,0270-10b_dachau,199408,Dachau
207672,207672.pdf,wuestungslisten_kl_A-L,199410,Dafnitz
232409,232409.pdf,0271-10b_dafnitz,199410,Dafnitz
207672,207672.pdf,wuestungslisten_kl_A-L,199412,Dagodeosmarcha
232410,232410.pdf,0272-10b_dagodeosmarcha,199412,Dagodeosmarcha
207672,207672.pdf,wuestungslisten_kl_A-L,199414,Dankharts
207629,207629.png,0273-10b_dankharts_skz_01,199414,Dankharts
221030,221030.glb,0273-10b_Dankharts_Pankrates,199414,Dankharts
232412,232412.pdf,0273-10b_dankharts_geschwärzt,199414,Dankharts
207631,207631.png,0273-20b_danzig_skz_01,199416,Danzig*
232415,232415.pdf,0273-20b_danzig*,199416,Danzig*
221031,221031.glb,0273-20b_Danzig,199416,Danzig*
207672,207672.pdf,wuestungslisten_kl_A-L,199418,Daspach
232592,232592.pdf,0274-10b_daspach,199418,Daspach
207672,207672.pdf,wuestungslisten_kl_A-L,199420,Daucholfsekk
232595,232595.pdf,0275-10b_daucholfsekk,199420,Daucholfsekk
207637,207637.jpg,0275-20b_deinzenhof_skz_04,199422,Deinzenhof
207636,207636.jpg,0275-20b_deinzenhof_skz_03,199422,Deinzenhof
207635,207635.png,0275-20b_deinzenhof_skz_02,199422,Deinzenhof
207633,207633.png,0275-20b_deinzenhof_skz_01,199422,Deinzenhof
221211,221211.glb,0275-20b_Deinzenhof,199422,Deinzenhof
232596,232596.pdf,0275-20b_deinzenhof_geschwärzt,199422,Deinzenhof
207672,207672.pdf,wuestungslisten_kl_A-L,199424,Dewpslag
232597,232597.pdf,0276-10b_dewpslag,199424,Dewpslag
207672,207672.pdf,wuestungslisten_kl_A-L,199426,Diebschlag
232603,232603.pdf,0277-10b_diebschlag,199426,Diebschlag
207673,207673.pdf,wuestungslisten_kl_M-Z,204804,Warperch
232990,232990.pdf,1958-10b_warperch,204804,Warperch
207673,207673.pdf,wuestungslisten_kl_M-Z,204806,Wart
232989,232989.pdf,1959-10b_wart,204806,Wart
207673,207673.pdf,wuestungslisten_kl_M-Z,204808,Wartleuten
232984,232984.pdf,1960-10b_wartleuten,204808,Wartleuten
207672,207672.pdf,wuestungslisten_kl_A-L,199428,Diemling (Tubeniche)
207639,207639.png,0278-10b_diemling_tubeniche_skz_01,199428,Diemling (Tubeniche)
232607,232607.pdf,0278-10b_diemling_geschwärzt,199428,Diemling (Tubeniche)
221213,221213.glb,0278-10b_Diemling_Tubeniche,199428,Diemling (Tubeniche)
207672,207672.pdf,wuestungslisten_kl_A-L,199430,Diebsdorf
232608,232608.pdf,0279-10b_diersdorf_geschwärzt,199430,Diebsdorf
232609,232609.pdf,0280-10b_dietmars villa,199432,Dietmars villa
232610,232610.pdf,0281-10b_dietmarsdorf,199434,Dietmarsdorf
207673,207673.pdf,wuestungslisten_kl_M-Z,204810,Wartperch
232980,232980.pdf,1961-10b_wartperch,204810,Wartperch
207673,207673.pdf,wuestungslisten_kl_M-Z,204812,Wartting
232978,232978.pdf,1962-10b_wartting,204812,Wartting
207672,207672.pdf,wuestungslisten_kl_A-L,199436,Dietreichs
221908,221908.pdf,0282-10b_dietreichs obern,199436,Dietreichs
207672,207672.pdf,wuestungslisten_kl_A-L,199438,Dietreichsdorf
207642,207642.png,0283-10b_dietreichsdorf_skz_01,199438,Dietreichsdorf
207641,207641.jpg,0283-10b_dietreichsdorf_skz_01,199438,Dietreichsdorf
206366,206366.pdf,197602_Eminger_an_Strohschneider,199438,Dietreichsdorf
206084,206084.pdf,"Eminger, Wüstungen begangen von",199438,Dietreichsdorf
234467,234467.pdf,197306xx_AMA_an_Eminger_geschwärzt,199438,Dietreichsdorf
234458,234458.pdf,19760224_Strohschneider_an_Eminger_geschwärzt,199438,Dietreichsdorf
233609,233609.pdf,19701208_Protokoll Exkursion,199438,Dietreichsdorf
219619,219619.pdf,19760327_Einladung zu Exkursion,199438,Dietreichsdorf
227963,227963.pdf,19730526_Eminger_an_Eibner_geschwärzt,199438,Dietreichsdorf
232626,232626.pdf,0283-10b_dietreichsdorf_geschwärzt,199438,Dietreichsdorf
219617,219617.pdf,19760327_Planung Exkursion,199438,Dietreichsdorf
219616,219616.pdf,19760327_Protokoll Exkursion,199438,Dietreichsdorf
234457,234457.pdf,19760201_Eminger_an_Strohschneider,199438,Dietreichsdorf
207672,207672.pdf,wuestungslisten_kl_A-L,199440,Dietrichesdorf
232628,232628.pdf,0284-10b_dietrichesdorf,199440,Dietrichesdorf
232629,232629.pdf,0285-10b_dietrichespach,199442,Dietrchespach
207672,207672.pdf,wuestungslisten_kl_A-L,199444,Dietrichsperg mons
232630,232630.pdf,0286-10b_dietrichperg mons,199444,Dietrichsperg mons
207672,207672.pdf,wuestungslisten_kl_A-L,199446,Dillingsperg
232631,232631.pdf,0287-10b_dillingsperg,199446,Dillingsperg
207672,207672.pdf,wuestungslisten_kl_A-L,199452,Disinfurth villa
207801,207801.pdf,19710510_AMA_an_Zelesnik,199452,Disinfurth villa
232632,232632.pdf,0288-10b_disinfurth_geschwärzt,199452,Disinfurth villa
207672,207672.pdf,wuestungslisten_kl_A-L,199454,Ditmarsdorf
232633,232633.pdf,0289-10b_ditmarsdorf_geschwärzt,199454,Ditmarsdorf
207672,207672.pdf,wuestungslisten_kl_A-L,199456,Ditrichstoch
232634,232634.pdf,0290-10b_ditrichstoch,199456,Ditrichstoch
207672,207672.pdf,wuestungslisten_kl_A-L,199458,Diuphusin
232636,232636.pdf,0291-10b_de diuphusin,199458,Diuphusin
207672,207672.pdf,wuestungslisten_kl_A-L,199460,Dobra
232637,232637.pdf,0292-10b_dobra,199460,Dobra
207644,207644.png,0292-20b_doppel_skz_01,199462,Doppel*
232638,232638.pdf,0292-20b_doppel_geschwärzt,199462,Doppel*
221214,221214.glb,0292-20b_Doppel,199462,Doppel*
207672,207672.pdf,wuestungslisten_kl_A-L,199468,Dörffel
232641,232641.pdf,0293-10b_doerffel,199468,Dörffel
207646,207646.png,0293-20b_dorffeld_skz_01,199470,Dorffeld*
221215,221215.glb,0293-20b_Dorffeld,199470,Dorffeld*
232642,232642.pdf,0293-20b_dorffeld,199470,Dorffeld*
207672,207672.pdf,wuestungslisten_kl_A-L,199472,Dörffelein bei
232643,232643.pdf,0294-10b_doerffelein bei chueffarn,199472,Dörffelein bei
207672,207672.pdf,wuestungslisten_kl_A-L,199474,Dörfel
232645,232645.pdf,0295-10b_doerfel,199474,Dörfel
232646,232646.pdf,0296-10b_dorfflein dacz,199476,Dorfflein dacz
207672,207672.pdf,wuestungslisten_kl_A-L,199478,Dörflein
207648,207648.png,0297-10b_doerflein bei mannsdorf_skz_01,199478,Dörflein
207647,207647.jpg,0297-10b_doerflein bei mannsdorf_skz_01,199478,Dörflein
232647,232647.pdf,0297-10b_doerflein bei mannsdorf_geschwärzt,199478,Dörflein
207672,207672.pdf,wuestungslisten_kl_A-L,199480,Dörflein
232649,232649.pdf,0298-10b_doerflein,199480,Dörflein
207672,207672.pdf,wuestungslisten_kl_A-L,199482,Dorflein
232650,232650.pdf,0299-10b_dorflein,199482,Dorflein
207672,207672.pdf,wuestungslisten_kl_A-L,199484,Dorflein
232651,232651.pdf,0300-10b_dorflein,199484,Dorflein
207672,207672.pdf,wuestungslisten_kl_A-L,199486,Eberstorf
207665,207665.png,0330-10b_eberstorf_skz_02,199486,Eberstorf
207664,207664.jpg,0330-10b_eberstorf_skz_02,199486,Eberstorf
207663,207663.png,0330-10b_eberstorf_skz_01,199486,Eberstorf
207662,207662.jpg,0330-10b_eberstorf_skz_01,199486,Eberstorf
232710,232710.pdf,0330-10b_eberstorf_skz_03,199486,Eberstorf
232709,232709.pdf,0330-10b_eberstorf_geschwärzt,199486,Eberstorf
207672,207672.pdf,wuestungslisten_kl_A-L,199490,Dörffleins
232652,232652.pdf,0301-10b_dacz dem doerflein_geschwärzt,199490,Dörffleins
232655,232655.pdf,0302-10b_dorfflein,199492,Dorfflein
207672,207672.pdf,wuestungslisten_kl_A-L,199494,Dörfleins
232657,232657.pdf,0303-10b_doerfleins,199494,Dörfleins
207672,207672.pdf,wuestungslisten_kl_A-L,199496,Dorflin
232659,232659.pdf,0304-10b_dorflin,199496,Dorflin
207672,207672.pdf,wuestungslisten_kl_A-L,199498,Dorflins?
232660,232660.pdf,0305-10b_dorflins_geschwärzt,199498,Dorflins?
207672,207672.pdf,wuestungslisten_kl_A-L,199500,"Dorfstatt, in der"
232667,232667.pdf,0306-10b_in der dorfstatt,199500,"Dorfstatt, in der"
207672,207672.pdf,wuestungslisten_kl_A-L,199502,Dorfstätten
232663,232663.pdf,0307-10b_dorfstaetten,199502,Dorfstätten
207672,207672.pdf,wuestungslisten_kl_A-L,199504,Dornaech
232677,232677.pdf,0308-10b_dornaech,199504,Dornaech
207672,207672.pdf,wuestungslisten_kl_A-L,199506,Dornfeld
207650,207650.png,0309-10b_dornfeld_skz_02,199506,Dornfeld
198570,198570.png,Dernberg Chugelfeld Dornfeld Karte,199506,Dornfeld
198570,198570.png,Dernberg Chugelfeld Dornfeld Karte,199506,Dornfeld
232678,232678.pdf,0309-10b_dornfeld_geschwärzt,199506,Dornfeld
221216,221216.glb,0309-10b_Dornfeld,199506,Dornfeld
234343,234343.pdf,Überblick Langes Tal,199506,Dornfeld
207672,207672.pdf,wuestungslisten_kl_A-L,199508,Dorpendorf
208777,208777.png,0310-10b_dorpendorf_skz_01,199508,Dorpendorf
232679,232679.pdf,0310-10b_dorpendorf,199508,Dorpendorf
207672,207672.pdf,wuestungslisten_kl_A-L,199510,Drabing
207652,207652.png,0311-10b_drabings_skz_01,199510,Drabing
232680,232680.pdf,0311-10b_drabings,199510,Drabing
221217,221217.glb,0311-10b_Drabings,199510,Drabing
207672,207672.pdf,wuestungslisten_kl_A-L,199513,Draupach
232681,232681.pdf,0312-10b_draupach,199513,Draupach
207672,207672.pdf,wuestungslisten_kl_A-L,199515,Drinhoven
232682,232682.pdf,0313-10b_drinhoven,199515,Drinhoven
207552,207552.png,0243-10b_Chundorf_skz_02,199517,Alt Drösing
232683,232683.pdf,0313-20b_droesing-alt,199517,Alt Drösing
210297,210297.png,0816-10b_hutmannsdorf_skz_01,199517,Alt Drösing
207672,207672.pdf,wuestungslisten_kl_A-L,199519,Drousindorf
232684,232684.pdf,0314-10b_drousinindorf,199519,Drousindorf
207672,207672.pdf,wuestungslisten_kl_A-L,199521,Duiptal
232685,232685.pdf,0315-10b_duiptal_geschwärzt,199521,Duiptal
207672,207672.pdf,wuestungslisten_kl_A-L,199523,Duncingen de
232686,232686.pdf,0316-10b_duncingen de,199523,Duncingen de
207672,207672.pdf,wuestungslisten_kl_A-L,199525,Dürnbach
232687,232687.pdf,0317-10b_duernbach,199525,Dürnbach
207672,207672.pdf,wuestungslisten_kl_A-L,199529,Durrenberg de
232688,232688.pdf,0318-10b_durrenberg de,199529,Durrenberg de
207672,207672.pdf,wuestungslisten_kl_A-L,199531,Durrenholz de
232689,232689.pdf,0319-10b_durrenholz,199531,Durrenholz de
207672,207672.pdf,wuestungslisten_kl_A-L,199533,Durrenhube
232690,232690.pdf,0320-10b_durrenhube,199533,Durrenhube
207672,207672.pdf,wuestungslisten_kl_A-L,199535,Durrenpach apud
232691,232691.pdf,0321-10b_durrenpach,199535,Durrenpach apud
207672,207672.pdf,wuestungslisten_kl_A-L,199537,Durrenslevze
207673,207673.pdf,wuestungslisten_kl_M-Z,199537,Durrenslevze
207565,207565.pdf,Schöfmann_Wüstungen begangen_geschwärzt,199537,Durrenslevze
234488,234488.pdf,19751020_Schtrohschneider_an_Schöfmann_geschwärzt,199537,Durrenslevze
234427,234427.pdf,19750313_Eminger_an_AMA_boreistorph_geschwärzt,199537,Durrenslevze
232694,232694.pdf,0322-10b_durrenslevze_fot_02,199537,Durrenslevze
232693,232693.pdf,0322-10b_durrenslevze_fot_01,199537,Durrenslevze
208778,208778.png,0322-10b_Durrenslevze_kap_01,199537,Durrenslevze
232692,232692.pdf,0322-10b_durrenslevze_geschwärzt,199537,Durrenslevze
207672,207672.pdf,wuestungslisten_kl_A-L,199539,Dyeppoltz
232697,232697.pdf,0323-10b_dyeppoltz,199539,Dyeppoltz
207672,207672.pdf,wuestungslisten_kl_A-L,199541,Eben b. Dorfstetten
232698,232698.pdf,0324-10b_eben,199541,Eben b. Dorfstetten
207672,207672.pdf,wuestungslisten_kl_A-L,199543,Ebenaern
232699,232699.pdf,0325-10b_ebenaern,199543,Ebenaern
207672,207672.pdf,wuestungslisten_kl_A-L,199545,Ebenberg Dorf und Gut
232700,232700.pdf,0326-10b_ebenberg dorf und gut,199545,Ebenberg Dorf und Gut
207672,207672.pdf,wuestungslisten_kl_A-L,199637,Ebenvelde
207807,207807.pdf,19750313_Besprechungsprotokoll_Zelesnik_Strohschneider,199637,Ebenvelde
207807,207807.pdf,19750313_Besprechungsprotokoll_Zelesnik_Strohschneider,199637,Ebenvelde
207807,207807.pdf,19750313_Besprechungsprotokoll_Zelesnik_Strohschneider,199637,Ebenvelde
207661,207661.png,0327-10b_ebenvelde_skz_02,199637,Ebenvelde
207660,207660.jpg,0327-10b_ebenvelde_skz_02,199637,Ebenvelde
207659,207659.png,0327-10b_ebenvelde_skz_01,199637,Ebenvelde
207658,207658.jpg,0327-10b_ebenvelde_skz_01,199637,Ebenvelde
232711,232711.pdf,0327-10b_ebenvelde_geschwärzt,199637,Ebenvelde
207680,207680.pdf,Zelesnik_Wüstungen begangen_geschwärzt,199637,Ebenvelde
233611,233611.pdf,19751212_Keramikdatierung,199637,Ebenvelde
215463,215463.pdf,Aufstellung Leistungen der Außenmitarbeiter (Stand 19.4.1975),199637,Ebenvelde
215028,215028.pdf,19751025_Einladung zu Exkursion,199637,Ebenvelde
215027,215027.pdf,19751025_Planung und Protokoll Exkursion,199637,Ebenvelde
207672,207672.pdf,wuestungslisten_kl_A-L,199641,Eberhards
232707,232707.pdf,0328-10b_eberhards,199641,Eberhards
207672,207672.pdf,wuestungslisten_kl_A-L,199643,Ebersdorf
207801,207801.pdf,19710510_AMA_an_Zelesnik,199643,Ebersdorf
237211,237211.pdf,0329-10b_ebersdorf,199643,Ebersdorf
234547,234547.pdf,19750307_Strohschneider_an_Zelesnik_geschwärzt,199643,Ebersdorf
207672,207672.pdf,wuestungslisten_kl_A-L,199645,Eberstorf Chlainen
232712,232712.pdf,0331-10b_chlainen eberstorf,199645,Eberstorf Chlainen
207672,207672.pdf,wuestungslisten_kl_A-L,199647,Eberstorf
232713,232713.pdf,0332-10b_ebertstorf,199647,Eberstorf
207672,207672.pdf,wuestungslisten_kl_A-L,199649,Ebinbrunnen
232714,232714.pdf,0333-10b_ebinbrunnen_geschwärzt,199649,Ebinbrunnen
207672,207672.pdf,wuestungslisten_kl_A-L,199651,Ebingin
232715,232715.pdf,0334-10b_ebingin,199651,Ebingin
207672,207672.pdf,wuestungslisten_kl_A-L,199653,Ebishof
232716,232716.pdf,0335-10b_ebishof,199653,Ebishof
207672,207672.pdf,wuestungslisten_kl_A-L,199655,Ebräffing
232717,232717.pdf,0336-10b_ebraeffing,199655,Ebräffing
207672,207672.pdf,wuestungslisten_kl_A-L,199657,Eckelsberg
232718,232718.pdf,0337-10b_eckelsberg,199657,Eckelsberg
232719,232719.pdf,0338-10b_eckartsreith,199659,Eckartsreith
207672,207672.pdf,wuestungslisten_kl_A-L,199661,Eczleinsveld
232720,232720.pdf,0339-10b_eczleinsveld,199661,Eczleinsveld
207672,207672.pdf,wuestungslisten_kl_A-L,199663,Edelbach
221218,221218.glb,0340-10b_Edelbach,199663,Edelbach
207704,207704.png,0340-10b_edelbach_skz_01,199663,Edelbach
232721,232721.pdf,0340-10b_edelbach,199663,Edelbach
207672,207672.pdf,wuestungslisten_kl_A-L,199665,Edlicz
207673,207673.pdf,wuestungslisten_kl_M-Z,199665,Edlicz
232722,232722.pdf,0341-10b_edlicz,199665,Edlicz
207672,207672.pdf,wuestungslisten_kl_A-L,199669,Edlpuech
232723,232723.pdf,0342-10b_edlpuech,199669,Edlpuech
207672,207672.pdf,wuestungslisten_kl_A-L,199671,Egeldorf
232724,232724.pdf,0343-10b_egeldorf,199671,Egeldorf
207672,207672.pdf,wuestungslisten_kl_A-L,199673,Egelsaw
232725,232725.pdf,0344-10b_egelsaw de,199673,Egelsaw
207672,207672.pdf,wuestungslisten_kl_A-L,199675,Egelse
232726,232726.pdf,0345-10b_egelse,199675,Egelse
207672,207672.pdf,wuestungslisten_kl_A-L,199677,Egelse
232727,232727.pdf,0346-10b_egelse,199677,Egelse
206035,206035.png,0073-30b_Ansiedl_Egelsee,199679,Egelsee
206035,206035.png,0073-30b_Ansiedl_Egelsee,199679,Egelsee
232728,232728.pdf,0346-20b_egelsee,199679,Egelsee
220723,220723.glb,0073-30b_Ansiedl_Egelsee,199679,Egelsee
207720,207720.png,0346-20b_egelsee_skz_01,199679,Egelsee
207672,207672.pdf,wuestungslisten_kl_A-L,199681,Egers = Netraz
207622,207622.png,0347-10b_egers_skz_01,199681,Egers = Netraz
207618,207618.png,0260-10b_Clupans_skz_01,199681,Egers = Netraz
207618,207618.png,0260-10b_Clupans_skz_01,199681,Egers = Netraz
232729,232729.pdf,0347-10b_egers_geschwärzt,199681,Egers = Netraz
221219,221219.glb,0347-10b_Egers,199681,Egers = Netraz
207672,207672.pdf,wuestungslisten_kl_A-L,199683,Eggergersch
232730,232730.pdf,0348-10b_eggergersch,199683,Eggergersch
207672,207672.pdf,wuestungslisten_kl_A-L,199685,Egidium St.
232731,232731.pdf,0349-10b_ad st.egidium,199685,Egidium St.
207672,207672.pdf,wuestungslisten_kl_A-L,199687,Egilinsteti
232732,232732.pdf,0350-10b_egilinsteti,199687,Egilinsteti
207672,207672.pdf,wuestungslisten_kl_A-L,199689,Egilspach
232777,232777.pdf,0351-10b_egilspach,199689,Egilspach
207672,207672.pdf,wuestungslisten_kl_A-L,199691,Eginindorf
232778,232778.pdf,0352-10b_eginindorf,199691,Eginindorf
207672,207672.pdf,wuestungslisten_kl_A-L,199693,Egizinesperge
232779,232779.pdf,0353-10b_egizinesperge,199693,Egizinesperge
207673,207673.pdf,wuestungslisten_kl_M-Z,204814,Wasen
232973,232973.pdf,1964-10b_wasen_geschwärzt,204814,Wasen
207673,207673.pdf,wuestungslisten_kl_M-Z,204816,Watenstaine
232971,232971.pdf,1965-10b_watenstaine,204816,Watenstaine
207673,207673.pdf,wuestungslisten_kl_M-Z,204818,Wazemannesdorf
232969,232969.pdf,1966-10b_wazemannesdorf,204818,Wazemannesdorf
207673,207673.pdf,wuestungslisten_kl_M-Z,204820,Wecilindis
232967,232967.pdf,1967-10b_wecilindis,204820,Wecilindis
214647,214647.png,2001-20b_Wetzelstal,204820,Wecilindis
207672,207672.pdf,wuestungslisten_kl_A-L,199695,Egizinisdorf
207668,207668.pdf,wuestungsarchiv_konzeption_organisatio_arbeitsplanung,199695,Egizinisdorf
232780,232780.pdf,0354-10b_egizinisdorf_geschwärzt,199695,Egizinisdorf
207672,207672.pdf,wuestungslisten_kl_A-L,199697,Eibanstorf
232781,232781.pdf,0355-10b_einanstorf,199697,Eibanstorf
207759,207759.png,0355-20b_eichenhain_skz_01,199699,Eichenhain*
221250,221250.glb,0355-20b_Eichenhain,199699,Eichenhain*
232782,232782.pdf,0355-20b_eichenhain,199699,Eichenhain*
207672,207672.pdf,wuestungslisten_kl_A-L,199701,Eichental
232783,232783.pdf,0356-10b_eichental,199701,Eichental
207672,207672.pdf,wuestungslisten_kl_A-L,199705,Eigen villa
207801,207801.pdf,19710510_AMA_an_Zelesnik,199705,Eigen villa
207565,207565.pdf,Schöfmann_Wüstungen begangen_geschwärzt,199705,Eigen villa
232784,232784.pdf,0357-10b_eigen villa_geschwärzt,199705,Eigen villa
208779,208779.png,0357-10b_Eigen_Villa_kap,199705,Eigen villa
234488,234488.pdf,19751020_Schtrohschneider_an_Schöfmann_geschwärzt,199705,Eigen villa
207672,207672.pdf,wuestungslisten_kl_A-L,199707,Eigin
207668,207668.pdf,wuestungsarchiv_konzeption_organisatio_arbeitsplanung,199707,Eigin
232785,232785.pdf,0358-10b_eigin,199707,Eigin
221267,221267.glb,0358-10b_Eigin,199707,Eigin
207761,207761.png,0358-10b_eigin_skz_01,199707,Eigin
207672,207672.pdf,wuestungslisten_kl_A-L,199709,Eisenbach
232786,232786.pdf,0359-10b_eisenbach_geschwärzt,199709,Eisenbach
207672,207672.pdf,wuestungslisten_kl_A-L,199711,Eisenbach
232787,232787.pdf,0360-10b_eisenbach,199711,Eisenbach
207672,207672.pdf,wuestungslisten_kl_A-L,199715,Eisenpeutelhof
209938,209938.png,0731-20b_Heugen_skz_02,199715,Eisenpeutelhof
209938,209938.png,0731-20b_Heugen_skz_02,199715,Eisenpeutelhof
207763,207763.png,0361-10b_eisenpeutelhof_skz_01,199715,Eisenpeutelhof
221495,221495.glb,0361-10b_Eisenpeutelhof,199715,Eisenpeutelhof
232788,232788.pdf,0361-10b_eisenpeutelhof_geschwärzt,199715,Eisenpeutelhof
207672,207672.pdf,wuestungslisten_kl_A-L,199717,Eisenreichshof
207765,207765.png,0362-10b_eisenreichshof_skz_01,199717,Eisenreichshof
232791,232791.pdf,0362-10b_eisenreichshof_geschwärzt,199717,Eisenreichshof
221500,221500.glb,0362-10b_Eisenreichshof,199717,Eisenreichshof
207672,207672.pdf,wuestungslisten_kl_A-L,199719,Eitzelsau
208090,208090.png,0363-10b_eitzelsau_kap_01,199719,Eitzelsau
206098,206098.pdf,"Margl, Wüstungen begangen von",199719,Eitzelsau
232792,232792.pdf,0363-10b_eitzelsau_geschwärzt,199719,Eitzelsau
215463,215463.pdf,Aufstellung Leistungen der Außenmitarbeiter (Stand 19.4.1975),199719,Eitzelsau
207672,207672.pdf,wuestungslisten_kl_A-L,199721,Ekchental
232793,232793.pdf,0364-10b_ekchental,199721,Ekchental
207672,207672.pdf,wuestungslisten_kl_A-L,199723,Ekkehardestein
232794,232794.pdf,0365-10b_ekkehardestein,199723,Ekkehardestein
207672,207672.pdf,wuestungslisten_kl_A-L,199725,Ekkengersdorf
232795,232795.pdf,0366-10b_ekkengerstorf_geschwärzt,199725,Ekkengersdorf
207672,207672.pdf,wuestungslisten_kl_A-L,199727,Ekkenstein
232796,232796.pdf,0367-10b_ekkenstein,199727,Ekkenstein
207672,207672.pdf,wuestungslisten_kl_A-L,199729,Ekketal
232797,232797.pdf,0368-10b_ekketal,199729,Ekketal
207672,207672.pdf,wuestungslisten_kl_A-L,199731,Ekkibrehtisberg
232798,232798.pdf,0369-10b_ekkibrehtisperg,199731,Ekkibrehtisberg
207672,207672.pdf,wuestungslisten_kl_A-L,199733,"Eklein, auf dem"
232799,232799.pdf,0370-10b_eklein,199733,"Eklein, auf dem"
207672,207672.pdf,wuestungslisten_kl_A-L,199735,Ekmansode
232800,232800.pdf,0371-10b_ekmansode,199735,Ekmansode
207672,207672.pdf,wuestungslisten_kl_A-L,199737,Ekrichesdorf
232801,232801.pdf,0372-10b_ekrichesdorf_geschwärzt,199737,Ekrichesdorf
207672,207672.pdf,wuestungslisten_kl_A-L,199739,Elarphe
232802,232802.pdf,0373-10b_elarphe,199739,Elarphe
207672,207672.pdf,wuestungslisten_kl_A-L,199741,Elbeins
232803,232803.pdf,0374-10b_elbeins,199741,Elbeins
207672,207672.pdf,wuestungslisten_kl_A-L,199743,Elbleins
232804,232804.pdf,0375-10b_elbleins,199743,Elbleins
207672,207672.pdf,wuestungslisten_kl_A-L,199745,Elen Sand Elen
232813,232813.pdf,0376-10b_elen sand elen,199745,Elen Sand Elen
207672,207672.pdf,wuestungslisten_kl_A-L,199749,"Elett, dörflein von"
232814,232814.pdf,0377-10b_elett,199749,"Elett, dörflein von"
207672,207672.pdf,wuestungslisten_kl_A-L,199751,Elharteschirchen
232815,232815.pdf,0378-10b_elharteschirchen,199751,Elharteschirchen
207672,207672.pdf,wuestungslisten_kl_A-L,199753,Ellenberch
232816,232816.pdf,0379-10b_elhenberch_geschwärzt,199753,Ellenberch
207672,207672.pdf,wuestungslisten_kl_A-L,199755,Öden Ellends
208105,208105.png,0380-10b_ellends oeden_skz_01,199755,Öden Ellends
232818,232818.pdf,0380-10b_ellends oeden_skz_02,199755,Öden Ellends
221523,221523.glb,0380-10b_Oeden_Ellends,199755,Öden Ellends
232817,232817.pdf,0380-10b_ellends oeden,199755,Öden Ellends
207672,207672.pdf,wuestungslisten_kl_A-L,199758,Ellodis
232819,232819.pdf,0381-10b_ellodis,199758,Ellodis
207672,207672.pdf,wuestungslisten_kl_A-L,199762,Elssenpach
232821,232821.pdf,0382-10b_elssenpach,199762,Elssenpach
207672,207672.pdf,wuestungslisten_kl_A-L,199764,Emertal
232822,232822.pdf,0383-10b_emertal,199764,Emertal
207672,207672.pdf,wuestungslisten_kl_A-L,199766,Encheinsprunn
232823,232823.pdf,0384-10b_encheinsprunn,199766,Encheinsprunn
207672,207672.pdf,wuestungslisten_kl_A-L,199768,Endersdorf
232824,232824.pdf,0385-10b_endersdorf,199768,Endersdorf
207672,207672.pdf,wuestungslisten_kl_A-L,199770,Engelgers
207576,207576.pdf,19790129_Antl_an_Schöfmann,199770,Engelgers
206366,206366.pdf,197602_Eminger_an_Strohschneider,199770,Engelgers
234457,234457.pdf,19760201_Eminger_an_Strohschneider,199770,Engelgers
232825,232825.pdf,0386-10b_engelgerseme_geschwärzt,199770,Engelgers
207672,207672.pdf,wuestungslisten_kl_A-L,199772,Engelhers
232905,232905.pdf,0387-10b_engelhers,199772,Engelhers
207672,207672.pdf,wuestungslisten_kl_A-L,199774,Engelmannschlag
208122,208122.png,0388-10b_Engelmannschlag,199774,Engelmannschlag
232906,232906.pdf,0388-10b_engelmannschlag_skz_01,199774,Engelmannschlag
221524,221524.glb,0388-10b_Engelmannschlag,199774,Engelmannschlag
232908,232908.pdf,0388-10b_engelmannschlag_geschwärzt,199774,Engelmannschlag
232907,232907.pdf,0388-10b_engelmannschlag_skz_02,199774,Engelmannschlag
207672,207672.pdf,wuestungslisten_kl_A-L,199776,Engelmannschlag
208140,208140.png,0389-10b_engelmannschlag_skz_01,199776,Engelmannschlag
208139,208139.png,0389-10b_engelmannschlag_skz_02,199776,Engelmannschlag
232909,232909.pdf,0389-10b_engelmannschlag,199776,Engelmannschlag
221525,221525.glb,0389-10b_Engelmannschlag,199776,Engelmannschlag
207672,207672.pdf,wuestungslisten_kl_A-L,199778,Engelprechts villa
232910,232910.pdf,0390-10b_engelprechts,199778,Engelprechts villa
207672,207672.pdf,wuestungslisten_kl_A-L,199780,Engelrains
232911,232911.pdf,0391-10b_engelrains,199780,Engelrains
207672,207672.pdf,wuestungslisten_kl_A-L,199782,Engelschalchesprunne
208141,208141.png,0392-10b_engelschalchesprunne_skz_01,199782,Engelschalchesprunne
207807,207807.pdf,19750313_Besprechungsprotokoll_Zelesnik_Strohschneider,199782,Engelschalchesprunne
207807,207807.pdf,19750313_Besprechungsprotokoll_Zelesnik_Strohschneider,199782,Engelschalchesprunne
207807,207807.pdf,19750313_Besprechungsprotokoll_Zelesnik_Strohschneider,199782,Engelschalchesprunne
207680,207680.pdf,Zelesnik_Wüstungen begangen_geschwärzt,199782,Engelschalchesprunne
232912,232912.pdf,0392-10b_engelschalchesprunne_geschwärzt,199782,Engelschalchesprunne
215463,215463.pdf,Aufstellung Leistungen der Außenmitarbeiter (Stand 19.4.1975),199782,Engelschalchesprunne
207672,207672.pdf,wuestungslisten_kl_A-L,199784,Engelschalks
232913,232913.pdf,0393-10b_engelschalks,199784,Engelschalks
207672,207672.pdf,wuestungslisten_kl_A-L,199786,Engelsperg
232914,232914.pdf,0394-10b_engelsperg,199786,Engelsperg
207672,207672.pdf,wuestungslisten_kl_A-L,199788,Enkanesteinen
232915,232915.pdf,0395-10b_enkanesteinen,199788,Enkanesteinen
207672,207672.pdf,wuestungslisten_kl_A-L,199790,Ensewalde de
232916,232916.pdf,0396-10b_ensewalde,199790,Ensewalde de
208144,208144.pdf,0396-20b_enzersdorf west,199792,Enzersdorf West*
208142,208142.png,0396-20b_enzersdorf_west_skz_01,199792,Enzersdorf West*
232917,232917.pdf,0396-20b_enzersdorf west,199792,Enzersdorf West*
221526,221526.glb,0396-20b_Enzersdorf_West,199792,Enzersdorf West*
234343,234343.pdf,Überblick Langes Tal,199792,Enzersdorf West*
207672,207672.pdf,wuestungslisten_kl_A-L,199794,Enzimanneswaithoven
232918,232918.pdf,0397-10b_enzimanneswaithoven,199794,Enzimanneswaithoven
207672,207672.pdf,wuestungslisten_kl_A-L,199796,Eoluespah
207673,207673.pdf,wuestungslisten_kl_M-Z,199796,Eoluespah
232919,232919.pdf,0398-10b_eoluespah,199796,Eoluespah
207672,207672.pdf,wuestungslisten_kl_A-L,199798,Eporespurch
232920,232920.pdf,0399-10b_eporespurch,199798,Eporespurch
207672,207672.pdf,wuestungslisten_kl_A-L,199800,Eppinberch
232921,232921.pdf,0400-10b_eppinberch,199800,Eppinberch
207672,207672.pdf,wuestungslisten_kl_A-L,199802,"Etzels, Holz auf dem"
232960,232960.pdf,0420-10b_holz auf dem etzels,199802,"Etzels, Holz auf dem"
207672,207672.pdf,wuestungslisten_kl_A-L,199804,Feganespruk
233410,233410.pdf,0430-10b_feganespruk,199804,Feganespruk
215465,215465.pdf,Wüstungsarchiv des Archivs für Mittelalterarchäologie,199804,Feganespruk
207672,207672.pdf,wuestungslisten_kl_A-L,199806,Flansenhof
233418,233418.pdf,0433-10b_flansenhof,199806,Flansenhof
207672,207672.pdf,wuestungslisten_kl_A-L,199808,Foesenprunne
233419,233419.pdf,0434-10b_foesenprunne,199808,Foesenprunne
207672,207672.pdf,wuestungslisten_kl_A-L,199810,"Fokan, am"
233420,233420.pdf,0435-10b_am fokan,199810,"Fokan, am"
207672,207672.pdf,wuestungslisten_kl_A-L,199812,Foriaech
233422,233422.pdf,0437-10b_foriaech,199812,Foriaech
207672,207672.pdf,wuestungslisten_kl_A-L,199814,Gainfarn
233447,233447.pdf,0460-10b_gainfarn,199814,Gainfarn
207672,207672.pdf,wuestungslisten_kl_A-L,199816,Gaisberg
233449,233449.pdf,0461-10b_gaisberg,199816,Gaisberg
233448,233448.pdf,0461-10b_gaisberg_fot_01,199816,Gaisberg
207672,207672.pdf,wuestungslisten_kl_A-L,199818,Geltseins
233511,233511.pdf,0489-10b_geltseins,199818,Geltseins
207672,207672.pdf,wuestungslisten_kl_A-L,199820,Erdgastei
232922,232922.pdf,0401-10b_erdgastegei,199820,Erdgastei
207672,207672.pdf,wuestungslisten_kl_A-L,199822,Erdmannsperg
232923,232923.pdf,0402-10b_erdmannsperg,199822,Erdmannsperg
207672,207672.pdf,wuestungslisten_kl_A-L,199824,Erlach
232924,232924.pdf,0403-10b_erlach,199824,Erlach
207672,207672.pdf,wuestungslisten_kl_A-L,199826,Erlofhingen
232925,232925.pdf,0404-10b_erlofhingen,199826,Erlofhingen
232926,232926.pdf,0405-10b_ermut,199828,Ermut
207672,207672.pdf,wuestungslisten_kl_A-L,199830,Ernbrechts
232927,232927.pdf,0406-10b_ernbrechts,199830,Ernbrechts
207672,207672.pdf,wuestungslisten_kl_A-L,199832,Ernsdorf
232928,232928.pdf,0407-10b_ernsdorf_geschwärzt,199832,Ernsdorf
207672,207672.pdf,wuestungslisten_kl_A-L,199834,Erpholtirspach
232929,232929.pdf,0408-10b_erpholtirspach,199834,Erpholtirspach
207672,207672.pdf,wuestungslisten_kl_A-L,199836,Ersing
232930,232930.pdf,0409-10b_ersing,199836,Ersing
207672,207672.pdf,wuestungslisten_kl_A-L,199838,Ertprust
232931,232931.pdf,0410-10b_ertprust,199838,Ertprust
207672,207672.pdf,wuestungslisten_kl_A-L,199840,Escecindesdorf
232933,232933.pdf,0411-10b_escecindesdorf,199840,Escecindesdorf
207672,207672.pdf,wuestungslisten_kl_A-L,199842,Eschenaw
232934,232934.pdf,0412-10b_eschenaw_geschwärzt,199842,Eschenaw
207672,207672.pdf,wuestungslisten_kl_A-L,199844,Escheriches
232935,232935.pdf,0413-10b_escheriches,199844,Escheriches
207672,207672.pdf,wuestungslisten_kl_A-L,199846,Eselshopten
232936,232936.pdf,0414-10b_eselshopten,199846,Eselshopten
207672,207672.pdf,wuestungslisten_kl_A-L,199848,Eselstain
232939,232939.pdf,0415-10b_eselstain,199848,Eselstain
207672,207672.pdf,wuestungslisten_kl_A-L,199850,Estricci
232950,232950.pdf,0416-10b_estrici_geschwärzt,199850,Estricci
208143,208143.png,0416-20b_ettlersee_skz_01,199852,Etlersee
232946,232946.pdf,0416-20b_etlersee_geschwärzt,199852,Etlersee
221527,221527.glb,0416-20b_Ettlersee,199852,Etlersee
234343,234343.pdf,Überblick Langes Tal,199852,Etlersee
208154,208154.png,0416-30b_etlasgraben_skz_03,199854,Etlasgraben
208153,208153.png,0416-30b_etlasgraben_skz_02,199854,Etlasgraben
208146,208146.png,0416-30b_etlasgraben_skz_01,199854,Etlasgraben
223156,223156.glb,0416-30b_Etlasgraben_b,199854,Etlasgraben
232952,232952.pdf,0416-30b_etlasgraben,199854,Etlasgraben
207672,207672.pdf,wuestungslisten_kl_A-L,199856,Ettenhart de
232954,232954.pdf,0417-10b_ettenhart de,199856,Ettenhart de
207672,207672.pdf,wuestungslisten_kl_A-L,199858,Ettivhouen
232956,232956.pdf,0418-10b_ettivhouen,199858,Ettivhouen
207672,207672.pdf,wuestungslisten_kl_A-L,199860,Etzawing
232958,232958.pdf,0419-10b_etzawing,199860,Etzawing
207672,207672.pdf,wuestungslisten_kl_A-L,199862,Etzleinsdorf
207672,207672.pdf,wuestungslisten_kl_A-L,199866,Eyczenoede
232961,232961.pdf,0422-10b_eyczenoede,199866,Eyczenoede
207672,207672.pdf,wuestungslisten_kl_A-L,199868,Eygen dacz dem
232964,232964.pdf,0423-10b_dacz dem eygen,199868,Eygen dacz dem
207672,207672.pdf,wuestungslisten_kl_A-L,199870,Eyrichs
232965,232965.pdf,0424-10b_von eyrichs,199870,Eyrichs
207672,207672.pdf,wuestungslisten_kl_A-L,199872,Ezeining im Tullnerfeld
232966,232966.pdf,0425-10b_ezeining,199872,Ezeining im Tullnerfeld
207672,207672.pdf,wuestungslisten_kl_A-L,199874,Ezenbach
233387,233387.pdf,0426-10b_ezenbach,199874,Ezenbach
207672,207672.pdf,wuestungslisten_kl_A-L,199955,Ezinduri
233388,233388.pdf,0427-10b_ezinduri,199955,Ezinduri
207672,207672.pdf,wuestungslisten_kl_A-L,199957,Etzles
208244,208244.png,0428-10b_Etzles,199957,Etzles
223157,223157.glb,0428-10b_Etzles,199957,Etzles
233394,233394.pdf,0428-10b_etzles,199957,Etzles
207672,207672.pdf,wuestungslisten_kl_A-L,199964,Farnpach
233399,233399.pdf,0429-10b_farnpach_geschwärzt,199964,Farnpach
208245,208245.png,0429-20b_Faumen,199966,Faumen*
223158,223158.glb,0429-20b_Faumen,199966,Faumen*
233407,233407.pdf,0429-20b_faumen_geschwärzt,199966,Faumen*
208246,208246.png,0430-20b_feldmühl_skz_01,199968,Feldmühl
233411,233411.pdf,0430-20b_feldmühl_geschwärzt,199968,Feldmühl
223159,223159.glb,0430-20b_Feldmühl,199968,Feldmühl
215465,215465.pdf,Wüstungsarchiv des Archivs für Mittelalterarchäologie,199968,Feldmühl
208247,208247.png,0430-40b_fertlbruck_skz_01,199972,Fertelbruck*
233413,233413.pdf,0430-40b_fertelbruck,199972,Fertelbruck*
223160,223160.glb,0430-40b_Fertlbruck,199972,Fertelbruck*
208256,208256.png,0430-50b_fertelfeld_skz_01.pdf,199975,Fertelfeld*
223161,223161.glb,0430-50b_Fertelfeld,199975,Fertelfeld*
220254,220254.pdf,0430-50b_fertelfeld_abl_01,199975,Fertelfeld*
207672,207672.pdf,wuestungslisten_kl_A-L,199979,Feuterbach de
233414,233414.pdf,0431-10b_feuterpach,199979,Feuterbach de
215465,215465.pdf,Wüstungsarchiv des Archivs für Mittelalterarchäologie,199979,Feuterbach de
207672,207672.pdf,wuestungslisten_kl_A-L,199981,Flazlansdorf
208305,208305.png,0432-10b_filazlansdorf_skz_01,199981,Flazlansdorf
233415,233415.pdf,0432-10b_filazlansdorf,199981,Flazlansdorf
223162,223162.glb,0432-10b_Flazlansdorf,199981,Flazlansdorf
208314,208314.png,0432-20b_fistritzbach_skz_01,199983,Fistritzbach
233416,233416.pdf,0432-20b_fistritzbach,199983,Fistritzbach
223172,223172.glb,0432-20b_Fistritzbach,199983,Fistritzbach
208343,208343.png,0432-30b_fistritzer hofstatt_skz_01,199985,Fistritzer Hofstatt
233417,233417.pdf,0432-30b_fistritzer hofstatt,199985,Fistritzer Hofstatt
223174,223174.glb,0432-30b_Fistritzer_Hofstatt,199985,Fistritzer Hofstatt
207672,207672.pdf,wuestungslisten_kl_A-L,199987,Forchach
233421,233421.pdf,0436-10b_forchach,199987,Forchach
207672,207672.pdf,wuestungslisten_kl_A-L,199989,Fornice
233423,233423.pdf,0438-10b_fornice,199989,Fornice
207672,207672.pdf,wuestungslisten_kl_A-L,199993,Foyssen
233424,233424.pdf,0439-10b_foyssen,199993,Foyssen
207672,207672.pdf,wuestungslisten_kl_A-L,199995,Fraetings
233425,233425.pdf,0440-10b_fraetings,199995,Fraetings
208684,208684.png,0440-20b_frankenhof_skz_01,199997,Frankenhof
223178,223178.glb,0440-20b_Frankenhof,199997,Frankenhof
233426,233426.pdf,0440-20b_frankenhof_geschwärzt,199997,Frankenhof
207672,207672.pdf,wuestungslisten_kl_A-L,199999,Frankhenstain
233427,233427.pdf,0441-10b_frankhenstain,199999,Frankhenstain
207672,207672.pdf,wuestungslisten_kl_A-L,200001,Freiling
233428,233428.pdf,0442-10b_freiling,200001,Freiling
207672,207672.pdf,wuestungslisten_kl_A-L,200020,Frein
233429,233429.pdf,0443-10b_frein,200020,Frein
207672,207672.pdf,wuestungslisten_kl_A-L,200022,Freunwörth
233430,233430.pdf,0444-10b_freunwörth,200022,Freunwörth
207672,207672.pdf,wuestungslisten_kl_A-L,200024,Fridegk
233432,233432.pdf,0445-10b_fridegk,200024,Fridegk
207672,207672.pdf,wuestungslisten_kl_A-L,200027,Fridehalmsdorf de
233431,233431.pdf,0446-10b_fridehalmsdorf,200027,Fridehalmsdorf de
207672,207672.pdf,wuestungslisten_kl_A-L,200031,Fridhelming
233434,233434.pdf,0448-10b_fridhelming,200031,Fridhelming
207672,207672.pdf,wuestungslisten_kl_A-L,200034,Friessenreut
208685,208685.png,0449-10b_friessenreut_skz_01,200034,Friessenreut
233435,233435.pdf,0449-10b_friessenreut,200034,Friessenreut
223610,223610.glb,0449-10b_Friessenreut,200034,Friessenreut
207672,207672.pdf,wuestungslisten_kl_A-L,200036,Frischenhag
233436,233436.pdf,0450-10b_frischenhag,200036,Frischenhag
207672,207672.pdf,wuestungslisten_kl_A-L,200038,Froschau
233437,233437.pdf,0451-10b_froschau,200038,Froschau
207672,207672.pdf,wuestungslisten_kl_A-L,200043,Frubretz
208686,208686.png,0452-10b_frubretz_skz_01,200043,Frubretz
223611,223611.glb,0452-10b_Frubretz,200043,Frubretz
233438,233438.pdf,0452-10b_frubretz_geschwärzt,200043,Frubretz
207672,207672.pdf,wuestungslisten_kl_A-L,200045,Frueling
208688,208688.png,0453-10b_fruehlinger_skz_01,200045,Frueling
233439,233439.pdf,0453-10b_fruehlinger,200045,Frueling
223612,223612.glb,0453-10b_Frueling,200045,Frueling
207672,207672.pdf,wuestungslisten_kl_A-L,200047,Fuchsperch
233440,233440.pdf,0454-10b_fuchsperch_geschwärzt,200047,Fuchsperch
207672,207672.pdf,wuestungslisten_kl_A-L,200049,Furtt
233441,233441.pdf,0455-10b_furtt,200049,Furtt
207672,207672.pdf,wuestungslisten_kl_A-L,200051,Fusinen
233442,233442.pdf,0456-10b_fusinen,200051,Fusinen
207672,207672.pdf,wuestungslisten_kl_A-L,200053,Futine de
233443,233443.pdf,0457-10b_de futine,200053,Futine de
207672,207672.pdf,wuestungslisten_kl_A-L,200055,Gaber Dorf
208690,208690.png,0458-10b_gaber dorf_skz_01,200055,Gaber Dorf
223613,223613.glb,0458-10b_Gaber_Dorf,200055,Gaber Dorf
233444,233444.pdf,0458-10b_gaber dorf_geschwärzt,200055,Gaber Dorf
233445,233445.pdf,0458-20b_gaber II_geschwärzt,200059,Gaber II
223615,223615.glb,0458-20b_Gaber_II,200059,Gaber II
208692,208692.jpg,0458-20b_gaber_II_skz_02,200059,Gaber II
208691,208691.png,0458-20b_gaber_II_skz_01,200059,Gaber II
207672,207672.pdf,wuestungslisten_kl_A-L,200067,Gaezweins
233446,233446.pdf,0459-10b_gaezweins,200067,Gaezweins
207672,207672.pdf,wuestungslisten_kl_A-L,200072,Gaize locus
233450,233450.pdf,0462-10b_gaize,200072,Gaize locus
207672,207672.pdf,wuestungslisten_kl_A-L,200077,Ansitz Gaizperch
208693,208693.png,0463-10b_gaizperch_skz_01,200077,Ansitz Gaizperch
207603,207603.pdf,Schutzbier_Wüstungen begangen_geschwärzt,200077,Ansitz Gaizperch
233451,233451.pdf,0463-10b_gaizperch,200077,Ansitz Gaizperch
223616,223616.glb,0463-10b_Gaizperchsiedlungen,200077,Ansitz Gaizperch
208693,208693.png,0463-10b_gaizperch_skz_01,200080,Gründungssiedlung Gaizperch
233452,233452.pdf,0463-11b_gaizperch gruendungssiedlung,200080,Gründungssiedlung Gaizperch
223616,223616.glb,0463-10b_Gaizperchsiedlungen,200080,Gründungssiedlung Gaizperch
208693,208693.png,0463-10b_gaizperch_skz_01,200082,Untergaizperch
233453,233453.pdf,0463-12b_gaizperch-unterdorf,200082,Untergaizperch
223616,223616.glb,0463-10b_Gaizperchsiedlungen,200082,Untergaizperch
208693,208693.png,0463-10b_gaizperch_skz_01,200084,Obergaizperch
233454,233454.pdf,0463-13b_gaizperch-oberdorf_geschwärzt,200084,Obergaizperch
223616,223616.glb,0463-10b_Gaizperchsiedlungen,200084,Obergaizperch
207672,207672.pdf,wuestungslisten_kl_A-L,200086,Gaizstetin
233455,233455.pdf,0464-10b_gaizstetin,200086,Gaizstetin
207672,207672.pdf,wuestungslisten_kl_A-L,200090,Galbrechts
233456,233456.pdf,0465-10b_galbrechts,200090,Galbrechts
223617,223617.glb,0465-20b_Galgenfeld,200093,Galgenfeld
208696,208696.png,0465-20b_galgenfeld_skz_01,200093,Galgenfeld
207672,207672.pdf,wuestungslisten_kl_A-L,200095,Gallensperg
233457,233457.pdf,0466-10b_gallensperg,200095,Gallensperg
207672,207672.pdf,wuestungslisten_kl_A-L,200097,Ganandorf de
233458,233458.pdf,0467-10b_ganandorf,200097,Ganandorf de
207672,207672.pdf,wuestungslisten_kl_A-L,200099,Ganays
233459,233459.pdf,0468-10b_ganays,200099,Ganays
206098,206098.pdf,"Margl, Wüstungen begangen von",200101,Gange
214431,214431.pdf,Bors_Theorie und Praxis der Ortswüstungsforschung,200101,Gange
233612,233612.pdf,Stand und Aufgaben der Mittela[l]terarchäologie in Österreich,200101,Gange
233490,233490.pdf,0469-10b_gange_skz_23,200101,Gange
233489,233489.pdf,0469-10b_gange_skz_22,200101,Gange
233487,233487.pdf,0469-10b_gange_skz_20,200101,Gange
233485,233485.pdf,0469-10b_gange_skz_18,200101,Gange
233484,233484.pdf,0469-10b_gange_skz_17,200101,Gange
233483,233483.pdf,0469-10b_gange_skz_16,200101,Gange
233482,233482.pdf,0469-10b_gange_skz_15,200101,Gange
233481,233481.pdf,0469-10b_gange_skz_14,200101,Gange
233480,233480.pdf,0469-10b_gange_skz_13,200101,Gange
233479,233479.pdf,0469-10b_gange_skz_12,200101,Gange
233478,233478.pdf,0469-10b_gange_skz_11,200101,Gange
233477,233477.pdf,0469-10b_gange_skz_10,200101,Gange
233476,233476.pdf,0469-10b_gange_skz_09,200101,Gange
233475,233475.pdf,0469-10b_gange_skz_08,200101,Gange
233474,233474.pdf,0469-10b_gange_skz_07,200101,Gange
233473,233473.pdf,0469-10b_gange_skz_06,200101,Gange
233472,233472.pdf,0469-10b_gange_skz_05,200101,Gange
233471,233471.pdf,0469-10b_gange_skz_04,200101,Gange
233470,233470.pdf,0469-10b_gange_skz_03,200101,Gange
233467,233467.pdf,0469-10b_gange_fot_05,200101,Gange
233466,233466.pdf,0469-10b_gange_fot_04,200101,Gange
233465,233465.pdf,0469-10b_gange_fot_03,200101,Gange
233464,233464.pdf,0469-10b_gange_fot_02,200101,Gange
233463,233463.pdf,0469-10b_gange_fot_01,200101,Gange
233462,233462.jpg,0469-10b_gange_pla_huegel13_uferprofile_01,200101,Gange
233461,233461.jpg,0469-10b_gange_pla_huegel13_hoehenschichten,200101,Gange
233460,233460.pdf,0469-10b_gange_kap_02,200101,Gange
223620,223620.glb,0469-10b_Gange,200101,Gange
215466,215466.pdf,Übersicht über die Tätigkeit der Mittelalterarchäologie in Österreich,200101,Gange
208697,208697.png,0469-10b_gange_skz_01,200101,Gange
208699,208699.png,0469-10b_gange_kap_01,200101,Gange
208698,208698.png,0469-10b_gange_skz_02,200101,Gange
233488,233488.pdf,0469-10b_gange_skz_21,200101,Gange
233486,233486.pdf,0469-10b_gange_skz_19,200101,Gange
233468,233468.pdf,0469-10b_gange_fot_06,200101,Gange
215463,215463.pdf,Aufstellung Leistungen der Außenmitarbeiter (Stand 19.4.1975),200101,Gange
207672,207672.pdf,wuestungslisten_kl_A-L,200103,Gansaraveldi
234468,234468.pdf,19720512_AMA_an_Kmoch_geschwärzt,200103,Gansaraveldi
234469,234469.pdf,19720406_Eibner_an_Kmoch,200103,Gansaraveldi
233491,233491.pdf,0470-10b_gansaraveldi_geschwärzt,200103,Gansaraveldi
212640,212640.pdf,19750321_Strohschneider_an_Kmoch,200103,Gansaraveldi
212636,212636.pdf,19720328_Kmoch_an_Eibner,200103,Gansaraveldi
212633,212633.pdf,19720316_AMA_an_Kmoch,200103,Gansaraveldi
207672,207672.pdf,wuestungslisten_kl_A-L,200105,Gänselstein
233492,233492.pdf,0471-10b_gaenselstein,200105,Gänselstein
207672,207672.pdf,wuestungslisten_kl_A-L,200109,Gasprechts
233493,233493.pdf,0472-10b_gasprechts,200109,Gasprechts
207672,207672.pdf,wuestungslisten_kl_A-L,200113,Gasseneck
233494,233494.pdf,0473-10b_gasseneck,200113,Gasseneck
207672,207672.pdf,wuestungslisten_kl_A-L,200115,Gassteig
233495,233495.pdf,0474-10b_gassteig,200115,Gassteig
207672,207672.pdf,wuestungslisten_kl_A-L,200119,Gauristenne
233496,233496.pdf,0475-10b_gauristenne_geschwärzt,200119,Gauristenne
207672,207672.pdf,wuestungslisten_kl_A-L,200121,Gebensdorf
233497,233497.pdf,0476-10b_gebensdorf,200121,Gebensdorf
207672,207672.pdf,wuestungslisten_kl_A-L,200123,Gebharts
233498,233498.pdf,0477-10b_gebharts,200123,Gebharts
207672,207672.pdf,wuestungslisten_kl_A-L,200125,Gebnsdorf
233499,233499.pdf,0478-10b_gebnsdorf,200125,Gebnsdorf
207672,207672.pdf,wuestungslisten_kl_A-L,200133,Gebsdorf
233501,233501.pdf,0480-10b_gebsdorf,200133,Gebsdorf
207672,207672.pdf,wuestungslisten_kl_A-L,200137,Gebharts
233502,233502.pdf,0481-10b_gebharts,200137,Gebharts
233503,233503.pdf,0481-20b_gegenfeld_geschwärzt,200139,Gegenfeld
223621,223621.glb,0481-20b_Gegenfeld,200139,Gegenfeld
208700,208700.png,0481-20b_Gegenfeld,200139,Gegenfeld
234343,234343.pdf,Überblick Langes Tal,200139,Gegenfeld
207672,207672.pdf,wuestungslisten_kl_A-L,200141,"Gehag, Haus zu dem"
233504,233504.pdf,0482-10b_gehag,200141,"Gehag, Haus zu dem"
207672,207672.pdf,wuestungslisten_kl_A-L,200143,Gehoven
233505,233505.pdf,0483-10b_gehoven,200143,Gehoven
207672,207672.pdf,wuestungslisten_kl_A-L,200150,Geiselhersdorf
233506,233506.pdf,0484-10b_geiselhersdorf,200150,Geiselhersdorf
207672,207672.pdf,wuestungslisten_kl_A-L,200155,Holstain
234814,234814.pdf,0784-10b_holstain,200155,Holstain
207672,207672.pdf,wuestungslisten_kl_A-L,200157,Geittorf
233507,233507.pdf,0485-10b_gettorf_geschwärzt,200157,Geittorf
207672,207672.pdf,wuestungslisten_kl_A-L,200159,Geizruk
233508,233508.pdf,0486-10b_geizruk,200159,Geizruk
207672,207672.pdf,wuestungslisten_kl_A-L,200163,Geltracz silva
233509,233509.pdf,0487-10b_getracz,200163,Geltracz silva
207672,207672.pdf,wuestungslisten_kl_A-L,200166,Gelitz
233510,233510.pdf,0488-10b_gelitz,200166,Gelitz
207672,207672.pdf,wuestungslisten_kl_A-L,200168,Gemaintal
233512,233512.pdf,0490-10b_gemaintal,200168,Gemaintal
207672,207672.pdf,wuestungslisten_kl_A-L,200176,Genendleinsdorf
233513,233513.pdf,0491-10b_geneudleinsdorf,200176,Genendleinsdorf
207672,207672.pdf,wuestungslisten_kl_A-L,200178,Georgenberg
233514,233514.pdf,0492-10b_georgenberg,200178,Georgenberg
207672,207672.pdf,wuestungslisten_kl_A-L,200180,"Georgium, St."
233515,233515.pdf,0493-10b_st georgium,200180,"Georgium, St."
207672,207672.pdf,wuestungslisten_kl_A-L,200184,"Georgium, St."
233516,233516.pdf,0494-10b_st georgium,200184,"Georgium, St."
207672,207672.pdf,wuestungslisten_kl_A-L,200189,Geppendorf
233517,233517.pdf,0495-10b_st geppendorf_geschwärzt,200189,Geppendorf
207672,207672.pdf,wuestungslisten_kl_A-L,200191,Geraeut
233518,233518.pdf,0496-10b_geraeut,200191,Geraeut
207672,207672.pdf,wuestungslisten_kl_A-L,200195,Gerasdorf
233519,233519.pdf,0497-10b_gerasdorf,200195,Gerasdorf
207672,207672.pdf,wuestungslisten_kl_A-L,200198,Gereut
233520,233520.pdf,0498-10b_gereut,200198,Gereut
207672,207672.pdf,wuestungslisten_kl_A-L,200200,castrum Gereut
233521,233521.pdf,0499-10b_gereut castrum,200200,castrum Gereut
233523,233523.pdf,0500-10b_gerewote,200202,Gerwote
207672,207672.pdf,wuestungslisten_kl_A-L,200206,Geroltstorf
207807,207807.pdf,19750313_Besprechungsprotokoll_Zelesnik_Strohschneider,200206,Geroltstorf
207807,207807.pdf,19750313_Besprechungsprotokoll_Zelesnik_Strohschneider,200206,Geroltstorf
207807,207807.pdf,19750313_Besprechungsprotokoll_Zelesnik_Strohschneider,200206,Geroltstorf
207680,207680.pdf,Zelesnik_Wüstungen begangen_geschwärzt,200206,Geroltstorf
233533,233533.pdf,0508-10b_geroltstorf_skz_02,200206,Geroltstorf
233532,233532.pdf,0508-10b_geroltstorf_skz_01,200206,Geroltstorf
233531,233531.pdf,0508-10b_geroltstorf_geschwärzt,200206,Geroltstorf
215463,215463.pdf,Aufstellung Leistungen der Außenmitarbeiter (Stand 19.4.1975),200206,Geroltstorf
207672,207672.pdf,wuestungslisten_kl_A-L,200209,Graben
233632,233632.pdf,0540-10b_graben,200209,Graben
207672,207672.pdf,wuestungslisten_kl_A-L,200211,Greymleinshof
207672,207672.pdf,wuestungslisten_kl_A-L,200223,Grideravwe
233745,233745.pdf,0561-10b_grideravwe,200223,Grideravwe
207672,207672.pdf,wuestungslisten_kl_A-L,200225,Grillenperg
233753,233753.pdf,0567-10b_grillenperg,200225,Grillenperg
207672,207672.pdf,wuestungslisten_kl_A-L,200227,Grillenportze
233755,233755.pdf,0569-10b_grillenportze,200227,Grillenportze
207672,207672.pdf,wuestungslisten_kl_A-L,200229,Gritsanas
233793,233793.pdf,0572-10b_gritsanas,200229,Gritsanas
207672,207672.pdf,wuestungslisten_kl_A-L,200231,Grize
233794,233794.pdf,0573-10b_grize,200231,Grize
207672,207672.pdf,wuestungslisten_kl_A-L,200233,Groeber
233804,233804.pdf,0576-10b_groeber_geschwärzt,200233,Groeber
207672,207672.pdf,wuestungslisten_kl_A-L,200235,Gruenech
233819,233819.pdf,0581-10b_gruenech,200235,Gruenech
207672,207672.pdf,wuestungslisten_kl_A-L,200237,Gruenprunn
233820,233820.pdf,0582-10b_gruenprunn,200237,Gruenprunn
207672,207672.pdf,wuestungslisten_kl_A-L,200239,Gswent
234019,234019.pdf,0587-10b_gswent,200239,Gswent
207672,207672.pdf,wuestungslisten_kl_A-L,200241,Guetenanne
234020,234020.pdf,0588-10b_guetenanne,200241,Guetenanne
207672,207672.pdf,wuestungslisten_kl_A-L,200243,Guetenturn
234021,234021.pdf,0589-10b_guetenturn,200243,Guetenturn
207672,207672.pdf,wuestungslisten_kl_A-L,200245,Guetmannsdorf
234022,234022.pdf,0590-10b_guetmannsdorf,200245,Guetmannsdorf
207672,207672.pdf,wuestungslisten_kl_A-L,200247,Gumpental
234024,234024.pdf,0591-10b_gumpental,200247,Gumpental
207672,207672.pdf,wuestungslisten_kl_A-L,200249,Gumplaha
234025,234025.pdf,0592-10b_gumplaha,200249,Gumplaha
207672,207672.pdf,wuestungslisten_kl_A-L,200251,Gutenberch
234028,234028.pdf,0595-10b_gutenberch,200251,Gutenberch
207672,207672.pdf,wuestungslisten_kl_A-L,200253,Gutenbrunn
234029,234029.pdf,0596-10b_gutenbrunn_geschwärzt,200253,Gutenbrunn
207672,207672.pdf,wuestungslisten_kl_A-L,200255,Gutenbrunn
234030,234030.pdf,0597-10b_gutenbrunn,200255,Gutenbrunn
207672,207672.pdf,wuestungslisten_kl_A-L,200257,Gerharsdorf
223622,223622.glb,0501-10b_Gerharsdorff,200257,Gerharsdorf
208702,208702.png,0501-10b_Gerharsdorff,200257,Gerharsdorf
233524,233524.pdf,0501-10b_gerharsdorf,200257,Gerharsdorf
207672,207672.pdf,wuestungslisten_kl_A-L,200259,Gerharts
233525,233525.pdf,0502-10b_gerharts,200259,Gerharts
207672,207672.pdf,wuestungslisten_kl_A-L,200262,Gerlohes
208752,208752.png,0503-10b_gerlohes_skz_01,200262,Gerlohes
234568,234568.pdf,19760226_Strohschneider_an_Zelesnik_geschwärzt,200262,Gerlohes
234566,234566.pdf,19760120_Strohschneider_an_Zelesnik_geschwärzt,200262,Gerlohes
223624,223624.glb,0503-10b_Gerlohes,200262,Gerlohes
208755,208755.png,0503-10b_gerlohes_skz_02,200262,Gerlohes
233526,233526.pdf,0503-10b_gerlohes_geschwärzt,200262,Gerlohes
234547,234547.pdf,19750307_Strohschneider_an_Zelesnik_geschwärzt,200262,Gerlohes
207672,207672.pdf,wuestungslisten_kl_A-L,200264,Gerlohes
207680,207680.pdf,Zelesnik_Wüstungen begangen_geschwärzt,200264,Gerlohes
233527,233527.pdf,0504-10b_gerlohes_geschwärzt,200264,Gerlohes
207672,207672.pdf,wuestungslisten_kl_A-L,200266,Gerlorsdorf
233528,233528.pdf,0505-10b_gerlorsdorf,200266,Gerlorsdorf
207672,207672.pdf,wuestungslisten_kl_A-L,200268,Gernmut
233529,233529.pdf,0506-10b_gernmut,200268,Gernmut
207672,207672.pdf,wuestungslisten_kl_A-L,200270,Gerolds
233530,233530.pdf,0507-10b_gerolds,200270,Gerolds
207672,207672.pdf,wuestungslisten_kl_A-L,200272,Geroltsperg
233536,233536.pdf,0509-10b_geroltstsperg_skz_01,200272,Geroltsperg
233535,233535.pdf,0509-10b_geroltstsperg,200272,Geroltsperg
207672,207672.pdf,wuestungslisten_kl_A-L,200274,Geroltzperig
233537,233537.pdf,0510-10b_geroltzpering,200274,Geroltzperig
207672,207672.pdf,wuestungslisten_kl_A-L,200276,Gerrichestal
233538,233538.pdf,0511-10b_gerrichestal,200276,Gerrichestal
207672,207672.pdf,wuestungslisten_kl_A-L,200278,Gersthalm
233539,233539.pdf,0512-10b_gersthalm,200278,Gersthalm
207672,207672.pdf,wuestungslisten_kl_A-L,200280,Gerwikeldorf
233540,233540.pdf,0513-10b_gerwikelsdorf,200280,Gerwikeldorf
207672,207672.pdf,wuestungslisten_kl_A-L,200282,Gesering
233541,233541.pdf,0514-10b_gesering,200282,Gesering
207672,207672.pdf,wuestungslisten_kl_A-L,200284,Geswent
233542,233542.pdf,0515-10b_geswent_geschwärzt,200284,Geswent
207672,207672.pdf,wuestungslisten_kl_A-L,200286,Geyrsberg
233543,233543.pdf,0516-10b_geyrsberg,200286,Geyrsberg
207672,207672.pdf,wuestungslisten_kl_A-L,200288,Gibesdorf
233544,233544.pdf,0517-10b_gibesdorf,200288,Gibesdorf
207672,207672.pdf,wuestungslisten_kl_A-L,200290,Giessenau
233546,233546.pdf,0518-10b_giessenau_geschwärzt_02,200290,Giessenau
207672,207672.pdf,wuestungslisten_kl_A-L,200292,Gigansdorf
233547,233547.pdf,0519-10b_gigansdorf,200292,Gigansdorf
207672,207672.pdf,wuestungslisten_kl_A-L,200294,Gillaws
233548,233548.pdf,0520-10b_gillaws,200294,Gillaws
208802,208802.png,0520-20b_Ginzenbach,200296,Ginzenbach*
233549,233549.pdf,0520-20b_ginzenbach,200296,Ginzenbach*
223626,223626.glb,Ginzenbach-Steirerhof-Taubitzfeldhof,200296,Ginzenbach*
207672,207672.pdf,wuestungslisten_kl_A-L,200298,Giselbrechtes
233550,233550.pdf,0521-20b_giselbrechtes_geschwärzt,200298,Giselbrechtes
207672,207672.pdf,wuestungslisten_kl_A-L,200300,Glatzmans
233551,233551.pdf,0522-10b_glatzmans,200300,Glatzmans
207672,207672.pdf,wuestungslisten_kl_A-L,200302,Glognicz
233552,233552.pdf,0523-10b_glognicz,200302,Glognicz
223627,223627.glb,0523-10b_Glognicz,200302,Glognicz
208830,208830.png,0523-10b_Glognicz,200302,Glognicz
207672,207672.pdf,wuestungslisten_kl_A-L,200304,Gnage
233553,233553.pdf,0524-10b_gnage,200304,Gnage
207672,207672.pdf,wuestungslisten_kl_A-L,200306,Gnage(ndorf)
233554,233554.pdf,0525-10b_gnagendorf_geschwärzt,200306,Gnage(ndorf)
207672,207672.pdf,wuestungslisten_kl_A-L,200308,"Gnewken, auf dem"
233555,233555.pdf,0526-10b_gneweken,200308,"Gnewken, auf dem"
207672,207672.pdf,wuestungslisten_kl_A-L,200310,Godtinesfeld
233556,233556.pdf,0527-10b_godtinesfeld,200310,Godtinesfeld
207672,207672.pdf,wuestungslisten_kl_A-L,200312,Godweinsdorf
233557,233557.pdf,0528-10b_godweinstorf,200312,Godweinsdorf
207672,207672.pdf,wuestungslisten_kl_A-L,200314,Goibeins
233558,233558.pdf,0529-10b_goibeins,200314,Goibeins
207672,207672.pdf,wuestungslisten_kl_A-L,200316,Goisdorf
223628,223628.glb,0530-10b_Goisdorf,200316,Goisdorf
208854,208854.png,0530-10b_goisdorf_skz_01,200316,Goisdorf
233559,233559.pdf,0530-10b_goisdorf_geschwärzt,200316,Goisdorf
207672,207672.pdf,wuestungslisten_kl_A-L,200322,Golstniz
233560,233560.pdf,0531-10b_golstniz,200322,Golstniz
207672,207672.pdf,wuestungslisten_kl_A-L,200324,Goldaruuerd
233561,233561.pdf,0532-10b_goldaruuerd,200324,Goldaruuerd
233562,233562.pdf,0532-20b_goldhahn,200326,Goldhahn
223631,223631.glb,0532-20b_Goldhahn,200326,Goldhahn
208861,208861.png,0532-20b_Goldhahn,200326,Goldhahn
208864,208864.png,0532-30-33b_Goldberg,200328,Goldberghof
233563,233563.pdf,0532-30b_goldberg,200328,Goldberghof
223639,223639.glb,0532-30-33b_Goldberg,200328,Goldberghof
208864,208864.png,0532-30-33b_Goldberg,200330,Quellenhof
223639,223639.glb,0532-30-33b_Goldberg,200330,Quellenhof
233564,233564.pdf,0532-32b_terrassensiedlung,200332,Goldbergterrasse
223639,223639.glb,0532-30-33b_Goldberg,200332,Goldbergterrasse
208864,208864.png,0532-30-33b_Goldberg,200332,Goldbergterrasse
233565,233565.pdf,0532-33b_goldberg ost,200334,Goldberg Ost
208864,208864.png,0532-30-33b_Goldberg,200334,Goldberg Ost
223639,223639.glb,0532-30-33b_Goldberg,200334,Goldberg Ost
207672,207672.pdf,wuestungslisten_kl_A-L,200336,Gorekhendorf
233617,233617.pdf,0533-10b_gorekhendorf,200336,Gorekhendorf
207672,207672.pdf,wuestungslisten_kl_A-L,200338,Görgings
233618,233618.pdf,0534-10b_goerings,200338,Görgings
223641,223641.glb,0534-10b_Goerings,200338,Görgings
208870,208870.png,0534-10b_goerings_skz_01,200338,Görgings
207672,207672.pdf,wuestungslisten_kl_A-L,200340,Görtschach
233619,233619.pdf,0535-10b_goertschach,200340,Görtschach
207672,207672.pdf,wuestungslisten_kl_A-L,200342,Goteschalchisdorf
233620,233620.pdf,0536-10b_goteschalchisdorf,200342,Goteschalchisdorf
207672,207672.pdf,wuestungslisten_kl_A-L,200344,Gottsmannsdorf
233624,233624.pdf,0537-10b_gottsmannsdorf,200344,Gottsmannsdorf
207672,207672.pdf,wuestungslisten_kl_A-L,200348,Gozdramsdorf
233629,233629.pdf,0538-10b_gozdramsdorf_geschwärzt,200348,Gozdramsdorf
207672,207672.pdf,wuestungslisten_kl_A-L,200350,Grabarn Huntaffen
233630,233630.pdf,0539-10b_grabarn huntaffen,200350,Grabarn Huntaffen
208873,208873.png,0539-20b_grabel_skz_01,200352,Grabel*
233631,233631.pdf,0539-20b_grabel,200352,Grabel*
223646,223646.glb,0539-20b_Grabel,200352,Grabel*
233639,233639.pdf,0541-10b_graben,200354,Graben*
223648,223648.glb,0540-20b_Graben,200354,Graben*
208892,208892.png,0540-20b_graben_skz_01,200354,Graben*
207672,207672.pdf,wuestungslisten_kl_A-L,200356,Graben
237221,237221.pdf,0541-10b_graben,200356,Graben
223666,223666.glb,0541-20b_Grabenlüss,200358,Grabenlüß*
208893,208893.png,0541-20b_grabenlüss_skz_01,200358,Grabenlüß*
233640,233640.pdf,0541-20b_grabenlüss,200358,Grabenlüß*
207672,207672.pdf,wuestungslisten_kl_A-L,200360,Grabenstat
233641,233641.pdf,0542-10b_grabenstat,200360,Grabenstat
207672,207672.pdf,wuestungslisten_kl_A-L,200362,Graetzhof
233642,233642.pdf,0543-10b_graetzhof,200362,Graetzhof
207672,207672.pdf,wuestungslisten_kl_A-L,200364,Grafendorf
233643,233643.pdf,0544-10b_grafendorf_geschwärzt,200364,Grafendorf
223667,223667.glb,0544-10b_Grafendorf,200364,Grafendorf
208896,208896.png,0544-10b_grafendorf_skz_01,200364,Grafendorf
207672,207672.pdf,wuestungslisten_kl_A-L,200366,Grafenreut
233644,233644.pdf,0545-10b_grafenreut,200366,Grafenreut
207672,207672.pdf,wuestungslisten_kl_A-L,200368,Grafenweiden
208894,208894.png,0547-10b_grafenweiden_skz_01,200368,Grafenweiden
208894,208894.png,0547-10b_grafenweiden_skz_01,200368,Grafenweiden
206098,206098.pdf,"Margl, Wüstungen begangen von",200368,Grafenweiden
223668,223668.glb,0547-10b_Grafenweiden,200368,Grafenweiden
233712,233712.pdf,0547-10b_grafenweiden_geschwärzt,200368,Grafenweiden
215463,215463.pdf,Aufstellung Leistungen der Außenmitarbeiter (Stand 19.4.1975),200368,Grafenweiden
207672,207672.pdf,wuestungslisten_kl_A-L,200370,Graicz
233715,233715.pdf,0548-10b_graicz,200370,Graicz
207672,207672.pdf,wuestungslisten_kl_A-L,200372,Grasperch
233714,233714.pdf,0549-10b_grasperch,200372,Grasperch
207672,207672.pdf,wuestungslisten_kl_A-L,200374,Grassgegend
233717,233717.pdf,0550-10b_grassgegend,200374,Grassgegend
207672,207672.pdf,wuestungslisten_kl_A-L,200376,Grates
206397,206397.png,0551-10b_grates_skz_01,200376,Grates
233724,233724.pdf,0551-10b_grates,200376,Grates
220981,220981.glb,0152-20b_Brunnensiedlung_Grates,200376,Grates
207672,207672.pdf,wuestungslisten_kl_A-L,200378,Grathoff
233725,233725.pdf,0552-10b_grathoff,200378,Grathoff
207672,207672.pdf,wuestungslisten_kl_A-L,200380,Graustorf
233726,233726.pdf,0553-10b_graustorf,200380,Graustorf
207672,207672.pdf,wuestungslisten_kl_A-L,200382,Grawaren
233727,233727.pdf,0554-10b_grawaren,200382,Grawaren
207672,207672.pdf,wuestungslisten_kl_A-L,200384,Grazperge
233728,233728.pdf,0555-10b_grazperge,200384,Grazperge
207672,207672.pdf,wuestungslisten_kl_A-L,200386,Greimsee
233729,233729.pdf,0556-10b_greimsee,200386,Greimsee
207672,207672.pdf,wuestungslisten_kl_A-L,200388,Grenstorf
233730,233730.pdf,0557-10b_grenstorf,200388,Grenstorf
207672,207672.pdf,wuestungslisten_kl_A-L,200390,"Grenzzen, an dem"
233731,233731.pdf,0558-10b_grenzzen,200390,"Grenzzen, an dem"
207672,207672.pdf,wuestungslisten_kl_A-L,200392,Grevenslag
223669,223669.glb,0559-10b_Grevenslag,200392,Grevenslag
208902,208902.png,0559-10b_grevenslag_skz_01,200392,Grevenslag
208901,208901.png,0559-10b_grevenslag_skz_02,200392,Grevenslag
233742,233742.pdf,0559-10b_grevenslag_geschwärzt,200392,Grevenslag
224750,224750.glb,1161-20b_Oberfeld,200392,Grevenslag
213634,213634.png,1661-20b_oberfeld_grevenslag_skz_01,200392,Grevenslag
213634,213634.png,1661-20b_oberfeld_grevenslag_skz_01,200392,Grevenslag
207672,207672.pdf,wuestungslisten_kl_A-L,200394,Grie
233746,233746.pdf,0562-10b_grie,200394,Grie
207672,207672.pdf,wuestungslisten_kl_A-L,200396,"Griess, auf dem"
233747,233747.pdf,0563-10b_griess,200396,"Griess, auf dem"
207672,207672.pdf,wuestungslisten_kl_A-L,200398,Grikkigin
233748,233748.pdf,0564-10b_grikkigin,200398,Grikkigin
207672,207672.pdf,wuestungslisten_kl_A-L,200400,Grillenpartz
209039,209039.png,0565-10b_grillenpartz_skz_01,200400,Grillenpartz
223728,223728.glb,0565-10b_Grillenpartz,200400,Grillenpartz
233749,233749.pdf,0565-10b_grillenpartz,200400,Grillenpartz
207672,207672.pdf,wuestungslisten_kl_A-L,200402,Grilenparz
233751,233751.pdf,0566-10b_grillenparz_geschwärzt,200402,Grilenparz
207672,207672.pdf,wuestungslisten_kl_A-L,200404,Grillenporce
233752,233752.pdf,0568-10b_grillenporce,200404,Grillenporce
233754,233754.pdf,0569-20b_grillparz_geschwärzt,200406,Grillparz*
223681,223681.glb,0569-20b_Grillparz,200406,Grillparz*
209041,209041.png,0569-20b_grillparz_skz_02,200406,Grillparz*
209040,209040.png,0569-20b_grillparz_skz_01,200406,Grillparz*
207672,207672.pdf,wuestungslisten_kl_A-L,200408,Grintdorf
233756,233756.pdf,0570-10b_grinttorf,200408,Grintdorf
223690,223690.glb,0570-10b_Grintdorf,200408,Grintdorf
209042,209042.png,0570-10b_grintdorf_skz_01,200408,Grintdorf
207672,207672.pdf,wuestungslisten_kl_A-L,200410,Grinzendorf
233792,233792.pdf,0571-10b_grinzendorf,200410,Grinzendorf
207672,207672.pdf,wuestungslisten_kl_A-L,200412,Grob
233798,233798.pdf,0574-10b_grob,200412,Grob
223696,223696.glb,0574-10b_Grob,200412,Grob
209044,209044.png,0574-10b_grob_skz_01,200412,Grob
207672,207672.pdf,wuestungslisten_kl_A-L,200416,Grobe
233801,233801.pdf,0575-10b_grobe,200416,Grobe
209212,209212.png,0576-21b_grassaw_meierhof_skz_01,200418,Grassawe Meierhof
209215,209215.png,0576-22b_grassaw_minor_skz_01,200418,Grassawe Meierhof
209214,209214.png,0576-21b_grassaw_meierhofsiedlung,200418,Grassawe Meierhof
209213,209213.png,0576-21b_grassaw_meierhof_skz_02,200418,Grassawe Meierhof
233807,233807.pdf,0576-21b_grossawe-meierhof,200418,Grassawe Meierhof
233807,233807.pdf,0576-21b_grossawe-meierhof,200418,Grassawe Meierhof
233807,233807.pdf,0576-21b_grossawe-meierhof,200418,Grassawe Meierhof
223725,223725.glb,0576-2_Grassaw,200418,Grassawe Meierhof
209215,209215.png,0576-22b_grassaw_minor_skz_01,200420,Grassaw Minor
233807,233807.pdf,0576-21b_grossawe-meierhof,200420,Grassaw Minor
233807,233807.pdf,0576-21b_grossawe-meierhof,200420,Grassaw Minor
233807,233807.pdf,0576-21b_grossawe-meierhof,200420,Grassaw Minor
223725,223725.glb,0576-2_Grassaw,200420,Grassaw Minor
223725,223725.glb,0576-2_Grassaw,200422,Grassaw Burg
209214,209214.png,0576-21b_grassaw_meierhofsiedlung,200422,Grassaw Burg
209213,209213.png,0576-21b_grassaw_meierhof_skz_02,200422,Grassaw Burg
209212,209212.png,0576-21b_grassaw_meierhof_skz_01,200422,Grassaw Burg
233807,233807.pdf,0576-21b_grossawe-meierhof,200422,Grassaw Burg
233807,233807.pdf,0576-21b_grossawe-meierhof,200422,Grassaw Burg
233807,233807.pdf,0576-21b_grossawe-meierhof,200422,Grassaw Burg
233813,233813.pdf,0577-10b_grub,200424,Grub
233814,233814.pdf,0578-10b_grub,200426,Grub
233817,233817.pdf,0580-20b_gruebel*,200428,Gruebel*
223730,223730.glb,0580-20b_Gruebel,200428,Gruebel*
209262,209262.png,0580-20b_gruebel_skz_01,200428,Gruebel*
209263,209263.png,0580-30b_gruenn_skz_01,200430,Gruenn
233818,233818.pdf,0580-30b_gruenn,200430,Gruenn
223735,223735.glb,0580-30b_Gruenn,200430,Gruenn
233827,233827.pdf,0582-30b_grundfeld,200434,Grundfeld*
223740,223740.glb,0582-30b_Grundfeld,200434,Grundfeld*
209346,209346.png,0582-30b_grundfeld_skz_01,200434,Grundfeld*
209345,209345.png,0582-30b_grundfeld_skz_02,200434,Grundfeld*
207672,207672.pdf,wuestungslisten_kl_A-L,200436,Grunnaw
233830,233830.pdf,0583-10b_grunnaw,200436,Grunnaw
207672,207672.pdf,wuestungslisten_kl_A-L,200438,Grunsing
233831,233831.pdf,0584-10b_grunsing,200438,Grunsing
207672,207672.pdf,wuestungslisten_kl_A-L,200440,Gruonipurc
233832,233832.pdf,0585-10b_gruonipurc,200440,Gruonipurc
207672,207672.pdf,wuestungslisten_kl_A-L,200442,Gruzue
234017,234017.pdf,0586-10b_gruzue,200442,Gruzue
223741,223741.glb,0586-20b_Gstockert_Alt,200444,Alt Gstockert
209347,209347.png,0586-20b_gstockert alt_skz_01,200444,Alt Gstockert
234018,234018.pdf,0586-20b_gstockert alt,200444,Alt Gstockert
234023,234023.pdf,0590-20b_guglfeld_geschwärzt,200446,Guglfeld*
223742,223742.glb,0590-20b_Guglfeld,200446,Guglfeld*
209348,209348.png,0590-20b_guglfeld_skz_01,200446,Guglfeld*
234343,234343.pdf,Überblick Langes Tal,200446,Guglfeld*
207672,207672.pdf,wuestungslisten_kl_A-L,200448,Gunpoldesperge
234026,234026.pdf,0593-10b_gunpoldesperge,200448,Gunpoldesperge
207672,207672.pdf,wuestungslisten_kl_A-L,200450,Gunstleins
234027,234027.pdf,0594-10b_gunstleins,200450,Gunstleins
234031,234031.pdf,0598-10b_gutenek,200452,Gutenek
207672,207672.pdf,wuestungslisten_kl_A-L,200454,Gutenprunn
234062,234062.pdf,0599-10b_gutenprunn,200454,Gutenprunn
207672,207672.pdf,wuestungslisten_kl_A-L,200456,Gutenturn
234063,234063.pdf,0599-20b_gutenturn,200456,Gutenturn
207672,207672.pdf,wuestungslisten_kl_A-L,200458,Guttings
234064,234064.pdf,0600-10b_guttings,200458,Guttings
207672,207672.pdf,wuestungslisten_kl_A-L,200460,Guzbretdesdorf
234065,234065.pdf,0601-10b_guzbretdesdorf,200460,Guzbretdesdorf
207672,207672.pdf,wuestungslisten_kl_A-L,200462,Gymersdorf
234066,234066.pdf,0602-10b_gymersdorf_geschwärzt,200462,Gymersdorf
207672,207672.pdf,wuestungslisten_kl_A-L,200464,Habtsdorf
234070,234070.pdf,0605-10b_habtsdorf,200464,Habtsdorf
207672,207672.pdf,wuestungslisten_kl_A-L,200466,Haekilmannsperge
234083,234083.pdf,0617-10b_haekilmannsperge,200466,Haekilmannsperge
207672,207672.pdf,wuestungslisten_kl_A-L,200468,Haeuperg
234085,234085.pdf,0619-10b_haeuperg,200468,Haeuperg
207672,207672.pdf,wuestungslisten_kl_A-L,200470,Haginau
234090,234090.pdf,0624-10b_haginau,200470,Haginau
234320,234320.pdf,0675-10b_hauczenfeld,200472,Hauczenfeld
207672,207672.pdf,wuestungslisten_kl_A-L,200474,Hegeneinslag
234602,234602.pdf,0683-10b_hegeneinslag,200474,Hegeneinslag
207672,207672.pdf,wuestungslisten_kl_A-L,200476,castrum Heidberch
234604,234604.pdf,0684-10b_heidberch castrum,200476,castrum Heidberch
207672,207672.pdf,wuestungslisten_kl_A-L,200478,Heinrichsteten
234612,234612.pdf,0692-10b_heinrichsteten,200478,Heinrichsteten
207672,207672.pdf,wuestungslisten_kl_A-L,200480,Heireichs de
234613,234613.pdf,0693-10b_heireichs de,200480,Heireichs de
207672,207672.pdf,wuestungslisten_kl_A-L,200482,Hendorf
234620,234620.pdf,0699-10b_hendorf,200482,Hendorf
209938,209938.png,0731-20b_Heugen_skz_02,200484,Haaberg
209938,209938.png,0731-20b_Heugen_skz_02,200484,Haaberg
234067,234067.pdf,0602-20b_haarberg_geschwärzt,200484,Haaberg
207672,207672.pdf,wuestungslisten_kl_A-L,200486,Habeldorf
234068,234068.pdf,0603-10b_habeldorf,200486,Habeldorf
207672,207672.pdf,wuestungslisten_kl_A-L,200488,Habesperc
234069,234069.pdf,0604-10b_habesperc,200488,Habesperc
223743,223743.glb,0605-20b_Hachenfeld,200490,Hachenfeld*
209431,209431.png,0605-20b_hachenfeld_skz_02,200490,Hachenfeld*
209430,209430.png,0605-20b_hachenfeld_skz_01,200490,Hachenfeld*
234071,234071.pdf,0605-20b_hachenfeld,200490,Hachenfeld*
207672,207672.pdf,wuestungslisten_kl_A-L,200492,Hademarescella
234072,234072.pdf,0606-10b_hademarescella,200492,Hademarescella
207672,207672.pdf,wuestungslisten_kl_A-L,200494,Hadmars
234073,234073.pdf,0607-10b_hadmars,200494,Hadmars
223744,223744.glb,0607-10b_Hadmars,200494,Hadmars
209434,209434.png,0607-10b_hadmars_skz_01,200494,Hadmars
209433,209433.png,0607-10b_hadmars_skz_01,200494,Hadmars
207672,207672.pdf,wuestungslisten_kl_A-L,200496,Hadmars
234074,234074.pdf,0608-10b_hadmars,200496,Hadmars
207672,207672.pdf,wuestungslisten_kl_A-L,200498,Hadmars
234075,234075.pdf,0609-10b_hadmars,200498,Hadmars
223745,223745.glb,0609-10b_Hadmars,200498,Hadmars
209435,209435.png,0609-10b_hadmars_skz_01,200498,Hadmars
207672,207672.pdf,wuestungslisten_kl_A-L,200500,Hadmarsa
234076,234076.pdf,0610-10b_hadmarsa,200500,Hadmarsa
207672,207672.pdf,wuestungslisten_kl_A-L,200502,Hadmarstorff
234077,234077.pdf,0611-10b_hadmarstorff,200502,Hadmarstorff
223746,223746.glb,0611-10b Hadmarstorff,200502,Hadmarstorff
209436,209436.png,0611-10b_hadmarstorff_skz_01,200502,Hadmarstorff
207672,207672.pdf,wuestungslisten_kl_A-L,200504,Hadreinstorf
234078,234078.pdf,0612-10b_hadreinstorf,200504,Hadreinstorf
209441,209441.png,0612-10b_hadreinstorf_skz_01,200504,Hadreinstorf
223747,223747.glb,0612-10b_Hadreinstorf,200504,Hadreinstorf
207672,207672.pdf,wuestungslisten_kl_A-L,200506,Hadres
234079,234079.pdf,0613-10b_hadres,200506,Hadres
207672,207672.pdf,wuestungslisten_kl_A-L,200508,Hadunartesdorf
285683,285683.jpg,Vitrine Hatmansdorf,200508,Hadunartesdorf
277303,277303.pdf,0614-10_hadunartesdorf_04040.16.01 Bericht B,200508,Hadunartesdorf
277302,277302.pdf,0614-10_hadunartesdorf_Bericht Massnahme_04040.18.01,200508,Hadunartesdorf
277300,277300.jpg,0614-10_hadunartesdorf_ker_auswahl,200508,Hadunartesdorf
277299,277299.jpg,0614-10_hadunartesdorf_Gelaendeuebesicht,200508,Hadunartesdorf
234080,234080.pdf,0614-10b_hadunartesdorf_geschwärzt,200508,Hadunartesdorf
223748,223748.glb,0614-10b_Hadunartesdorf,200508,Hadunartesdorf
209442,209442.png,0614-10b_hadunartesdorf_skz_01,200508,Hadunartesdorf
207672,207672.pdf,wuestungslisten_kl_A-L,200510,Haeimonis
234081,234081.pdf,0615-10b_haeimonis,200510,Haeimonis
207672,207672.pdf,wuestungslisten_kl_A-L,200512,Haeindorf
234082,234082.pdf,0616-10b_haeindorf,200512,Haeindorf
207672,207672.pdf,wuestungslisten_kl_A-L,200514,Haemed
234084,234084.pdf,0618-10b_haemed,200514,Haemed
207672,207672.pdf,wuestungslisten_kl_A-L,200516,Hag
234086,234086.pdf,0620-10b_hag,200516,Hag
207672,207672.pdf,wuestungslisten_kl_A-L,200518,Hage curia
234087,234087.pdf,0621-10b_hage curia,200518,Hage curia
207672,207672.pdf,wuestungslisten_kl_A-L,200520,Hagenhoie
234088,234088.pdf,0622-10b_hagenhoie,200520,Hagenhoie
207672,207672.pdf,wuestungslisten_kl_A-L,200522,Hagepach
234089,234089.pdf,0623-10b_hagepach,200522,Hagepach
207672,207672.pdf,wuestungslisten_kl_A-L,200526,Hagingruobe
234091,234091.pdf,0625-10b_hagingruobe,200526,Hagingruobe
207672,207672.pdf,wuestungslisten_kl_A-L,200530,Haid
234094,234094.pdf,0626-10b_haid,200530,Haid
223749,223749.glb,0626-10b_Haid,200530,Haid
209443,209443.png,0626-10b_haid_skz_01,200530,Haid
207672,207672.pdf,wuestungslisten_kl_A-L,200532,Haid
234095,234095.pdf,0627-10b_haid,200532,Haid
207672,207672.pdf,wuestungslisten_kl_A-L,200534,"Haid, auf der"
234098,234098.pdf,0628-10b_haid,200534,"Haid, auf der"
207672,207672.pdf,wuestungslisten_kl_A-L,200536,Haidhof a.d. Haid
234099,234099.pdf,0629-10b_haidhof,200536,Haidhof a.d. Haid
207672,207672.pdf,wuestungslisten_kl_A-L,200538,Haigart hof
234100,234100.pdf,0630-10b_haigart hof,200538,Haigart hof
207672,207672.pdf,wuestungslisten_kl_A-L,200540,Haiken
234101,234101.pdf,0631-10b_haiken,200540,Haiken
207672,207672.pdf,wuestungslisten_kl_A-L,200542,Haimetschlag
234102,234102.pdf,0632-10b_haimetschlag,200542,Haimetschlag
223760,223760.glb,0632-20b_Haimpuch_0750-20b_Hirschberg,200544,Haimpuch
209444,209444.png,0632-20b_haimpuch_skz_01,200544,Haimpuch
223760,223760.glb,0632-20b_Haimpuch_0750-20b_Hirschberg,200544,Haimpuch
234103,234103.pdf,0632-20b_haimpuch,200544,Haimpuch
207672,207672.pdf,wuestungslisten_kl_A-L,200546,Haital
233611,233611.pdf,19751212_Keramikdatierung,200546,Haital
234105,234105.pdf,0633-10b_haital_geschwärzt,200546,Haital
207672,207672.pdf,wuestungslisten_kl_A-L,200548,Haitfoltsdorf
234106,234106.pdf,0634-10b_haitfoltsdorf,200548,Haitfoltsdorf
207672,207672.pdf,wuestungslisten_kl_A-L,200550,"Haitzing, Hof zu"
234109,234109.pdf,0635-10b_haitzing hof zu,200550,"Haitzing, Hof zu"
209778,209778.png,0635-20b_haklern_skz_01,200552,Haklern*
234110,234110.pdf,0635-20b_haklern,200552,Haklern*
207672,207672.pdf,wuestungslisten_kl_A-L,200554,Haliten
234112,234112.pdf,0636-10b_haliten_geschwärzt,200554,Haliten
209779,209779.png,0636-20b_hallas_skz_01,200556,Hallas*
234113,234113.pdf,0636-20b_hallas_geschwärzt,200556,Hallas*
224085,224085.glb,0636-20b_Hallas,200556,Hallas*
234343,234343.pdf,Überblick Langes Tal,200556,Hallas*
207672,207672.pdf,wuestungslisten_kl_A-L,200558,Halpach
234116,234116.pdf,0637-10b_halpach,200558,Halpach
207672,207672.pdf,wuestungslisten_kl_A-L,200560,Halsibach
234117,234117.pdf,0638-10b_halsibach,200560,Halsibach
234119,234119.pdf,0638-20b_halterhaus,200562,Halterhaus*
224086,224086.glb,0638-20b_Halterhaus,200562,Halterhaus*
209780,209780.png,0638-20b_halterhaus_skz_01,200562,Halterhaus*
207672,207672.pdf,wuestungslisten_kl_A-L,200564,Hamadorff
234120,234120.pdf,0639-10b_hamadorff,200564,Hamadorff
207672,207672.pdf,wuestungslisten_kl_A-L,200566,Hamer
234121,234121.pdf,0640-10b_hamer,200566,Hamer
207672,207672.pdf,wuestungslisten_kl_A-L,200568,Handsdorf
234122,234122.pdf,0641-10b_handsdorf_geschwärzt,200568,Handsdorf
207672,207672.pdf,wuestungslisten_kl_A-L,200570,Hangundenast
234124,234124.pdf,0642-10b_hangundenast,200570,Hangundenast
207672,207672.pdf,wuestungslisten_kl_A-L,200572,Hanifland
224087,224087.glb,0643-10b_Hanifland,200572,Hanifland
209783,209783.png,0643-10b_hanifland_skz_02,200572,Hanifland
209782,209782.png,0643-10b_hanifland_skz_01,200572,Hanifland
209781,209781.png,0643-10b_hanifland_skz_05,200572,Hanifland
234127,234127.pdf,0643-10b_hanifland_geschwärzt,200572,Hanifland
207672,207672.pdf,wuestungslisten_kl_A-L,200574,Haniftall
234229,234229.pdf,0644-10b_haniftal_geschwärzt,200574,Haniftall
209784,209784.png,0644-10b_haniftall_skz_01,200574,Haniftall
224088,224088.glb,0644-10b_Haniftall,200574,Haniftall
207672,207672.pdf,wuestungslisten_kl_A-L,200576,Hannaw
234232,234232.pdf,0645-10b_hannow,200576,Hannaw
207672,207672.pdf,wuestungslisten_kl_A-L,200578,Hannidorf
234237,234237.pdf,0646-10b_hannidorf_geschwärzt,200578,Hannidorf
234239,234239.pdf,0646-20b_hansels_geschwärzt,200580,Hansles
224131,224131.glb,0646-20b_Hansles,200580,Hansles
209785,209785.png,0646-20b_hansles_skz_01,200580,Hansles
234343,234343.pdf,Überblick Langes Tal,200580,Hansles
207672,207672.pdf,wuestungslisten_kl_A-L,200582,Harantsdorf
234243,234243.pdf,0647-10b_harantsdorf,200582,Harantsdorf
209786,209786.png,0647-20b_haras-klein_skz_01,200584,Klein-Haras
224132,224132.glb,0647-20b_Klein-Haras_Wiesenfeld,200584,Klein-Haras
234248,234248.pdf,0647-20b_haras-klein,200584,Klein-Haras
207672,207672.pdf,wuestungslisten_kl_A-L,200586,"Hard, Klein"
214431,214431.pdf,Bors_Theorie und Praxis der Ortswüstungsforschung,200586,"Hard, Klein"
207672,207672.pdf,wuestungslisten_kl_A-L,200589,Hard
224133,224133.glb,0649-10b_Hard,200589,Hard
209787,209787.png,0649-10b_hard_skz_01,200589,Hard
234266,234266.pdf,0649-10b_hard,200589,Hard
207672,207672.pdf,wuestungslisten_kl_A-L,200591,Hard
234269,234269.pdf,0650-10b_hard,200591,Hard
207672,207672.pdf,wuestungslisten_kl_A-L,200593,Harde
234273,234273.pdf,0651-10b_harde,200593,Harde
207672,207672.pdf,wuestungslisten_kl_A-L,200595,Harde
234278,234278.pdf,0652-10b_harde,200595,Harde
207672,207672.pdf,wuestungslisten_kl_A-L,200597,Harlungen
234282,234282.pdf,0653-10b_harlungen,200597,Harlungen
207672,207672.pdf,wuestungslisten_kl_A-L,200599,Harnspach
234285,234285.pdf,0654-10b_harnspach,200599,Harnspach
234291,234291.pdf,0654-20b_hartgrub_skz_02,200601,Hartgrub
224134,224134.glb,0654-20b_Hartgrub,200601,Hartgrub
209788,209788.png,0654-20b_hartgrub_skz_01,200601,Hartgrub
234289,234289.pdf,0654-20b_hartgrub,200601,Hartgrub
207672,207672.pdf,wuestungslisten_kl_A-L,200603,Hartperg
234292,234292.pdf,0655-10b_hartperg,200603,Hartperg
207672,207672.pdf,wuestungslisten_kl_A-L,200605,Hartrates
234293,234293.pdf,0656-10b_hartrates,200605,Hartrates
207672,207672.pdf,wuestungslisten_kl_A-L,200607,Hartwicstain
234294,234294.pdf,0657-10b_hartwicstain,200607,Hartwicstain
207672,207672.pdf,wuestungslisten_kl_A-L,200609,Hartwigesperge
234295,234295.pdf,0658-10b_hartwigesperge,200609,Hartwigesperge
207672,207672.pdf,wuestungslisten_kl_A-L,200611,"Has, ad"
234296,234296.pdf,0659-10b_has ad,200611,"Has, ad"
207672,207672.pdf,wuestungslisten_kl_A-L,200613,Haselpach
224135,224135.glb,0660-10b_Haselpach,200613,Haselpach
209789,209789.png,0660-10b_haselpach_skz_01,200613,Haselpach
234298,234298.pdf,0660-10b_haselpach,200613,Haselpach
207672,207672.pdf,wuestungslisten_kl_A-L,200615,Hasenec
234299,234299.pdf,0661-10b_hasenec,200615,Hasenec
207672,207672.pdf,wuestungslisten_kl_A-L,200617,Hasenpoertz
234301,234301.pdf,0662-10b_hasenpoertz,200617,Hasenpoertz
224136,224136.glb,0662-10b_Hasenpoertz,200617,Hasenpoertz
209790,209790.png,0662-10b_hasenpoertz_skz_01,200617,Hasenpoertz
234302,234302.pdf,0663-10b_haslach,200619,Haslach
207672,207672.pdf,wuestungslisten_kl_A-L,200621,Hasldorf
234303,234303.pdf,0664-10b_hasldorf,200621,Hasldorf
207672,207672.pdf,wuestungslisten_kl_A-L,200623,Hassenwazzer
234304,234304.pdf,0665-10b_hassenwazzer_geschwärzt,200623,Hassenwazzer
207672,207672.pdf,wuestungslisten_kl_A-L,200625,Hatzendorf
234305,234305.pdf,0666-10b_hatzendorf,200625,Hatzendorf
207672,207672.pdf,wuestungslisten_kl_A-L,200627,Hauchisberch
234306,234306.pdf,0667-10b_hauchisberch,200627,Hauchisberch
207672,207672.pdf,wuestungslisten_kl_A-L,200629,Haugeinshof
234307,234307.pdf,0668-10b_haugeinsdorf_geschwärzt,200629,Haugeinshof
207672,207672.pdf,wuestungslisten_kl_A-L,200631,Haugsdorf
234309,234309.pdf,0669-10b_haugsdorf,200631,Haugsdorf
207672,207672.pdf,wuestungslisten_kl_A-L,200633,Hausleitten
234310,234310.pdf,0670-10b_hausleitten,200633,Hausleitten
234311,234311.pdf,0670-20b_hausbergfeld_geschwärzt,200635,Hausbergfeld*
209834,209834.png,0670-20b_hausbergfeld_kap_01,200635,Hausbergfeld*
207672,207672.pdf,wuestungslisten_kl_A-L,200637,Hausen
234313,234313.pdf,0672-10b_hausen,200637,Hausen
234315,234315.pdf,0672-20b_hauswald_geschwärzt,200639,Hauswald*
224139,224139.glb,0672-20b_Hauswald_gl,200639,Hauswald*
224138,224138.glb,0672-20b_Hauswald_sk,200639,Hauswald*
209839,209839.png,0672-20b_hauswald_skz_01,200639,Hauswald*
234316,234316.pdf,0672-30b_hausleiten west,200641,Hausleitnerwald
224140,224140.glb,0672-30b_Hausleiten_West,200643,Hausleiten West*
209842,209842.png,0672-30b_hausleiten_west_skz_01,200643,Hausleiten West*
234316,234316.pdf,0672-30b_hausleiten west,200643,Hausleiten West*
207672,207672.pdf,wuestungslisten_kl_A-L,200645,Hautzemperch
234318,234318.pdf,0673-10b_hautzemperch,200645,Hautzemperch
224141,224141.glb,0673-10b_Hautzemperch,200645,Hautzemperch
209845,209845.png,0673-10b_hautzemperch_skz_01,200645,Hautzemperch
207672,207672.pdf,wuestungslisten_kl_A-L,200647,Hautzenperg
234319,234319.pdf,0674-10b_hautzenperg,200647,Hautzenperg
207672,207672.pdf,wuestungslisten_kl_A-L,200649,Hawnoltsperg
234321,234321.pdf,0676-10b_hawnoltsperg,200649,Hawnoltsperg
207672,207672.pdf,wuestungslisten_kl_A-L,200651,Hawnstein Mühle
234322,234322.pdf,0677-10b_hawnstein muehle,200651,Hawnstein Mühle
209846,209846.png,0677-20b_hayden_skz_01,200653,Hayden*
234323,234323.pdf,0677-20b_hayden,200653,Hayden*
224142,224142.glb,0677-20b_Hayden,200653,Hayden*
207672,207672.pdf,wuestungslisten_kl_A-L,200655,zu der Haydt
234324,234324.pdf,0678-10b_haydt zu der_geschwärzt,200655,zu der Haydt
209847,209847.png,0678-10b_haydt_zu_der_kap_01,200655,zu der Haydt
207672,207672.pdf,wuestungslisten_kl_A-L,200657,Hecilsperge
234468,234468.pdf,19720512_AMA_an_Kmoch_geschwärzt,200657,Hecilsperge
234469,234469.pdf,19720406_Eibner_an_Kmoch,200657,Hecilsperge
234325,234325.pdf,0679-10b_hecilsperge,200657,Hecilsperge
212640,212640.pdf,19750321_Strohschneider_an_Kmoch,200657,Hecilsperge
212636,212636.pdf,19720328_Kmoch_an_Eibner,200657,Hecilsperge
212633,212633.pdf,19720316_AMA_an_Kmoch,200657,Hecilsperge
207672,207672.pdf,wuestungslisten_kl_A-L,200659,Hecimannesuisa
234326,234326.pdf,0680-10b_hecimannesuisa_geschwärzt,200659,Hecimannesuisa
207672,207672.pdf,wuestungslisten_kl_A-L,200661,Hecsteten
207581,207581.pdf,Haider_begangene Wüstungen_geschwärzt,200661,Hecsteten
209851,209851.png,0681-10b_hecsteten_kap_01,200661,Hecsteten
209850,209850.png,0681-10b_hecsteten_kap_02,200661,Hecsteten
209849,209849.png,0681-10b_Hecsteten_pla,200661,Hecsteten
209848,209848.png,0681-10b_hecsteten_skz_01,200661,Hecsteten
234403,234403.pdf,Haider_begangene Wüstungen_geschwärzt,200661,Hecsteten
234327,234327.pdf,0681-10b_hecsteten_geschwärzt,200661,Hecsteten
207672,207672.pdf,wuestungslisten_kl_A-L,200663,Heczmannsdorf
234601,234601.pdf,0682-10b_heczmannsdorf,200663,Heczmannsdorf
209852,209852.png,0683-20b_heidentorhof_skz_01,200665,Heidentorhof*
234603,234603.pdf,0683-20b_heidentorhof,200665,Heidentorhof*
207672,207672.pdf,wuestungslisten_kl_A-L,200667,Heiligenperge
206365,206365.pdf,19751216_Eminger_an_Strohschneider,200667,Heiligenperge
206359,206359.pdf,19750213_Strohschneider_an_Eminger,200667,Heiligenperge
206358,206358.pdf,19750129_Eminger_an_Eibner,200667,Heiligenperge
234605,234605.pdf,0685-10b_heiligenperge_geschwärzt,200667,Heiligenperge
207672,207672.pdf,wuestungslisten_kl_A-L,200669,Heimonis
234606,234606.pdf,0686-10b_heimonis,200669,Heimonis
207672,207672.pdf,wuestungslisten_kl_A-L,200671,Heimprechtinsdorf
234607,234607.pdf,0687-10b_heimprechtinsdorf,200671,Heimprechtinsdorf
207672,207672.pdf,wuestungslisten_kl_A-L,200673,Heinbach
234608,234608.pdf,0688-10b_heinbach,200673,Heinbach
207672,207672.pdf,wuestungslisten_kl_A-L,200675,Heinreichs
234609,234609.pdf,0689-10b_heinreichs,200675,Heinreichs
207672,207672.pdf,wuestungslisten_kl_A-L,200677,Heinreichslag
234610,234610.pdf,0690-10b_heinreichslag,200677,Heinreichslag
224150,224150.glb,0690-10b_Heinrichslag,200677,Heinreichslag
209853,209853.png,0690-10b_heinrichslag_skz_01,200677,Heinreichslag
207672,207672.pdf,wuestungslisten_kl_A-L,200679,Heinrichsreith
234611,234611.pdf,0691-10b_heinreichsreith,200679,Heinrichsreith
207672,207672.pdf,wuestungslisten_kl_A-L,200681,Heitzenhof
234614,234614.pdf,0694-10b_heitzenhof,200681,Heitzenhof
224151,224151.glb,0694-10b_Heitzenhof,200681,Heitzenhof
209854,209854.png,0694-10b_heitzenhof_skz_01,200681,Heitzenhof
207672,207672.pdf,wuestungslisten_kl_A-L,200683,Heizingen
234615,234615.pdf,0695-10b_heizingen,200683,Heizingen
207672,207672.pdf,wuestungslisten_kl_A-L,200685,Heiligersteten
234616,234616.pdf,0696-10b_heligersteten,200685,Heiligersteten
207672,207672.pdf,wuestungslisten_kl_A-L,200687,Helma
206378,206378.pdf,19770421_Eminger_an_Antl,200687,Helma
206365,206365.pdf,19751216_Eminger_an_Strohschneider,200687,Helma
234617,234617.pdf,0697-10b_helma_geschwärzt,200687,Helma
226599,226599.pdf,19760120_Strohschneider_an_Eminger_geschwärzt,200687,Helma
209875,209875.png,0697-10b_helma_skz_01,200687,Helma
233609,233609.pdf,19701208_Protokoll Exkursion,200687,Helma
232703,232703.pdf,19850924_Eminger_an_AMA_geschwärzt,200687,Helma
226819,226819.pdf,19851204_Bors_an_Eminger_geschwärzt,200687,Helma
209912,209912.png,0697-21b_22b_helmitzbrunn_skz_01,200689,Helmitzbrunn I
209912,209912.png,0697-21b_22b_helmitzbrunn_skz_01,200689,Helmitzbrunn I
224152,224152.glb,0697-21b_22b_Helmitzbrunn,200689,Helmitzbrunn I
224152,224152.glb,0697-21b_22b_Helmitzbrunn,200689,Helmitzbrunn I
234618,234618.pdf,0697-20b_helmitzbrunn_I_II,200689,Helmitzbrunn I
234618,234618.pdf,0697-20b_helmitzbrunn_I_II,200689,Helmitzbrunn I
207672,207672.pdf,wuestungslisten_kl_A-L,200692,Heltendorf
234619,234619.pdf,0698-10b_heltendorf,200692,Heltendorf
207672,207672.pdf,wuestungslisten_kl_A-L,200694,Hengeszagel
234621,234621.pdf,0700-10b_hengeshagel_geschwärzt,200694,Hengeszagel
207672,207672.pdf,wuestungslisten_kl_A-L,201032,Hengisperch
234622,234622.pdf,0701-10b_hengisperch,201032,Hengisperch
207672,207672.pdf,wuestungslisten_kl_A-L,201034,Henczing
234623,234623.pdf,0702-10b_henzing,201034,Henczing
224155,224155.glb,0702-10b_Henczing,201034,Henczing
209914,209914.png,0702-10b_henczing_skz_01,201034,Henczing
207672,207672.pdf,wuestungslisten_kl_A-L,201036,Hepfendorf
234624,234624.pdf,0703-10b_hepfendorf,201036,Hepfendorf
207672,207672.pdf,wuestungslisten_kl_A-L,201038,Hepfstetten
234625,234625.pdf,0704-10b_hepfstetten,201038,Hepfstetten
207672,207672.pdf,wuestungslisten_kl_A-L,201040,Herbarthofen
234626,234626.pdf,0705-10b_von herbarthofen,201040,Herbarthofen
207672,207672.pdf,wuestungslisten_kl_A-L,201042,Herbarthofen
234627,234627.pdf,0706-10b_herbarthofen,201042,Herbarthofen
207672,207672.pdf,wuestungslisten_kl_A-L,201044,Herbeichs
234628,234628.pdf,0707-10b_herbeichs,201044,Herbeichs
207672,207672.pdf,wuestungslisten_kl_A-L,201046,Herbortenberg
234629,234629.pdf,0708-10b_herbortenberg_geschwärzt,201046,Herbortenberg
207672,207672.pdf,wuestungslisten_kl_A-L,201048,Herbortsgrub
209915,209915.png,0709-10b_herbortsgrub_skz_01,201048,Herbortsgrub
224156,224156.glb,0709-10b_Herbortsgrub,201048,Herbortsgrub
234630,234630.pdf,0709-10b_in der herbortsgrube_geschwärzt,201048,Herbortsgrub
207672,207672.pdf,wuestungslisten_kl_A-L,201050,Herdes
234631,234631.pdf,0710-10b_herdes_geschwärzt,201050,Herdes
209929,209929.jpg,0710-10b_herdes_skz_01,201050,Herdes
207672,207672.pdf,wuestungslisten_kl_A-L,201052,Herfuert
234632,234632.pdf,0711-10b_herfuert,201052,Herfuert
207672,207672.pdf,wuestungslisten_kl_A-L,201054,Hergatzdorf
234633,234633.pdf,0712-10b_hergatzdorf,201054,Hergatzdorf
207672,207672.pdf,wuestungslisten_kl_A-L,201056,Hergesteten
234634,234634.pdf,0713-10b_hergesteten,201056,Hergesteten
207672,207672.pdf,wuestungslisten_kl_A-L,201058,Heribrunnun
234635,234635.pdf,0714-10b_heribrunnun,201058,Heribrunnun
207672,207672.pdf,wuestungslisten_kl_A-L,201060,Herilungoburg
234636,234636.pdf,0715-10b_herilungoburg,201060,Herilungoburg
207672,207672.pdf,wuestungslisten_kl_A-L,201062,Herlastraz
234637,234637.pdf,0716-10b_herlastraz,201062,Herlastraz
207672,207672.pdf,wuestungslisten_kl_A-L,201064,Hermannspach
234638,234638.pdf,0717-10b_hermannspach,201064,Hermannspach
207672,207672.pdf,wuestungslisten_kl_A-L,201066,Hermansgschwendt
234639,234639.pdf,0718-10b_hermansgschwendt,201066,Hermansgschwendt
207672,207672.pdf,wuestungslisten_kl_A-L,201068,Hermenstorf
234640,234640.pdf,0719-10b_hermenstorf_geschwärzt,201068,Hermenstorf
207672,207672.pdf,wuestungslisten_kl_A-L,201070,Herrantz
234641,234641.pdf,0720-10b_herrantz,201070,Herrantz
207672,207672.pdf,wuestungslisten_kl_A-L,201072,Hertbeigs
234642,234642.pdf,0721-10b_hertbeigs_geschwärzt,201072,Hertbeigs
207672,207672.pdf,wuestungslisten_kl_A-L,201074,Herthwiges
234643,234643.pdf,0722-10b_herthwiges,201074,Herthwiges
207672,207672.pdf,wuestungslisten_kl_A-L,201076,Hertilinisdorf
234644,234644.pdf,0723-10b_de hertilinisdorf,201076,Hertilinisdorf
207672,207672.pdf,wuestungslisten_kl_A-L,201078,Hertweigsdorf
224157,224157.glb,0724-10b_Hertweigsdorf,201078,Hertweigsdorf
209931,209931.png,0724-10b_hertweigsdorf_skz_01,201078,Hertweigsdorf
234645,234645.pdf,0724-10b_hertweigsdorf,201078,Hertweigsdorf
207672,207672.pdf,wuestungslisten_kl_A-L,201080,Herwarts
234646,234646.pdf,0725-10b_herwarts,201080,Herwarts
207672,207672.pdf,wuestungslisten_kl_A-L,201082,Herwarz
234647,234647.pdf,0726-10b_herwarz,201082,Herwarz
207672,207672.pdf,wuestungslisten_kl_A-L,201084,Herzogsteten
234648,234648.pdf,0727-10b_herzogsteten,201084,Herzogsteten
207672,207672.pdf,wuestungslisten_kl_A-L,201086,Heselbach
234649,234649.pdf,0728-10b_de heselbach,201086,Heselbach
207672,207672.pdf,wuestungslisten_kl_A-L,201088,Heslarn
234650,234650.pdf,0729-10b_de heslarn,201088,Heslarn
207672,207672.pdf,wuestungslisten_kl_A-L,201090,Hetzmesberg
234651,234651.pdf,0731-10b_von hetzmesperg,201090,Hetzmesberg
209939,209939.png,0731-20b_heugen_skz_01,201092,Heugen*
209938,209938.png,0731-20b_Heugen_skz_02,201092,Heugen*
209938,209938.png,0731-20b_Heugen_skz_02,201092,Heugen*
234652,234652.pdf,0731-20b_heugen_geschwärzt,201092,Heugen*
224158,224158.glb,0731-20b_Heugen,201092,Heugen*
234653,234653.pdf,0731-30b_heufeld,201094,Heufeld*
224159,224159.glb,0731-30b_Heufeld,201094,Heufeld*
209940,209940.png,0731-30b_heufeld_skz_01,201094,Heufeld*
234343,234343.pdf,Überblick Langes Tal,201094,Heufeld*
207672,207672.pdf,wuestungslisten_kl_A-L,201096,Heutal
207800,207800.pdf,Toriser_Wüstungen begangen_geschwärzt,201096,Heutal
207576,207576.pdf,19790129_Antl_an_Schöfmann,201096,Heutal
234654,234654.pdf,0732-10b_heutal_geschwärzt,201096,Heutal
233611,233611.pdf,19751212_Keramikdatierung,201096,Heutal
209947,209947.png,0732-10b_heutal_pla,201096,Heutal
209946,209946.png,0732-10b_heutal_skz_01,201096,Heutal
215028,215028.pdf,19751025_Einladung zu Exkursion,201096,Heutal
215027,215027.pdf,19751025_Planung und Protokoll Exkursion,201096,Heutal
207672,207672.pdf,wuestungslisten_kl_A-L,201098,Heuzing
234661,234661.pdf,0733-10b_heuzinger,201098,Heuzing
207672,207672.pdf,wuestungslisten_kl_A-L,201100,Heutzing
234662,234662.pdf,0734-10b_heutzing,201100,Heutzing
207672,207672.pdf,wuestungslisten_kl_A-L,201102,Heveld
234663,234663.pdf,0735-10b_heveld,201102,Heveld
207672,207672.pdf,wuestungslisten_kl_A-L,201104,Hewbs
234665,234665.pdf,0736-10b_hewbs,201104,Hewbs
207672,207672.pdf,wuestungslisten_kl_A-L,201106,Hezingen
234666,234666.pdf,0737-10b_hezingen,201106,Hezingen
207672,207672.pdf,wuestungslisten_kl_A-L,201108,Hezzing
234667,234667.pdf,0738-10b_hezzing,201108,Hezzing
207672,207672.pdf,wuestungslisten_kl_A-L,201110,Hibische
234668,234668.pdf,0739-10b_contrata hibische,201110,Hibische
207672,207672.pdf,wuestungslisten_kl_A-L,201112,Hicilines
234669,234669.pdf,0740-10b_hicilines,201112,Hicilines
207672,207672.pdf,wuestungslisten_kl_A-L,201114,Hidelhoff
209948,209948.png,0741-11b_hidelhoff_skz_01,201114,Hidelhoff
234675,234675.pdf,0741-10b_hidelhoff_skz_02,201114,Hidelhoff
224290,224290.glb,0741-11b_Hidelhoff,201114,Hidelhoff
224290,224290.glb,0741-11b_Hidelhoff,201114,Hidelhoff
209948,209948.png,0741-11b_hidelhoff_skz_01,201114,Hidelhoff
234675,234675.pdf,0741-10b_hidelhoff_skz_02,201114,Hidelhoff
234674,234674.pdf,0741-10b_hidelhoff,201114,Hidelhoff
234674,234674.pdf,0741-10b_hidelhoff,201114,Hidelhoff
234674,234674.pdf,0741-10b_hidelhoff,201116,Hidlhoff
209949,209949.png,0741-11b_hidlhoff_skz_02,201116,Hidlhoff
209949,209949.png,0741-11b_hidlhoff_skz_02,201116,Hidlhoff
234675,234675.pdf,0741-10b_hidelhoff_skz_02,201116,Hidlhoff
234675,234675.pdf,0741-10b_hidelhoff_skz_02,201116,Hidlhoff
234674,234674.pdf,0741-10b_hidelhoff,201116,Hidlhoff
207672,207672.pdf,wuestungslisten_kl_A-L,201118,Hierzzenau
234676,234676.pdf,0742-10b_hierzzenau_geschwärzt,201118,Hierzzenau
234679,234679.pdf,0742-20b_hieshof,201120,Hieshof*
224291,224291.glb,0742-20b_Hieshof,201120,Hieshof*
209950,209950.png,0742-20b_hieshof_skz_01,201120,Hieshof*
207672,207672.pdf,wuestungslisten_kl_A-L,201122,Hildern
234680,234680.pdf,0743-10b_hildern,201122,Hildern
207672,207672.pdf,wuestungslisten_kl_A-L,201124,Hilgerhofen
234681,234681.pdf,0744-10b_hilgerhofen,201124,Hilgerhofen
207672,207672.pdf,wuestungslisten_kl_A-L,201126,Hiltipodingare
234682,234682.pdf,0745-10b_hiltipodingare,201126,Hiltipodingare
207672,207672.pdf,wuestungslisten_kl_A-L,201128,Hiltprants
234683,234683.pdf,0746-10b_hiltprants,201128,Hiltprants
207672,207672.pdf,wuestungslisten_kl_A-L,201130,Hinderpurger
234684,234684.pdf,0747-10b_hinderpurger,201130,Hinderpurger
207672,207672.pdf,wuestungslisten_kl_A-L,201132,Hindirberch
234685,234685.pdf,0748-10b_de hindirberch,201132,Hindirberch
234703,234703.pdf,0748-20b_hintermaisfeld_skz_01,201134,Hintermaisfeld*
224292,224292.glb,0748-20b_Hintermaisfeld,201134,Hintermaisfeld*
210011,210011.png,0748-20b_Hintermaisfeld,201134,Hintermaisfeld*
207672,207672.pdf,wuestungslisten_kl_A-L,201136,Hintorf
234704,234704.pdf,0749-10b_hintorf,201136,Hintorf
234706,234706.pdf,0750-20b_hirschberg,201138,Hirschberg
210032,210032.png,0750-20b_hirschberg_skz_01,201138,Hirschberg
223760,223760.glb,0632-20b_Haimpuch_0750-20b_Hirschberg,201138,Hirschberg
223760,223760.glb,0632-20b_Haimpuch_0750-20b_Hirschberg,201138,Hirschberg
210034,210034.png,0750-20b_hirschberg_skz_02,201138,Hirschberg
207672,207672.pdf,wuestungslisten_kl_A-L,201140,Hirschpeunt
234707,234707.pdf,0751-10b_hirschpeunt,201140,Hirschpeunt
207672,207672.pdf,wuestungslisten_kl_A-L,201142,Hirsowe
234708,234708.pdf,0752-10b_hirsowe,201142,Hirsowe
207672,207672.pdf,wuestungslisten_kl_A-L,201144,Hirspach
234713,234713.pdf,0753-10b_hirspach,201144,Hirspach
207672,207672.pdf,wuestungslisten_kl_A-L,201146,Hirstorf
234714,234714.pdf,0754-10b_hirstorf,201146,Hirstorf
207672,207672.pdf,wuestungslisten_kl_A-L,201148,Hirtendorf
234715,234715.pdf,0755-10b_hirtentorf,201148,Hirtendorf
207672,207672.pdf,wuestungslisten_kl_A-L,201150,Hirzpach
234716,234716.pdf,0756-10b_hirzpach,201150,Hirzpach
207672,207672.pdf,wuestungslisten_kl_A-L,201152,Hirzperg
234717,234717.pdf,0757-10b_hirzperg,201152,Hirzperg
207672,207672.pdf,wuestungslisten_kl_A-L,201154,Hitindorf
234718,234718.pdf,0758-10b_hitindorf,201154,Hitindorf
207672,207672.pdf,wuestungslisten_kl_A-L,201156,Hizendorf
234719,234719.pdf,0759-10b_hizendorf,201156,Hizendorf
224300,224300.glb,0759-2_Hocheck_AB,201158,Hocheck
224300,224300.glb,0759-2_Hocheck_AB,201158,Hocheck
234720,234720.pdf,0759-20b_hocheck,201158,Hocheck
210042,210042.png,0759-20b_hocheck_skz_01,201158,Hocheck
207672,207672.pdf,wuestungslisten_kl_A-L,201160,Hochendorf
234722,234722.pdf,0760-10b_hochendorf,201160,Hochendorf
207672,207672.pdf,wuestungslisten_kl_A-L,201162,Hochenperg
234723,234723.pdf,0761-10b_hochenperg,201162,Hochenperg
207672,207672.pdf,wuestungslisten_kl_A-L,201164,Hochpurchen
234724,234724.pdf,0762-10b_hochpuerchen,201164,Hochpurchen
224301,224301.glb,0762-10b_Hochpuerchen,201164,Hochpurchen
210057,210057.png,0762-10b_hochpuerchen_skz_01,201164,Hochpurchen
207672,207672.pdf,wuestungslisten_kl_A-L,201166,Hochstockenamt
234725,234725.pdf,0763-10b_hochstockenamt,201166,Hochstockenamt
234726,234726.pdf,0763-20b_hochstrass_geschwärzt,201168,Hochstraß
224302,224302.glb,0763-20b_Hochstrass,201168,Hochstraß
210069,210069.png,0763-20b_hochstrass_skz_01,201168,Hochstraß
224303,224303.glb,0763-30b_Hochstetten,201170,Hochstetten
210091,210091.png,0763-30b_hochstetten_skz_01,201170,Hochstetten
234727,234727.pdf,0763-30b_hochstetten_geschwärzt,201170,Hochstetten
207672,207672.pdf,wuestungslisten_kl_A-L,201191,Hoders Schloß
234728,234728.pdf,0764-10b_hoders schloss,201191,Hoders Schloß
207672,207672.pdf,wuestungslisten_kl_A-L,201193,Hoeflein dacz dem
234729,234729.pdf,0765-10b_hoeflein dacz dem_geschwärzt,201193,Hoeflein dacz dem
207672,207672.pdf,wuestungslisten_kl_A-L,201195,Hof
234730,234730.pdf,0766-10b_hof,201195,Hof
234731,234731.pdf,0766-20b_hof seebarn,201197,Hof Seebarn*
207672,207672.pdf,wuestungslisten_kl_A-L,201199,Hofdorf
234732,234732.pdf,0767-10b_hofdorf,201199,Hofdorf
234734,234734.pdf,0768-11b_hoeffeln,201201,Höffeln*
224304,224304.glb,0768-1_Höffeln,201201,Höffeln*
210101,210101.png,0768-11b_hoeffeln_skz_01,201201,Höffeln*
234735,234735.pdf,0768-12b_hoeffeln mittlere,201203,Höffeln-Mittlere
210102,210102.png,0768-12b_hoeffeln_skz_01,201203,Höffeln-Mittlere
224304,224304.glb,0768-1_Höffeln,201203,Höffeln-Mittlere
207672,207672.pdf,wuestungslisten_kl_A-L,201205,Hofen
234736,234736.pdf,0769-10b_hofen,201205,Hofen
207672,207672.pdf,wuestungslisten_kl_A-L,201207,Hofen
234737,234737.pdf,0770-10b_hofen,201207,Hofen
207672,207672.pdf,wuestungslisten_kl_A-L,201209,Hofen dcz den
234738,234738.pdf,0771-10b_hofen dacz den,201209,Hofen dcz den
207672,207672.pdf,wuestungslisten_kl_A-L,201211,Hofen
234739,234739.pdf,0772-10b_hofen,201211,Hofen
234740,234740.pdf,0772-20b_hofgraben,201213,Hofgraben*
224307,224307.glb,0772-20b_Hofgraben,201213,Hofgraben*
210136,210136.png,0772-20b_hofgraben_skz_02,201213,Hofgraben*
210135,210135.png,0772-20b_hofgraben_skz_03,201213,Hofgraben*
207672,207672.pdf,wuestungslisten_kl_A-L,201215,Hofsteten
234743,234743.pdf,0773-10b_hofsteten,201215,Hofsteten
224313,224313.glb,0773-20b_Hofstätten,201217,Hofstätten 3*
210137,210137.png,0773-20b_hofstaetten_skz_01,201217,Hofstätten 3*
234744,234744.pdf,0773-20b_hofstetten_geschwärzt,201217,Hofstätten 3*
210138,210138.png,0773-40b_hofstetten_pruellmuehle_kap_02,201217,Hofstätten 3*
234745,234745.pdf,0773-30b_hofstaetten 3,201219,Hofstätten*
234746,234746.pdf,0773-40b_hofstetten bruellmuehle_geschwärzt,201221,Hofstätten-Prüllmühle*
210138,210138.png,0773-40b_hofstetten_pruellmuehle_kap_02,201221,Hofstätten-Prüllmühle*
207672,207672.pdf,wuestungslisten_kl_A-L,201223,Hofstetten
234748,234748.pdf,0774-20b_hofthal_skz_01,201223,Hofstetten
234747,234747.pdf,0774-10b_hofstetten,201223,Hofstetten
234749,234749.pdf,0774-20b_hofthal_geschwärzt,201225,Hofthal*
224314,224314.glb,0774-20b_Hofthal,201225,Hofthal*
210216,210216.png,0774-20b_hofthal_skz_01,201225,Hofthal*
205556,205556.png,0038-10b_alfritzen,201227,Hofwiesen*
234750,234750.pdf,0774-30b_hofwiesen,201227,Hofwiesen*
224315,224315.glb,0774-30b_Hofwiesen,201227,Hofwiesen*
210217,210217.png,0774-30b_hofwiesen_skz_01,201227,Hofwiesen*
234789,234789.pdf,0774-40b_hofwies,201229,Hofwies*
224316,224316.glb,0774-40b_Hofwies,201229,Hofwies*
210218,210218.png,0774-40b_hofwies_skz_01,201229,Hofwies*
207672,207672.pdf,wuestungslisten_kl_A-L,201231,Hohenberg
234803,234803.pdf,0775-10b_hohenberg,201231,Hohenberg
207672,207672.pdf,wuestungslisten_kl_A-L,201233,Hohenburch curia
234804,234804.pdf,0776-10b_hohenburch,201233,Hohenburch curia
207672,207672.pdf,wuestungslisten_kl_A-L,201235,Hohenstufe
234805,234805.pdf,0777-10b_hohenstufen,201235,Hohenstufe
207672,207672.pdf,wuestungslisten_kl_A-L,201237,Hohenwarstein
234806,234806.pdf,0778-10b_hohenwartstein,201237,Hohenwarstein
234807,234807.pdf,0778-20b_hohleichenhof,201239,Hohleichenhof
224317,224317.glb,0778-30b_Hohenwarther_Hofstätten,201241,Hohenwarther Hofstätten*
210219,210219.png,0778-30b_hohenwarther_hofst_skz_01,201241,Hohenwarther Hofstätten*
234808,234808.pdf,0778-30b_hohenwarther hofst,201241,Hohenwarther Hofstätten*
207672,207672.pdf,wuestungslisten_kl_A-L,201243,Hohogapleichun
234809,234809.pdf,0779-10b_hohogapleichun,201243,Hohogapleichun
207672,207672.pdf,wuestungslisten_kl_A-L,201245,Hipleins
234705,234705.pdf,0750-10b_hipleins,201245,Hipleins
207672,207672.pdf,wuestungslisten_kl_A-L,201247,Hofen
234733,234733.pdf,0768-10b_hofen,201247,Hofen
234742,234742.pdf,0772-30b_hoffeld_skz_01,201249,Hoffeld
234741,234741.pdf,0772-30b_hoffeld,201249,Hoffeld
234835,234835.pdf,0794-20b_hornhof,201251,Hornhof*
210223,210223.png,0794-20b_hornhof_skz_01,201251,Hornhof*
224322,224322.glb,0794-20b_Hornhof,201251,Hornhof*
207672,207672.pdf,wuestungslisten_kl_A-L,201253,Holarn dacz
234810,234810.pdf,0780-10b_holaren dacz,201253,Holarn dacz
207672,207672.pdf,wuestungslisten_kl_A-L,201255,Hölbertsgraben
234811,234811.pdf,0781-10b_hoelbertsgraben,201255,Hölbertsgraben
224320,224320.glb,0781-10b_Hölbertsgraben,201255,Hölbertsgraben
210220,210220.png,0781-10b_Hölbertsgraben,201255,Hölbertsgraben
207672,207672.pdf,wuestungslisten_kl_A-L,201259,Hollrech in Aspanger Pfarr
234812,234812.pdf,0782-10b_hollrech in asp pf,201259,Hollrech in Aspanger Pfarr
207672,207672.pdf,wuestungslisten_kl_A-L,201261,"Holnstein, Klein"
234813,234813.pdf,0783-10b_holnstein klein,201261,"Holnstein, Klein"
207672,207672.pdf,wuestungslisten_kl_A-L,201263,Holunburc
234815,234815.pdf,0785-10b_holunburc,201263,Holunburc
207672,207672.pdf,wuestungslisten_kl_A-L,201266,"Holzprukke, in loco"
234817,234817.pdf,0786-10b_holzpruk in loco,201266,"Holzprukke, in loco"
207672,207672.pdf,wuestungslisten_kl_A-L,201268,Honerstorf
234827,234827.pdf,0787-10b_honerstorf,201268,Honerstorf
207672,207672.pdf,wuestungslisten_kl_A-L,201270,Hönigsperg
234828,234828.pdf,0788-10b_hoenigsperg,201270,Hönigsperg
234829,234829.pdf,0789-10b_hophowe de,201272,Hophowe
207672,207672.pdf,wuestungslisten_kl_A-L,201276,Horawe de
234830,234830.pdf,0790-10b_horawe de,201276,Horawe de
207672,207672.pdf,wuestungslisten_kl_A-L,201278,Hörbartenschlag
224321,224321.glb,0791-10b_Hörbartenschlag,201278,Hörbartenschlag
210221,210221.png,0791-10b_hoerbartenschlag_skz_01,201278,Hörbartenschlag
234831,234831.pdf,0791-10b_hoerbartenschlag_geschwärzt,201278,Hörbartenschlag
207672,207672.pdf,wuestungslisten_kl_A-L,201280,Horbeseber
234832,234832.pdf,0792-10b_horbeseber_geschwärzt,201280,Horbeseber
210222,210222.png,0792-10b_horbeseber_skz_01,201280,Horbeseber
208698,208698.png,0469-10b_gange_skz_02,201280,Horbeseber
207672,207672.pdf,wuestungslisten_kl_A-L,201282,Horbruck
234833,234833.pdf,0793-10b_horbruck,201282,Horbruck
207672,207672.pdf,wuestungslisten_kl_A-L,201284,Horburch
234834,234834.pdf,0794-10b_horburch,201284,Horburch
207672,207672.pdf,wuestungslisten_kl_A-L,201288,veste Hornperg
234836,234836.pdf,0795-10b_hornperg veste,201288,veste Hornperg
207672,207672.pdf,wuestungslisten_kl_A-L,201290,Hornsperch
234837,234837.pdf,0796-10b_hornsperch,201290,Hornsperch
207672,207672.pdf,wuestungslisten_kl_A-L,201292,Hörstetten
234838,234838.pdf,0797-10b_hoerstetten,201292,Hörstetten
207672,207672.pdf,wuestungslisten_kl_A-L,201294,Hortwines
234839,234839.pdf,0798-10b_hortwines,201294,Hortwines
224323,224323.glb,0798-10b_Hortwines,201294,Hortwines
210285,210285.png,0798-10b_hortwines_skz_01,201294,Hortwines
210284,210284.png,0798-10b_hortwines_skz_02,201294,Hortwines
207672,207672.pdf,wuestungslisten_kl_A-L,201298,"Houelein, villa in"
234840,234840.pdf,0799-10b_houlein villa,201298,"Houelein, villa in"
207672,207672.pdf,wuestungslisten_kl_A-L,201301,"Houesteten, de"
234841,234841.pdf,0800-10b_houesteten de,201301,"Houesteten, de"
234906,234906.pdf,0823-20b_ilmanns,201303,Ilmanns
207672,207672.pdf,wuestungslisten_kl_A-L,201305,Kressenpach
235074,235074.pdf,0873-10b_kressenpach,201305,Kressenpach
207672,207672.pdf,wuestungslisten_kl_A-L,201307,Kreusbach
235079,235079.pdf,0874-10b_kreusbach,201307,Kreusbach
207672,207672.pdf,wuestungslisten_kl_A-L,201309,Kupferberg
235156,235156.pdf,0889-10b_kupferberg,201309,Kupferberg
232968,232968.pdf,1967-20b_wedling,204822,Wedling*
229915,229915.glb,1967-20b_Wedling,204822,Wedling*
214611,214611.png,1967-20b_Wedling,204822,Wedling*
235297,235297.pdf,0894-20b_lahming_geschwärzt,201311,Lahming*
210669,210669.png,0894-20b_lahming_kap_01,201311,Lahming*
207672,207672.pdf,wuestungslisten_kl_A-L,201313,Hovmat
207807,207807.pdf,19750313_Besprechungsprotokoll_Zelesnik_Strohschneider,201313,Hovmat
207807,207807.pdf,19750313_Besprechungsprotokoll_Zelesnik_Strohschneider,201313,Hovmat
207807,207807.pdf,19750313_Besprechungsprotokoll_Zelesnik_Strohschneider,201313,Hovmat
207680,207680.pdf,Zelesnik_Wüstungen begangen_geschwärzt,201313,Hovmat
210290,210290.png,0801-10b_hovmat_skz_01,201313,Hovmat
210289,210289.png,0801-10b_hovmat_skz_02,201313,Hovmat
215463,215463.pdf,Aufstellung Leistungen der Außenmitarbeiter (Stand 19.4.1975),201313,Hovmat
234842,234842.pdf,0801-10b_hovmat_geschwärzt,201313,Hovmat
207672,207672.pdf,wuestungslisten_kl_A-L,201315,Huchendorf
234844,234844.pdf,0802-10b_de hucendorf,201315,Huchendorf
207672,207672.pdf,wuestungslisten_kl_A-L,201317,Hucinpach
234850,234850.pdf,0803-10b_de hucinpach,201317,Hucinpach
207672,207672.pdf,wuestungslisten_kl_A-L,201319,Hueb
234851,234851.pdf,0804-10b_hueb,201319,Hueb
207672,207672.pdf,wuestungslisten_kl_A-L,201321,Hueba
234852,234852.pdf,0805-10b_hueba,201321,Hueba
207672,207672.pdf,wuestungslisten_kl_A-L,201323,Huettendorf
234853,234853.pdf,0806-10b_de huettendorf,201323,Huettendorf
207672,207672.pdf,wuestungslisten_kl_A-L,201325,Huettenperg
234854,234854.pdf,0807-10b_huetterperg,201325,Huettenperg
207672,207672.pdf,wuestungslisten_kl_A-L,201327,"Hugelinge, de"
234855,234855.pdf,0808-10b_hugelinge,201327,"Hugelinge, de"
207672,207672.pdf,wuestungslisten_kl_A-L,201329,Hulbm
234856,234856.pdf,0809-10b_hulbm,201329,Hulbm
234857,234857.pdf,0811-10b_hungerprunn,201331,Hungerprunn
207672,207672.pdf,wuestungslisten_kl_A-L,201335,Hurbling
234858,234858.pdf,0812-10b_hurbling,201335,Hurbling
207672,207672.pdf,wuestungslisten_kl_A-L,201337,Huruenowe
224324,224324.glb,0813-10b_Huruenowe_Hürbenau,201337,Huruenowe
210292,210292.png,0813-10b_huruenowe_huerbenau_skz_01,201337,Huruenowe
234860,234860.pdf,0813-10b_huruenowe,201337,Huruenowe
207672,207672.pdf,wuestungslisten_kl_A-L,201340,Husekke
234859,234859.pdf,0814-10b_husekke,201340,Husekke
207672,207672.pdf,wuestungslisten_kl_A-L,201342,Husluten
234861,234861.pdf,0815-10b_husluten_geschwärzt,201342,Husluten
207672,207672.pdf,wuestungslisten_kl_A-L,201344,Hutmannsdorf
207807,207807.pdf,19750313_Besprechungsprotokoll_Zelesnik_Strohschneider,201344,Hutmannsdorf
207807,207807.pdf,19750313_Besprechungsprotokoll_Zelesnik_Strohschneider,201344,Hutmannsdorf
207807,207807.pdf,19750313_Besprechungsprotokoll_Zelesnik_Strohschneider,201344,Hutmannsdorf
207801,207801.pdf,19710510_AMA_an_Zelesnik,201344,Hutmannsdorf
234862,234862.pdf,0816-10b_hutmannsdorf_geschwärzt,201344,Hutmannsdorf
210297,210297.png,0816-10b_hutmannsdorf_skz_01,201344,Hutmannsdorf
207680,207680.pdf,Zelesnik_Wüstungen begangen_geschwärzt,201344,Hutmannsdorf
215463,215463.pdf,Aufstellung Leistungen der Außenmitarbeiter (Stand 19.4.1975),201344,Hutmannsdorf
234547,234547.pdf,19750307_Strohschneider_an_Zelesnik_geschwärzt,201344,Hutmannsdorf
207672,207672.pdf,wuestungslisten_kl_A-L,201346,Hyttenguet
234863,234863.pdf,0817-10b_hyttenguet,201346,Hyttenguet
207672,207672.pdf,wuestungslisten_kl_A-L,201348,Ibisekke
207673,207673.pdf,wuestungslisten_kl_M-Z,201348,Ibisekke
234864,234864.pdf,0818-10b_ibisekke,201348,Ibisekke
207672,207672.pdf,wuestungslisten_kl_A-L,201350,Ibisvelt
207673,207673.pdf,wuestungslisten_kl_M-Z,201350,Ibisvelt
234865,234865.pdf,0819-10b_de ibisvelt,201350,Ibisvelt
207672,207672.pdf,wuestungslisten_kl_A-L,201352,Ibisizegemunde
207673,207673.pdf,wuestungslisten_kl_M-Z,201352,Ibisizegemunde
234866,234866.pdf,0820-10b_ibisizegemunde,201352,Ibisizegemunde
207672,207672.pdf,wuestungslisten_kl_A-L,201354,Ibsdorf
234903,234903.pdf,0821-10b_von ibsdorf,201354,Ibsdorf
207672,207672.pdf,wuestungslisten_kl_A-L,201356,Igelsgraben
234904,234904.pdf,0822-10b_igelsgraben,201356,Igelsgraben
207672,207672.pdf,wuestungslisten_kl_A-L,201358,Ilgerhoven
234905,234905.pdf,0823-10b_ilgerhoven,201358,Ilgerhoven
207672,207672.pdf,wuestungslisten_kl_A-L,201360,Iglsee
234907,234907.pdf,0824-10b_iglsee,201360,Iglsee
207672,207672.pdf,wuestungslisten_kl_A-L,201362,Immenbruck
234908,234908.pdf,0825-10b_immenbruck,201362,Immenbruck
207672,207672.pdf,wuestungslisten_kl_A-L,201364,Immerlehe
234956,234956.pdf,0826-10b_de immerlehe,201364,Immerlehe
234957,234957.pdf,0826-20b_innerfeld,201367,Innerfeld*
224325,224325.glb,0826-20b_Innerfeld,201367,Innerfeld*
210330,210330.jpg,0826-20b_Innerfeld_skz_02,201367,Innerfeld*
210329,210329.png,0826-20b_Innerfeld_skz_01,201367,Innerfeld*
210328,210328.png,0826-20b_Innerfeld_skz_01,201367,Innerfeld*
234343,234343.pdf,Überblick Langes Tal,201367,Innerfeld*
207672,207672.pdf,wuestungslisten_kl_A-L,201371,Inwipretis
234958,234958.pdf,0827-10b_de inwilpretis,201371,Inwipretis
207672,207672.pdf,wuestungslisten_kl_A-L,201373,Iohemingen
234959,234959.pdf,0828-10b_de iohemingen,201373,Iohemingen
207672,207672.pdf,wuestungslisten_kl_A-L,201375,Irhawbe
224326,224326.glb,0829-10b_Irhawbe,201375,Irhawbe
210337,210337.png,0829-10b_irhawbe_skz_01,201375,Irhawbe
234960,234960.pdf,0829-10b_irhawbe,201375,Irhawbe
234982,234982.pdf,0850-20b_judengraben,201421,Judengraben*
207672,207672.pdf,wuestungslisten_kl_A-L,201423,Jungolfhof
234983,234983.pdf,0851-10b_jungolfhof,201423,Jungolfhof
207672,207672.pdf,wuestungslisten_kl_A-L,201425,Kachenreytt
207673,207673.pdf,wuestungslisten_kl_M-Z,201425,Kachenreytt
234984,234984.pdf,0852-10b_kachenreyt,201425,Kachenreytt
207672,207672.pdf,wuestungslisten_kl_A-L,201427,Kager
234985,234985.pdf,0853-10b_kager auf der rosfil,201427,Kager
207672,207672.pdf,wuestungslisten_kl_A-L,201430,Kaildorf
234986,234986.pdf,0854-10b_kaildorf,201430,Kaildorf
224327,224327.glb,0854-20b_Kalkberg,201432,Kalkberg*
210379,210379.png,0854-20b_kalkberg_skz_02,201432,Kalkberg*
210378,210378.png,0854-20b_kalkberg_skz_01,201432,Kalkberg*
234987,234987.pdf,0854-20b_kalkberg_geschwärzt,201432,Kalkberg*
234988,234988.pdf,0854-30b_kaisergraben_geschwärzt,201434,Kaisergraben*
224328,224328.glb,0854-30b_Kaisergraben,201434,Kaisergraben*
210380,210380.png,0854-30b_kaisergraben_skz_01,201434,Kaisergraben*
234343,234343.pdf,Überblick Langes Tal,201434,Kaisergraben*
207672,207672.pdf,wuestungslisten_kl_A-L,201436,Kaltenbrunn
234989,234989.pdf,0855-10b_kaltenbrunn,201436,Kaltenbrunn
224329,224329.glb,0855-10b_Kaltenbrunn,201436,Kaltenbrunn
210413,210413.png,0855-10b_kaltenbrunn_skz_01,201436,Kaltenbrunn
207672,207672.pdf,wuestungslisten_kl_A-L,201438,Katzelsdorf
234990,234990.pdf,0856-10b_katzelsdorf,201438,Katzelsdorf
207672,207672.pdf,wuestungslisten_kl_A-L,201440,"Kaumperg, hof am"
234991,234991.pdf,0857-10b_kaumberg hof am,201440,"Kaumperg, hof am"
207672,207672.pdf,wuestungslisten_kl_A-L,201442,"Khaindorf, Unter-"
234992,234992.pdf,0858-10b_khaindorf ober-unter_geschwärzt,201442,"Khaindorf, Unter-"
207672,207672.pdf,wuestungslisten_kl_A-L,201446,Khienberg Ambt
234993,234993.pdf,0859-10b_khienberg ambt,201446,Khienberg Ambt
207672,207672.pdf,wuestungslisten_kl_A-L,201448,Khuernperg
234994,234994.pdf,0860-10b_khuernperg,201448,Khuernperg
207672,207672.pdf,wuestungslisten_kl_A-L,201450,Kielmannsegg
234995,234995.pdf,0861-10b_kielmannsegg,201450,Kielmannsegg
207672,207672.pdf,wuestungslisten_kl_A-L,201452,"Kilian, St."
234996,234996.pdf,0862-10b_kilian st,201452,"Kilian, St."
207672,207672.pdf,wuestungslisten_kl_A-L,201454,Kirchbergen
234997,234997.pdf,0863-10b_kirchbergen,201454,Kirchbergen
207672,207672.pdf,wuestungslisten_kl_A-L,201456,Kirchdorf
234998,234998.pdf,0864-10b_kirchdorf,201456,Kirchdorf
234999,234999.pdf,0864-20b_kirchbuehel_geschwärzt,201458,Kirchbühel*
224559,224559.glb,0864-20b_Kirchbühel,201458,Kirchbühel*
210414,210414.png,0864-20b_kirchbuehel_skz_01,201458,Kirchbühel*
235000,235000.pdf,0864-30b_kirchsteigfeld*,201460,Kirchsteigfeld*
210416,210416.png,0864-30b_kirchsteigfeld_skz_01,201460,Kirchsteigfeld*
210415,210415.png,0864-30b_kirchsteigfeld_skz_02,201460,Kirchsteigfeld*
224560,224560.glb,0864-30b_Kirchsteigfeld,201460,Kirchsteigfeld*
207672,207672.pdf,wuestungslisten_kl_A-L,201462,Kireihbach
235001,235001.pdf,0865-10b_kireihbach,201462,Kireihbach
207672,207672.pdf,wuestungslisten_kl_A-L,201464,Klaffenbach
235008,235008.pdf,0866-10b_klaffenbach,201464,Klaffenbach
207673,207673.pdf,wuestungslisten_kl_M-Z,204824,Weichartsdorf
207668,207668.pdf,wuestungsarchiv_konzeption_organisatio_arbeitsplanung,204824,Weichartsdorf
232962,232962.pdf,1968-10b_weichartstorf,204824,Weichartsdorf
215465,215465.pdf,Wüstungsarchiv des Archivs für Mittelalterarchäologie,204824,Weichartsdorf
207673,207673.pdf,wuestungslisten_kl_M-Z,204826,Weidling
232957,232957.pdf,1969-10b_ober weidling,204826,Weidling
207673,207673.pdf,wuestungslisten_kl_M-Z,204830,Weinczurl
232955,232955.pdf,1970-10b_weinczurl,204830,Weinczurl
224561,224561.glb,0866-20b_Kleinfeld,201466,Kleinfeld*
210417,210417.png,0866-20b_kleinfeld_skz_01,201466,Kleinfeld*
235009,235009.pdf,0866-20b_kleinfeld_geschwärzt,201466,Kleinfeld*
234343,234343.pdf,Überblick Langes Tal,201466,Kleinfeld*
235013,235013.pdf,0867-10b_klingelbach,201468,Klingelbach
210571,210571.png,0867-20b_klingfurth_skz_01,201470,Klingfurth
235010,235010.pdf,0867-20b_klingfurth,201470,Klingfurth
224563,224563.glb,0867-30b_Königsgraben,201472,Königsgraben*
210618,210618.png,0867-30b_koenigsgraben_skz_01,201472,Königsgraben*
224569,224569.glb,0867-40b_Koggendorf,201474,Koggendorf
210623,210623.png,0867-40b_koggendorf_skz_01,201474,Koggendorf
224570,224570.glb,0867-50b_Kohlstadl,201476,Kohlstadl*
210630,210630.png,0867-50b_kohlstadl_skz_01,201476,Kohlstadl*
235040,235040.pdf,0867-50b_kohlstadl,201476,Kohlstadl*
207672,207672.pdf,wuestungslisten_kl_A-L,201478,Koppenstaine
235044,235044.pdf,0868-10b_koppenstaine,201478,Koppenstaine
207672,207672.pdf,wuestungslisten_kl_A-L,201480,Kornreit
235045,235045.pdf,0869-10b_kornreit,201480,Kornreit
207672,207672.pdf,wuestungslisten_kl_A-L,201482,Kostnitz
235048,235048.pdf,0870-10b_kostnitz,201482,Kostnitz
210643,210643.png,0870-20b_Krackesfeld,201484,Krackesfeld*
224571,224571.glb,0870-20b_Krackesfeld,201484,Krackesfeld*
235055,235055.pdf,0870-20b_krackesfeld_geschwärzt,201484,Krackesfeld*
234343,234343.pdf,Überblick Langes Tal,201484,Krackesfeld*
207672,207672.pdf,wuestungslisten_kl_A-L,201488,Kransdorf
235064,235064.pdf,0871-10b_kransdorf,201488,Kransdorf
235065,235065.pdf,0871-20b_krautgarten_geschwärzt,201490,Krautgarten*
224572,224572.glb,0871-20b_Krautgarten,201490,Krautgarten*
210660,210660.png,0871-20b_krautgarten_skz_01,201490,Krautgarten*
232953,232953.pdf,1971-10b_weinpolz,204832,Weinpolz
207673,207673.pdf,wuestungslisten_kl_M-Z,204834,Weinsperg
232944,232944.pdf,1972-10b_weinsperg,204834,Weinsperg
207673,207673.pdf,wuestungslisten_kl_M-Z,204836,Weissenberg
232941,232941.pdf,1973-10b_weissenberg,204836,Weissenberg
207673,207673.pdf,wuestungslisten_kl_M-Z,204838,Weiszenpach
232937,232937.pdf,1974-10b_weiszenpach,204838,Weiszenpach
207673,207673.pdf,wuestungslisten_kl_M-Z,204840,Weitowe
232932,232932.pdf,1975-10b_weitowe,204840,Weitowe
207673,207673.pdf,wuestungslisten_kl_M-Z,204842,Wekendorf
232843,232843.pdf,1976-10b_wekendorf,204842,Wekendorf
207672,207672.pdf,wuestungslisten_kl_A-L,201492,Krechleinsdorf
235069,235069.pdf,0872-10b_krechleinstorf_geschwärzt,201492,Krechleinsdorf
224573,224573.glb,0872-10b_Crechleinsdorf,201492,Krechleinsdorf
210661,210661.png,0872-10b_crechleinsdorf_skz_01,201492,Krechleinsdorf
207672,207672.pdf,wuestungslisten_kl_A-L,201495,Kreuzenstein
235083,235083.pdf,0875-10b_kreuzenstein,201495,Kreuzenstein
207672,207672.pdf,wuestungslisten_kl_A-L,201497,Krindorf
235087,235087.pdf,0876-10b_kraindorf,201497,Krindorf
224574,224574.glb,0876-20b_Kronfeld,201499,Kronfeld*
210662,210662.png,0876-20b_kronfeld_skz_01,201499,Kronfeld*
235102,235102.pdf,0876-20b_kronfeld,201499,Kronfeld*
207672,207672.pdf,wuestungslisten_kl_A-L,201501,Krössenhof
210663,210663.png,0877-10b_kroessenhof_skz_01,201501,Krössenhof
224575,224575.glb,0877-10b_Krössenhof,201501,Krössenhof
235117,235117.pdf,0877-10b_kroessenhof,201501,Krössenhof
207672,207672.pdf,wuestungslisten_kl_A-L,201503,Krotendorf
235120,235120.pdf,0878-10b_krotendorf,201503,Krotendorf
207672,207672.pdf,wuestungslisten_kl_A-L,201505,Krotendorf
235130,235130.pdf,0879-10b_krotendorf,201505,Krotendorf
207672,207672.pdf,wuestungslisten_kl_A-L,201507,Krotendorf
235134,235134.pdf,0880-10b_krotendorf,201507,Krotendorf
207672,207672.pdf,wuestungslisten_kl_A-L,201509,Krotendorf
235135,235135.pdf,0881-10b_krotendorf,201509,Krotendorf
207672,207672.pdf,wuestungslisten_kl_A-L,201511,Krotental
235139,235139.pdf,0882-10b_krotental,201511,Krotental
207672,207672.pdf,wuestungslisten_kl_A-L,201513,Krottental
235142,235142.pdf,0883-10b_krottental,201513,Krottental
207672,207672.pdf,wuestungslisten_kl_A-L,201515,Krottentall
235144,235144.pdf,0884-10b_krottentall,201515,Krottentall
207672,207672.pdf,wuestungslisten_kl_A-L,201517,Kruegsperg
235145,235145.pdf,0885-10b_krugsperg,201517,Kruegsperg
207672,207672.pdf,wuestungslisten_kl_A-L,201519,Krumbleins
224576,224576.glb,0886-10b_Krumbleins,201519,Krumbleins
210665,210665.png,0886-10b_krumbleins_skz_02,201519,Krumbleins
210664,210664.png,0886-10b_krumbleins_skz_01,201519,Krumbleins
235146,235146.pdf,0886-10b_krumbleins_geschwärzt,201519,Krumbleins
234343,234343.pdf,Überblick Langes Tal,201519,Krumbleins
207672,207672.pdf,wuestungslisten_kl_A-L,201521,Kuetzeneckh
235151,235151.pdf,0887-10b_kruetzeneckh,201521,Kuetzeneckh
207672,207672.pdf,wuestungslisten_kl_A-L,201523,Kuglens
235154,235154.pdf,0888-10b_kuglens,201523,Kuglens
235158,235158.pdf,0889-20b_laa-nord,201525,Laa Nord*
224577,224577.glb,0889-20b_Laa_Nord,201525,Laa Nord*
210667,210667.png,0889-20b_laa_nord_skz_01,201525,Laa Nord*
207672,207672.pdf,wuestungslisten_kl_A-L,201527,Labans
235292,235292.pdf,0890-10b_labans,201527,Labans
207672,207672.pdf,wuestungslisten_kl_A-L,201529,Ladendorf
235293,235293.pdf,0891-10b_ladendorf,201529,Ladendorf
215028,215028.pdf,19751025_Einladung zu Exkursion,201529,Ladendorf
207672,207672.pdf,wuestungslisten_kl_A-L,201531,Ladensdorph
235294,235294.pdf,0892-10b_ladenstorph,201531,Ladensdorph
207672,207672.pdf,wuestungslisten_kl_A-L,201533,Laadorf
365471,365471.pdf,0893-10b_ladorf,201533,Laadorf
235295,235295.pdf,0893-10b_ladorf_geschwärzt,201533,Laadorf
233611,233611.pdf,19751212_Keramikdatierung,201533,Laadorf
215027,215027.pdf,19751025_Planung und Protokoll Exkursion,201533,Laadorf
207673,207673.pdf,wuestungslisten_kl_M-Z,204844,Wengelbach
232840,232840.pdf,1977-10b_wengelbach,204844,Wengelbach
207673,207673.pdf,wuestungslisten_kl_M-Z,204846,Welkindorf
232831,232831.pdf,1978-10b_welkindorf,204846,Welkindorf
207673,207673.pdf,wuestungslisten_kl_M-Z,204848,Welnersdorf
232829,232829.pdf,1979-10b_welnersdorf,204848,Welnersdorf
207672,207672.pdf,wuestungslisten_kl_A-L,201535,Laevtweins
235296,235296.pdf,0894-10b_laevtweins_geschwärzt,201535,Laevtweins
234369,234369.pdf,19730213_Schutzbier_an_Eibner_geschwärzt,201535,Laevtweins
207672,207672.pdf,wuestungslisten_kl_A-L,201537,Laichelingen
235298,235298.pdf,0895-10b_laichelingen,201537,Laichelingen
207672,207672.pdf,wuestungslisten_kl_A-L,201539,Laiderinsdorf
235299,235299.pdf,0896-10b_laiderinsdorf,201539,Laiderinsdorf
207672,207672.pdf,wuestungslisten_kl_A-L,201541,Laimgrube
235303,235303.pdf,0897-10b_laimgrube,201541,Laimgrube
207672,207672.pdf,wuestungslisten_kl_A-L,201543,Laimgrube
235310,235310.pdf,0898-10b_laimgrube,201543,Laimgrube
235314,235314.pdf,0898-20b_landersdorf,201545,Landersdorf
224578,224578.glb,0898-30b_Landgraben_Nord_Süd,201547,Landgraben Nord*
235324,235324.pdf,0898-21b_landgraben b,201547,Landgraben Nord*
235324,235324.pdf,0898-21b_landgraben b,201547,Landgraben Nord*
235324,235324.pdf,0898-21b_landgraben b,201547,Landgraben Nord*
210672,210672.png,0898-20b_landgraben_b_skz_01,201547,Landgraben Nord*
210672,210672.png,0898-20b_landgraben_b_skz_01,201547,Landgraben Nord*
210672,210672.png,0898-20b_landgraben_b_skz_01,201547,Landgraben Nord*
210672,210672.png,0898-20b_landgraben_b_skz_01,201547,Landgraben Nord*
235324,235324.pdf,0898-21b_landgraben b,201549,Landgraben Süd*
235324,235324.pdf,0898-21b_landgraben b,201549,Landgraben Süd*
224578,224578.glb,0898-30b_Landgraben_Nord_Süd,201549,Landgraben Süd*
210672,210672.png,0898-20b_landgraben_b_skz_01,201549,Landgraben Süd*
235324,235324.pdf,0898-21b_landgraben b,201549,Landgraben Süd*
210672,210672.png,0898-20b_landgraben_b_skz_01,201549,Landgraben Süd*
210672,210672.png,0898-20b_landgraben_b_skz_01,201549,Landgraben Süd*
210672,210672.png,0898-20b_landgraben_b_skz_01,201549,Landgraben Süd*
207672,207672.pdf,wuestungslisten_kl_A-L,201551,Langenthall
235350,235350.pdf,0899-10b_langenthall,201551,Langenthall
207672,207672.pdf,wuestungslisten_kl_A-L,201553,Langintal
235355,235355.pdf,0900-10b_langintal,201553,Langintal
235379,235379.pdf,0901-20b_langwies,201557,Langwies*
234343,234343.pdf,Überblick Langes Tal,201557,Langwies*
210417,210417.png,0866-20b_kleinfeld_skz_01,201557,Langwies*
207672,207672.pdf,wuestungslisten_kl_A-L,201559,Langwysen
235386,235386.pdf,0902-10b_langwysen,201559,Langwysen
207672,207672.pdf,wuestungslisten_kl_A-L,201577,Laurency
224580,224580.glb,0909-10b_Laurency_Curia,201577,Laurency
210675,210675.png,0909-10b_laurency curia_skz_01,201577,Laurency
235419,235419.pdf,0909-10b_laurency curia,201577,Laurency
207673,207673.pdf,wuestungslisten_kl_M-Z,204850,Weninesdorf
232826,232826.pdf,1980-10b_weninesdorf,204850,Weninesdorf
207672,207672.pdf,wuestungslisten_kl_A-L,201579,St. Laurentio
235420,235420.pdf,0910-10b_laurentio st_geschwärzt,201579,St. Laurentio
224581,224581.glb,0910-10b_Laurentio_ St,201579,St. Laurentio
210680,210680.jpg,0910-10b_laurentio_ st_skz_01,201579,St. Laurentio
210679,210679.png,0910-10b_laurentio_ st_skz_02,201579,St. Laurentio
210678,210678.png,0910-10b_laurentio_ st_skz_03,201579,St. Laurentio
210677,210677.png,0910-10b_laurentio_st_skz_04,201579,St. Laurentio
207672,207672.pdf,wuestungslisten_kl_A-L,201581,"Laurentio, de Sto"
235421,235421.pdf,0911-10b_laurentio de sto,201581,"Laurentio, de Sto"
207672,207672.pdf,wuestungslisten_kl_A-L,201583,Laurnich
235422,235422.pdf,0912-10b_laurnich_geschwärzt,201583,Laurnich
207672,207672.pdf,wuestungslisten_kl_A-L,201587,Lautsdorf
235423,235423.pdf,0913-10b_lautsdorf,201587,Lautsdorf
207672,207672.pdf,wuestungslisten_kl_A-L,201589,Lawnharteswege
235424,235424.pdf,0914-10b_lawnharteswege,201589,Lawnharteswege
207672,207672.pdf,wuestungslisten_kl_A-L,201591,Laytterek
235425,235425.pdf,0915-10b_laytterek,201591,Laytterek
207672,207672.pdf,wuestungslisten_kl_A-L,201593,"Lazar, St."
235426,235426.pdf,0916-10b_lazar st,201593,"Lazar, St."
207672,207672.pdf,wuestungslisten_kl_A-L,201595,Lebern
207598,207598.pdf,Liste nordburgenländischer Wüstungen,201595,Lebern
233226,233226.pdf,bgld_lebern,201595,Lebern
234408,234408.pdf,19730427_Eibner_an_Opferkuh_geschwärzt,201595,Lebern
207672,207672.pdf,wuestungslisten_kl_A-L,201597,"Ledrern, unter den"
235431,235431.pdf,0918-10b_ledrern unter den,201597,"Ledrern, unter den"
207672,207672.pdf,wuestungslisten_kl_A-L,201599,"Lehen, dacz den"
235435,235435.pdf,0919-10b_lehen dacz den,201599,"Lehen, dacz den"
235439,235439.pdf,0919-20b_lehmfeld_geschwärzt,201601,Lehmfeld*
224582,224582.glb,0919-20b_Lehmfeld,201601,Lehmfeld*
210682,210682.png,0919-20b_lehmfeld_skz_01,201601,Lehmfeld*
235445,235445.pdf,0919-30b_lehen,201603,Lehen*
224583,224583.glb,0919-30b_Lehen,201603,Lehen*
210683,210683.png,0919-30b_lehen_skz_01,201603,Lehen*
207672,207672.pdf,wuestungslisten_kl_A-L,201605,castrum Leineck
235447,235447.pdf,0920-10b_leineck castrum,201605,castrum Leineck
207672,207672.pdf,wuestungslisten_kl_A-L,201607,Leiten
235448,235448.pdf,0921-10b_leiten,201607,Leiten
207672,207672.pdf,wuestungslisten_kl_A-L,201609,Lenginauwa
235452,235452.pdf,0922-10b_lenginauwa,201609,Lenginauwa
207672,207672.pdf,wuestungslisten_kl_A-L,201611,Lenspach
210792,210792.png,0923-10b_lenspach_skz_01,201611,Lenspach
224662,224662.glb,0923-10b_Lenspach,201611,Lenspach
235474,235474.pdf,0923-10b_lenspach,201611,Lenspach
207672,207672.pdf,wuestungslisten_kl_A-L,201613,Lenstain
235475,235475.pdf,0924-10b_lenstain,201613,Lenstain
207672,207672.pdf,wuestungslisten_kl_A-L,201615,Lerch
235476,235476.pdf,0925-10b_lerch,201615,Lerch
207672,207672.pdf,wuestungslisten_kl_A-L,201617,Leubmannsdorf
206098,206098.pdf,"Margl, Wüstungen begangen von",201617,Leubmannsdorf
235479,235479.pdf,0926-10b_leubmannsdorf_skz_02,201617,Leubmannsdorf
235478,235478.pdf,0926-10b_leubmannsdorf_geschwärzt,201617,Leubmannsdorf
235477,235477.pdf,0926-10b_leubmannsdorf_skz_03,201617,Leubmannsdorf
210795,210795.png,0926-10b_leubmannsdorf_skz_01,201617,Leubmannsdorf
232701,232701.pdf,Notitzen EEminger 2,201617,Leubmannsdorf
215463,215463.pdf,Aufstellung Leistungen der Außenmitarbeiter (Stand 19.4.1975),201617,Leubmannsdorf
207672,207672.pdf,wuestungslisten_kl_A-L,201619,Leuchlingspach
235480,235480.pdf,0927-10b_leuchlinspach,201619,Leuchlingspach
207672,207672.pdf,wuestungslisten_kl_A-L,201621,Leuntzenhof
235481,235481.pdf,0928-10b_leuntzenhof,201621,Leuntzenhof
207672,207672.pdf,wuestungslisten_kl_A-L,201625,Leutenpach
235483,235483.pdf,0930-10b_leutenpach,201625,Leutenpach
207672,207672.pdf,wuestungslisten_kl_A-L,201627,Leuwer
235484,235484.pdf,0931-10b_leuwer,201627,Leuwer
207672,207672.pdf,wuestungslisten_kl_A-L,201629,Leuzmas
235485,235485.pdf,0932-10b_leuzmas_geschwärzt,201629,Leuzmas
207672,207672.pdf,wuestungslisten_kl_A-L,201633,Levecensbrunne
235487,235487.pdf,0934-10b_leuecensbrunne,201633,Levecensbrunne
235488,235488.pdf,0935-10b_lewloltsstain unter dem,201635,"Lewloltsstain, unter dem"
207672,207672.pdf,wuestungslisten_kl_A-L,201637,"Lewmanstal, Ober"
235489,235489.pdf,0936-10b_lewmanstal ober,201637,"Lewmanstal, Ober"
207672,207672.pdf,wuestungslisten_kl_A-L,201639,"Leychelingen, in"
235490,235490.pdf,0937-10b_leychelingen,201639,"Leychelingen, in"
207672,207672.pdf,wuestungslisten_kl_A-L,201641,Leytten
235491,235491.pdf,0938-10b_leytten,201641,Leytten
210797,210797.png,0938-10b_leytten_feste_tullnufer,201641,Leytten
207672,207672.pdf,wuestungslisten_kl_A-L,201644,Libhardesekke
235492,235492.pdf,0939-10b_libhartesekke,201644,Libhardesekke
207672,207672.pdf,wuestungslisten_kl_A-L,201646,Lichtenek
235493,235493.pdf,0940-10b_lichtenek,201646,Lichtenek
207672,207672.pdf,wuestungslisten_kl_A-L,201648,Lichtenwinkhel
224663,224663.glb,0941-10b_Lichtenwinkhel,201648,Lichtenwinkhel
210798,210798.png,0941-10b_Lichtenwinkhel,201648,Lichtenwinkhel
207672,207672.pdf,wuestungslisten_kl_A-L,201650,"Liebek, de"
224664,224664.glb,0942-20b_Liebnitz_West,201652,Liebnitz West*
210799,210799.png,0942-20b_Liebnitz_West,201652,Liebnitz West*
207672,207672.pdf,wuestungslisten_kl_A-L,201654,"Liezam, apud"
207672,207672.pdf,wuestungslisten_kl_A-L,201656,Lieze
207672,207672.pdf,wuestungslisten_kl_A-L,201660,Liliunprunno in pannonia
207672,207672.pdf,wuestungslisten_kl_A-L,201662,Limpfings
207672,207672.pdf,wuestungslisten_kl_A-L,201664,Linczhof
207672,207672.pdf,wuestungslisten_kl_A-L,201666,Lindegg
207672,207672.pdf,wuestungslisten_kl_A-L,201668,Lindenvelde
237365,237365.pdf,0950-10b_lindenvelde,201668,Lindenvelde
207673,207673.pdf,wuestungslisten_kl_M-Z,204852,Wenting
232820,232820.pdf,1981-10b_wenting,204852,Wenting
207672,207672.pdf,wuestungslisten_kl_A-L,201813,Listental
237362,237362.pdf,0951-10b_listental,201813,Listental
207672,207672.pdf,wuestungslisten_kl_A-L,201815,Litaha
237358,237358.pdf,0952-10b_litaha_geschwaerzt,201815,Litaha
207672,207672.pdf,wuestungslisten_kl_A-L,201817,Littschaw
237354,237354.pdf,0953-10b_littschaw,201817,Littschaw
207672,207672.pdf,wuestungslisten_kl_A-L,201819,"Litzmans, Außer"
237352,237352.pdf,0954-10b_litzmans,201819,"Litzmans, Außer"
207672,207672.pdf,wuestungslisten_kl_A-L,201821,Liubachalse
237350,237350.pdf,0955-10b_liubachalse,201821,Liubachalse
207672,207672.pdf,wuestungslisten_kl_A-L,201823,Livtendorf
237343,237343.pdf,0956-10b_livtendorf,201823,Livtendorf
207672,207672.pdf,wuestungslisten_kl_A-L,201825,"Lixing, Klein"
237346,237346.pdf,0957-10b_lixing klein,201825,"Lixing, Klein"
207672,207672.pdf,wuestungslisten_kl_A-L,201827,Lobestain
237238,237238.pdf,0958-10b_lobestain,201827,Lobestain
207672,207672.pdf,wuestungslisten_kl_A-L,201829,Loch
237241,237241.pdf,0959-10b_loch,201829,Loch
207672,207672.pdf,wuestungslisten_kl_A-L,201831,Lochilistorf
237242,237242.pdf,0960-10b_lochilistorf,201831,Lochilistorf
207672,207672.pdf,wuestungslisten_kl_A-L,201833,Lochinlin
237249,237249.pdf,0961-10b_lochinlin,201833,Lochinlin
207672,207672.pdf,wuestungslisten_kl_A-L,201835,Loesch
237252,237252.pdf,0962-10b_loesch,201835,Loesch
236909,236909.pdf,0962-20b_loibers,201837,Loibers*
224665,224665.glb,0962-20b_Loibers,201837,Loibers*
210921,210921.png,0962-20b_Loibers,201837,Loibers*
207672,207672.pdf,wuestungslisten_kl_A-L,201839,Loidenbrunn
237253,237253.pdf,0963-10b_loidenbrunn_geschwärzt,201839,Loidenbrunn
224666,224666.glb,0963-10b_Loidenbrunn,201839,Loidenbrunn
210922,210922.png,0963-10b_Loidenbrunn,201839,Loidenbrunn
234343,234343.pdf,Überblick Langes Tal,201839,Loidenbrunn
207672,207672.pdf,wuestungslisten_kl_A-L,201841,Lönekhof
237256,237256.pdf,0964-10b_loenekhof,201841,Lönekhof
237260,237260.pdf,0964-20b_loesching*,201843,Lösching*
224667,224667.glb,0964-20b_Lösching,201843,Lösching*
210923,210923.png,0964-20b_Lösching,201843,Lösching*
237262,237262.pdf,0964-20b_lotting,201845,Lotting
223726,223726.glb,0576-30b_Großreinprechts_Süd,201847,Großreinprechts Süd*
209223,209223.png,0576-30b_Großreinprechts_Süd,201847,Großreinprechts Süd*
233807,233807.pdf,0576-21b_grossawe-meierhof,201847,Großreinprechts Süd*
233807,233807.pdf,0576-21b_grossawe-meierhof,201847,Großreinprechts Süd*
233807,233807.pdf,0576-21b_grossawe-meierhof,201847,Großreinprechts Süd*
207672,207672.pdf,wuestungslisten_kl_A-L,201849,Lozperkc
237257,237257.pdf,0965-10b_lozperkc,201849,Lozperkc
207672,207672.pdf,wuestungslisten_kl_A-L,201851,Luchinspach
237258,237258.pdf,0966-10b_luchinspach,201851,Luchinspach
207672,207672.pdf,wuestungslisten_kl_A-L,201853,Luczelchamp
237327,237327.pdf,0967-10b_luczelchamp,201853,Luczelchamp
207672,207672.pdf,wuestungslisten_kl_A-L,201855,Luczelwerd
237325,237325.pdf,0968-10b_luczelwerd_geschwärzt,201855,Luczelwerd
237323,237323.pdf,0968-20b_luden west,201857,Luden West*
224668,224668.glb,0968-20b_Luden_West,201857,Luden West*
210926,210926.png,0968-20b_Luden_West,201857,Luden West*
237322,237322.pdf,0968-30b_ludweisgraben,201859,Ludweisgraben*
224669,224669.glb,0968-30b_Ludweisgraben,201859,Ludweisgraben*
210929,210929.png,0968-30b_Ludweisgraben,201859,Ludweisgraben*
207672,207672.pdf,wuestungslisten_kl_A-L,201861,Luegleins
237321,237321.pdf,0969-10b_luegleins,201861,Luegleins
207672,207672.pdf,wuestungslisten_kl_A-L,201863,Luffinberg
237319,237319.pdf,0970-10_de luffinberg,201863,Luffinberg
207672,207672.pdf,wuestungslisten_kl_A-L,201865,Lugendorf
237318,237318.pdf,0971-10b_lugendorf,201865,Lugendorf
207672,207672.pdf,wuestungslisten_kl_A-L,201867,Lugental
224670,224670.glb,0972-10b_Lugental,201867,Lugental
210938,210938.png,0972-10b_Lugental_skz_01,201867,Lugental
237312,237312.pdf,0972-10b_lugental,201867,Lugental
207672,207672.pdf,wuestungslisten_kl_A-L,201869,Luiben
237305,237305.pdf,0973-10b_luiben,201869,Luiben
207672,207672.pdf,wuestungslisten_kl_A-L,201871,Luizimannsdorf
207672,207672.pdf,wuestungslisten_kl_A-L,201873,Lungl Mühl
237303,237303.pdf,0975-10b_lungl muehl,201873,Lungl Mühl
207672,207672.pdf,wuestungslisten_kl_A-L,201875,Lutendorf
237302,237302.pdf,0976-10b_lutendorf,201875,Lutendorf
207672,207672.pdf,wuestungslisten_kl_A-L,201877,Lutterhoven
237329,237329.pdf,0977-10b_lutterhoven,201877,Lutterhoven
207673,207673.pdf,wuestungslisten_kl_M-Z,201879,Maehrle
207673,207673.pdf,wuestungslisten_kl_M-Z,201881,Magerpach
237363,237363.pdf,0979-10b_magerpach,201881,Magerpach
207673,207673.pdf,wuestungslisten_kl_M-Z,201883,"Maigen, Nieder"
237480,237480.pdf,0980-10b_nidermaigen,201883,"Maigen, Nieder"
237481,237481.pdf,0980-20b_maierhof,201885,Maierhof*
224671,224671.glb,0980-20b_Maierhof_Hofstetten,201885,Maierhof*
210943,210943.png,0980-20b_Maierhof_Hofstetten,201885,Maierhof*
207673,207673.pdf,wuestungslisten_kl_M-Z,201887,Maierhofen*
237485,237485.pdf,0981-10b_maierhofen,201887,Maierhofen*
207673,207673.pdf,wuestungslisten_kl_M-Z,201889,Mainzendorf
237489,237489.pdf,0982-10b_mainzendorf,201889,Mainzendorf
207673,207673.pdf,wuestungslisten_kl_M-Z,201891,Mairhofen
237495,237495.pdf,0983-10b_mairhofen,201891,Mairhofen
237495,237495.pdf,0983-10b_mairhofen,201891,Mairhofen
207673,207673.pdf,wuestungslisten_kl_M-Z,201893,Mairhofen
237497,237497.pdf,0984-10b_mairhofen,201893,Mairhofen
237497,237497.pdf,0984-10b_mairhofen,201893,Mairhofen
207673,207673.pdf,wuestungslisten_kl_M-Z,201895,Maisenpuhel
237500,237500.pdf,0985-10b_maisenpuhel,201895,Maisenpuhel
237500,237500.pdf,0985-10b_maisenpuhel,201895,Maisenpuhel
207673,207673.pdf,wuestungslisten_kl_M-Z,201897,Malansdorf
237505,237505.pdf,0986-10b_malansdorf,201897,Malansdorf
237505,237505.pdf,0986-10b_malansdorf,201897,Malansdorf
237512,237512.pdf,0987-10b_maleisdorf,201899,Maleisdorf
237512,237512.pdf,0987-10b_maleisdorf,201899,Maleisdorf
207673,207673.pdf,wuestungslisten_kl_M-Z,201901,Malesdorf
237513,237513.pdf,0988-10b_malesdorf,201901,Malesdorf
207673,207673.pdf,wuestungslisten_kl_M-Z,201903,Malhainstorf
237524,237524.pdf,0989-10b_malhainstorf_geschwärzt,201903,Malhainstorf
237524,237524.pdf,0989-10b_malhainstorf_geschwärzt,201903,Malhainstorf
207673,207673.pdf,wuestungslisten_kl_M-Z,201907,Manigolts
237528,237528.pdf,0990-10b_manigolts,201907,Manigolts
237528,237528.pdf,0990-10b_manigolts,201907,Manigolts
207673,207673.pdf,wuestungslisten_kl_M-Z,201909,Marchbach
237533,237533.pdf,0991-10b_marchbach,201909,Marchbach
207673,207673.pdf,wuestungslisten_kl_M-Z,201911,Marha
237534,237534.pdf,0992-10b_marha,201911,Marha
207673,207673.pdf,wuestungslisten_kl_M-Z,201913,"Mariam, St."
237535,237535.pdf,0993-10b_st mariam,201913,"Mariam, St."
207673,207673.pdf,wuestungslisten_kl_M-Z,201915,Marchwartsurfar
237545,237545.pdf,0994-10b_marewardi_geschwärztn,201915,Marchwartsurfar
224672,224672.glb,0994-10b_Marchwartsurfar,201915,Marchwartsurfar
210946,210946.png,0994-10b_Marchwartsurfar,201915,Marchwartsurfar
207673,207673.pdf,wuestungslisten_kl_M-Z,201919,Marquarstorf
237547,237547.pdf,0995-10b_marquarstorf,201919,Marquarstorf
207673,207673.pdf,wuestungslisten_kl_M-Z,201921,Martinprunnen
237555,237555.pdf,0996-10b_martinsprunnen,201921,Martinprunnen
207673,207673.pdf,wuestungslisten_kl_M-Z,201923,Massindorf
237603,237603.pdf,0997-10b_massindorf_geschwärzt,201923,Massindorf
207673,207673.pdf,wuestungslisten_kl_M-Z,201925,Maussen
237605,237605.pdf,0998-10b_maussen,201925,Maussen
224673,224673.glb,0998-10b_Maussen_Amixen,201925,Maussen
210948,210948.png,0998-10b_Maussen_Amixen,201925,Maussen
207673,207673.pdf,wuestungslisten_kl_M-Z,201927,Mawmawn
237607,237607.pdf,0999-10b_mawmawn,201927,Mawmawn
207673,207673.pdf,wuestungslisten_kl_M-Z,201929,Mayerhofer
237611,237611.pdf,1000-10b_mayerhofer,201929,Mayerhofer
207673,207673.pdf,wuestungslisten_kl_M-Z,201931,Medaw
237613,237613.pdf,1001-10b_medaw,201931,Medaw
207673,207673.pdf,wuestungslisten_kl_M-Z,201933,"Medfried, Überländ zum"
237617,237617.pdf,1002-10b_medfrid,201933,"Medfried, Überländ zum"
207673,207673.pdf,wuestungslisten_kl_M-Z,201935,Medling bei Seisenek
237618,237618.pdf,1003-10b_medling,201935,Medling bei Seisenek
207673,207673.pdf,wuestungslisten_kl_M-Z,201937,Meginhartesdorf
237623,237623.pdf,1004-10b_meginhartesdorf,201937,Meginhartesdorf
224674,224674.glb,1004-10b_Manhartsberg,201937,Meginhartesdorf
210950,210950.png,1004-10b_Manhartsberg,201937,Meginhartesdorf
207673,207673.pdf,wuestungslisten_kl_M-Z,201939,Meginharteshoven
237626,237626.pdf,1005-10b_meginharteshoven,201939,Meginharteshoven
237629,237629.pdf,1006-10b_mehsenberch,201941,Mehsenberch
207673,207673.pdf,wuestungslisten_kl_M-Z,201943,Meinhartesdorf
237632,237632.pdf,1007-10b_meinhartesdorf,201943,Meinhartesdorf
207673,207673.pdf,wuestungslisten_kl_M-Z,201945,Meinhartisdorf
237638,237638.pdf,1008-10b_meinhartisdorf,201945,Meinhartisdorf
207673,207673.pdf,wuestungslisten_kl_M-Z,201947,Meinharts
237639,237639.pdf,1009-10b_meinharts,201947,Meinharts
207673,207673.pdf,wuestungslisten_kl_M-Z,201949,Meinharts
237640,237640.pdf,1010-10b_meinharts,201949,Meinharts
237641,237641.pdf,1011-10b_meinleinsperg,201951,Meinleinsperg
237642,237642.pdf,1011-20b_meislingfeld,201953,Meislingfeld*
224706,224706.glb,1011-20b_Meislingfeld_Hof,201953,Meislingfeld*
210953,210953.png,1011-20b_Meislingfeld_Hof,201953,Meislingfeld*
207673,207673.pdf,wuestungslisten_kl_M-Z,201955,Meisslburg
237643,237643.pdf,1012-10b_meisslburg,201955,Meisslburg
207673,207673.pdf,wuestungslisten_kl_M-Z,201957,Mengersdorf
237644,237644.pdf,1013-10b_mengersdorf,201957,Mengersdorf
207673,207673.pdf,wuestungslisten_kl_M-Z,201959,Menharczglet
237645,237645.pdf,1014-10b_menharczglet,201959,Menharczglet
207673,207673.pdf,wuestungslisten_kl_M-Z,201961,Menharting
237646,237646.pdf,1015-10b_menharting,201961,Menharting
207673,207673.pdf,wuestungslisten_kl_M-Z,201963,Menigenschlag
237647,237647.pdf,1016-10b_menigenschlag,201963,Menigenschlag
207673,207673.pdf,wuestungslisten_kl_M-Z,201965,Meratsdorf
237648,237648.pdf,1017-10b_meratsdorf,201965,Meratsdorf
207673,207673.pdf,wuestungslisten_kl_M-Z,201967,Mergersprukk
237649,237649.pdf,1018-10b_mergersprukk,201967,Mergersprukk
207673,207673.pdf,wuestungslisten_kl_M-Z,201969,Merkenslag
237650,237650.pdf,1019-10b_merkenslag,201969,Merkenslag
207673,207673.pdf,wuestungslisten_kl_M-Z,201971,Merscauswert
237651,237651.pdf,1020-10b_merscauswert,201971,Merscauswert
207673,207673.pdf,wuestungslisten_kl_M-Z,201973,Mersenstain
237652,237652.pdf,1021-10b_mersenstain,201973,Mersenstain
207673,207673.pdf,wuestungslisten_kl_M-Z,201975,Metzen
237653,237653.pdf,1022-10b_metzen,201975,Metzen
207673,207673.pdf,wuestungslisten_kl_M-Z,201977,Meyrshoff
237654,237654.pdf,1023-10b_meyrshoff,201977,Meyrshoff
207673,207673.pdf,wuestungslisten_kl_M-Z,201979,Meynsinpuhel
237655,237655.pdf,1024-10b_meynsinpuhel,201979,Meynsinpuhel
237656,237656.pdf,1025-10b_st michael im doerflein,201981,St. Michael im Dörfflein
210954,210954.png,1025-10b_Michael_St_Dörfflein,201981,St. Michael im Dörfflein
224707,224707.glb,1025-10b_Michael_St_Dörfflein,201981,St. Michael im Dörfflein
237657,237657.pdf,1025-20b_michelendorf,201983,Michelendorf
207673,207673.pdf,wuestungslisten_kl_M-Z,201985,Milwans
237658,237658.pdf,1026-10b_milwans,201985,Milwans
207673,207673.pdf,wuestungslisten_kl_M-Z,201987,Minnendorf
237659,237659.pdf,1027-10b_minnendorf,201987,Minnendorf
207673,207673.pdf,wuestungslisten_kl_M-Z,201989,Minnpach
237660,237660.pdf,1028-10b_minnbach_geschwärzt,201989,Minnpach
207673,207673.pdf,wuestungslisten_kl_M-Z,201991,Mirezlawetz
237661,237661.pdf,1029-10b_mirezlawetz,201991,Mirezlawetz
207673,207673.pdf,wuestungslisten_kl_M-Z,201993,Mirmitz
237663,237663.pdf,1030-10b_mirmitz_geschwärzt,201993,Mirmitz
207673,207673.pdf,wuestungslisten_kl_M-Z,201995,"Mitaw, an der"
237664,237664.pdf,1031-10b_an der mitaw,201995,"Mitaw, an der"
207673,207673.pdf,wuestungslisten_kl_M-Z,201997,Miternhofen
237665,237665.pdf,1032-10b_miternhofen,201997,Miternhofen
207673,207673.pdf,wuestungslisten_kl_M-Z,201999,Mitigang
237666,237666.pdf,1033-10b_mitigang,201999,Mitigang
207673,207673.pdf,wuestungslisten_kl_M-Z,202001,Mitterendorf
210955,210955.png,1034-10b Mitterendorf Scharrer-Liška - 2015,202001,Mitterendorf
226554,226554.pdf,1034-10b_mitterendorf,202001,Mitterendorf
226560,226560.pdf,1034-20b_mitterfeld,202003,Mitterfeld*
224708,224708.glb,1034-20b_Mitterfeld,202003,Mitterfeld*
211083,211083.png,1034-20b_Mitterfeld,202003,Mitterfeld*
226540,226540.pdf,1035-10b_mitterhof_geschwärzt,202005,Mitternhof
207673,207673.pdf,wuestungslisten_kl_M-Z,202007,"Mitterling, auf dem"
237668,237668.pdf,1036-10b_auf dem mitterling,202007,"Mitterling, auf dem"
207673,207673.pdf,wuestungslisten_kl_M-Z,202009,Mitterndorf
207612,207612.pdf,19770501_Schutzbier_an_Strohschneider,202009,Mitterndorf
207603,207603.pdf,Schutzbier_Wüstungen begangen_geschwärzt,202009,Mitterndorf
237670,237670.pdf,19740425_AMA_an_Schutzbier_geschwärzt,202009,Mitterndorf
237669,237669.pdf,1037-10b_mitterndorf,202009,Mitterndorf
207673,207673.pdf,wuestungslisten_kl_M-Z,202011,Mochinleo
237671,237671.pdf,1038-10b_mochinleo,202011,Mochinleo
237672,237672.pdf,1038-20b_moderberg,202013,Moderberg
207673,207673.pdf,wuestungslisten_kl_M-Z,202015,Moderchalwen
237673,237673.pdf,1039-10b_moderchalwen,202015,Moderchalwen
237674,237674.pdf,1040-10b_modihalmisdorf,202017,Modihalmisdorf
207673,207673.pdf,wuestungslisten_kl_M-Z,202019,Modzidala
237675,237675.pdf,1041-10b_modzidala_geschwärzt,202019,Modzidala
207673,207673.pdf,wuestungslisten_kl_M-Z,202021,Moidrams
237676,237676.pdf,1042-10b_moidrams,202021,Moidrams
207673,207673.pdf,wuestungslisten_kl_M-Z,202023,Molenpach
237677,237677.pdf,1043-10b_molenpach,202023,Molenpach
207673,207673.pdf,wuestungslisten_kl_M-Z,202025,Mollanetesdorf
237678,237678.pdf,1044-10b_mollanetestorf,202025,Mollanetesdorf
207673,207673.pdf,wuestungslisten_kl_M-Z,202027,Moraha
237679,237679.pdf,1045-10b_moraha,202027,Moraha
207673,207673.pdf,wuestungslisten_kl_M-Z,202029,Moren
237680,237680.pdf,1046-10b_moren,202029,Moren
207673,207673.pdf,wuestungslisten_kl_M-Z,202031,Morgendorff
237681,237681.pdf,1047-10b_morgendorff,202031,Morgendorff
207673,207673.pdf,wuestungslisten_kl_M-Z,202033,"Mos, im"
237682,237682.pdf,1048-10b_mos,202033,"Mos, im"
207673,207673.pdf,wuestungslisten_kl_M-Z,202035,Mos
237683,237683.pdf,1049-10b_mos,202035,Mos
207673,207673.pdf,wuestungslisten_kl_M-Z,202037,Moschnitz
237684,237684.pdf,1050-10b_moschnitz,202037,Moschnitz
207673,207673.pdf,wuestungslisten_kl_M-Z,202039,Mose
237685,237685.pdf,1051-10b_mose,202039,Mose
207673,207673.pdf,wuestungslisten_kl_M-Z,202041,Mospach
237686,237686.pdf,1052-10b_mospach_geschwärzt,202041,Mospach
224709,224709.glb,1052-10b_Mospach,202041,Mospach
211092,211092.png,1052-10b_Mospach,202041,Mospach
207673,207673.pdf,wuestungslisten_kl_M-Z,202043,Mosrah
237687,237687.pdf,1053-10b_mosrah,202043,Mosrah
207673,207673.pdf,wuestungslisten_kl_M-Z,202045,Mothoken
237688,237688.pdf,1054-10b_mothoken,202045,Mothoken
237689,237689.pdf,1054-20b_mottergraben,202047,Mottergraben*
211095,211095.png,1054-20b_Mottergraben,202047,Mottergraben*
224710,224710.glb,1054-20b_Mottergraben,202047,Mottergraben*
207673,207673.pdf,wuestungslisten_kl_M-Z,202049,Motsidl
237690,237690.pdf,1055-10b_motsiedel_geschwärzt,202049,Motsidl
237691,237691.pdf,1056-10b_muchersdorf,202051,Muchersdorf
224711,224711.glb,1056-10b_Muchersdorf,202051,Muchersdorf
211096,211096.png,1056-10b_Muchersdorf,202051,Muchersdorf
207673,207673.pdf,wuestungslisten_kl_M-Z,202053,Muenyngs
237692,237692.pdf,1057-10b_muenyngs,202053,Muenyngs
224712,224712.glb,1057-10b_Muenyngs_minus,202053,Muenyngs
211098,211098.png,1057-10b_Muenyngs_minus,202053,Muenyngs
207673,207673.pdf,wuestungslisten_kl_M-Z,202056,veste Muer
237693,237693.pdf,1058-10b_veste muer,202056,veste Muer
207673,207673.pdf,wuestungslisten_kl_M-Z,202058,Mühl
237694,237694.pdf,1059-10b_muehl,202058,Mühl
237695,237695.pdf,1059-20b_muehlgraben,202060,Mühlgraben*
224727,224727.glb,1059-20b_Mühlgraben_Poppenschlag,202060,Mühlgraben*
211145,211145.png,1059-20b_Mühlgraben_Poppenschlag,202060,Mühlgraben*
207673,207673.pdf,wuestungslisten_kl_M-Z,202078,Willradi
206376,206376.pdf,19770207_Eminger_an_Antl,202078,Willradi
206360,206360.pdf,19750227_Eminger_an_AMA_willradi und norcindorf,202078,Willradi
206084,206084.pdf,"Eminger, Wüstungen begangen von",202078,Willradi
205334,205334.png,2030-10b_willradi_skz_01,202078,Willradi
204405,204405.pdf,HONB W343,202078,Willradi
202280,202280.pdf,2030-10b_willradi_abl_01_geschwärzt,202078,Willradi
233773,233773.jpg,20230620_oed dorff wilratz_03,202078,Willradi
233772,233772.jpg,20230620_oed dorff wilratz_02,202078,Willradi
208981,208981.jpg,20230620_095410_oed dorff wilratz,202078,Willradi
204441,204441.pdf,2030-10b_willradi_lit_03_weyrich,202078,Willradi
204406,204406.pdf,2030-10b_willradi_lit_01_neill,202078,Willradi
237209,237209.jpg,2030-10b_willradi_fot_20230921,202078,Willradi
232704,232704.pdf,19770202_Antl_an_Eminger_geschwärzt,202078,Willradi
220448,220448.svg,2030-10b_willradi_ker_10,202078,Willradi
220444,220444.svg,2030-10b_willradi_ker_06,202078,Willradi
220443,220443.svg,2030-10b_willradi_ker_05,202078,Willradi
220442,220442.svg,2030-10b_willradi_ker_04,202078,Willradi
220441,220441.svg,2030-10b_willradi_ker_03,202078,Willradi
220440,220440.svg,2030-10b_willradi_ker_02,202078,Willradi
227963,227963.pdf,19730526_Eminger_an_Eibner_geschwärzt,202078,Willradi
232705,232705.pdf,19730604_Eibner_an_Eminger_geschwärzt,202078,Willradi
232703,232703.pdf,19850924_Eminger_an_AMA_geschwärzt,202078,Willradi
232702,232702.pdf,Notitzen EEminger 1,202078,Willradi
226819,226819.pdf,19851204_Bors_an_Eminger_geschwärzt,202078,Willradi
219619,219619.pdf,19760327_Einladung zu Exkursion,202078,Willradi
219617,219617.pdf,19760327_Planung Exkursion,202078,Willradi
219616,219616.pdf,19760327_Protokoll Exkursion,202078,Willradi
215463,215463.pdf,Aufstellung Leistungen der Außenmitarbeiter (Stand 19.4.1975),202078,Willradi
224705,224705.glb,1005-20b_Meierhoefen,202097,Meierhöfen*
210952,210952.png,1005-20b_Meierhoefen_skz_01,202097,Meierhöfen*
237628,237628.pdf,1005-20b_meierhoefen,202097,Meierhöfen*
207673,207673.pdf,wuestungslisten_kl_M-Z,202438,Mukkaruowe
237696,237696.pdf,1060-10b_mukkaruowe_geschwärzt,202438,Mukkaruowe
207673,207673.pdf,wuestungslisten_kl_M-Z,202440,Mülburg
237697,237697.pdf,1061-10b_muelburg,202440,Mülburg
207673,207673.pdf,wuestungslisten_kl_M-Z,202442,Muleheim
237698,237698.pdf,1062-10b_muleheim,202442,Muleheim
207673,207673.pdf,wuestungslisten_kl_M-Z,202446,Mulhof
237699,237699.pdf,1063-10b_mulhof,202446,Mulhof
207673,207673.pdf,wuestungslisten_kl_M-Z,202449,"Mulewert, de"
237700,237700.pdf,1064-10b_mulewert,202449,"Mulewert, de"
207673,207673.pdf,wuestungslisten_kl_M-Z,202451,Mulichsdorf
237701,237701.pdf,1065-10b_muelichsdorf,202451,Mulichsdorf
207673,207673.pdf,wuestungslisten_kl_M-Z,202453,Mulingen
237702,237702.pdf,1066-10b_mulingen,202453,Mulingen
207673,207673.pdf,wuestungslisten_kl_M-Z,202487,Müllukchen
237703,237703.pdf,1067-10b_muellukchen,202487,Müllukchen
207673,207673.pdf,wuestungslisten_kl_M-Z,202489,Mulpach
237704,237704.pdf,1068-10b_mulpach,202489,Mulpach
207673,207673.pdf,wuestungslisten_kl_M-Z,202491,Mulwach
237705,237705.pdf,1069-10b_mulwach,202491,Mulwach
207673,207673.pdf,wuestungslisten_kl_M-Z,202493,Munichhouf in dem Dretigist
237706,237706.pdf,1070-10b_munichhouf in dem dretigist,202493,Munichhouf in dem Dretigist
207673,207673.pdf,wuestungslisten_kl_M-Z,202495,Muolhousen
237707,237707.pdf,1071-10b_muolhuosen,202495,Muolhousen
234485,234485.pdf,19750514_Strohschneider_an_Ofner_geschwärzt,202495,Muolhousen
207673,207673.pdf,wuestungslisten_kl_M-Z,202497,Murringe
237708,237708.pdf,1072-10b_murringe,202497,Murringe
207673,207673.pdf,wuestungslisten_kl_M-Z,202499,Muschenclage
237709,237709.pdf,1073-10b_muschenclage,202499,Muschenclage
207673,207673.pdf,wuestungslisten_kl_M-Z,202501,Musching
237710,237710.pdf,1074-10b_musching,202501,Musching
207673,207673.pdf,wuestungslisten_kl_M-Z,202503,Musebrunne
237711,237711.pdf,1075-10b_musebrunne,202503,Musebrunne
207673,207673.pdf,wuestungslisten_kl_M-Z,202505,Mutheweruuereth
237712,237712.pdf,1076-10b_muthemeruuereth,202505,Mutheweruuereth
207673,207673.pdf,wuestungslisten_kl_M-Z,202507,Nandorf
237713,237713.pdf,1077-10b_nandorf,202507,Nandorf
207673,207673.pdf,wuestungslisten_kl_M-Z,202509,Narchonis villula
237714,237714.pdf,1078-10b_narchonis villula,202509,Narchonis villula
207673,207673.pdf,wuestungslisten_kl_M-Z,202511,Nas Pursktal
237715,237715.pdf,1079-10b_pursktal nas,202511,Nas Pursktal
207673,207673.pdf,wuestungslisten_kl_M-Z,202513,Naschendorf
237716,237716.pdf,1080-10b_naschendorf,202513,Naschendorf
234485,234485.pdf,19750514_Strohschneider_an_Ofner_geschwärzt,202513,Naschendorf
207673,207673.pdf,wuestungslisten_kl_M-Z,202515,Naschendorph
237717,237717.pdf,1081-10b_naschendorph,202515,Naschendorph
234485,234485.pdf,19750514_Strohschneider_an_Ofner_geschwärzt,202515,Naschendorph
208903,208903.pdf,19741026_Protokoll Exkursion,202517,Nawinchel
207673,207673.pdf,wuestungslisten_kl_M-Z,202517,Nawinchel
207603,207603.pdf,Schutzbier_Wüstungen begangen_geschwärzt,202517,Nawinchel
237718,237718.pdf,1082-10b_nawinchel_geschwärzt,202517,Nawinchel
227962,227962.pdf,19730215_Eibner_an_Schutzbier_geschwärzt,202517,Nawinchel
224728,224728.glb,1082-10b_Nawinchel,202517,Nawinchel
215463,215463.pdf,Aufstellung Leistungen der Außenmitarbeiter (Stand 19.4.1975),202517,Nawinchel
234369,234369.pdf,19730213_Schutzbier_an_Eibner_geschwärzt,202517,Nawinchel
215025,215025.pdf,19741026_Planung Exkursion,202517,Nawinchel
207673,207673.pdf,wuestungslisten_kl_M-Z,202519,Nawndorff
237719,237719.pdf,1083-10b_nawndorff,202519,Nawndorff
207673,207673.pdf,wuestungslisten_kl_M-Z,202521,"Neidekke, Hof zu"
237720,237720.pdf,1084-10b_hof zu neidekke im werd enhalben des wassers,202521,"Neidekke, Hof zu"
207807,207807.pdf,19750313_Besprechungsprotokoll_Zelesnik_Strohschneider,202523,Neiern
207807,207807.pdf,19750313_Besprechungsprotokoll_Zelesnik_Strohschneider,202523,Neiern
207807,207807.pdf,19750313_Besprechungsprotokoll_Zelesnik_Strohschneider,202523,Neiern
207680,207680.pdf,Zelesnik_Wüstungen begangen_geschwärzt,202523,Neiern
207673,207673.pdf,wuestungslisten_kl_M-Z,202523,Neiern
237721,237721.pdf,1085-10b_neiern_geschwärzt,202523,Neiern
224729,224729.glb,1085-10b_Neiern,202523,Neiern
211270,211270.png,1085-10b_Neiern,202523,Neiern
211269,211269.png,1085-10b_Neiern_skz_02,202523,Neiern
215463,215463.pdf,Aufstellung Leistungen der Außenmitarbeiter (Stand 19.4.1975),202523,Neiern
207673,207673.pdf,wuestungslisten_kl_M-Z,202525,Nendeindorf
237722,237722.pdf,1086-10b_nendeinsdorf,202525,Nendeindorf
207673,207673.pdf,wuestungslisten_kl_M-Z,202527,Nendeleins iuxta Melch
237723,237723.pdf,1087-10b_nendeleins,202527,Nendeleins iuxta Melch
207673,207673.pdf,wuestungslisten_kl_M-Z,202529,Nendleins bei Haypach
237724,237724.pdf,1088-10b_nendleins,202529,Nendleins bei Haypach
224730,224730.glb,1088-20b_Nerker,202531,Nerker
211286,211286.png,1088-20b_Nerker,202531,Nerker
207673,207673.pdf,wuestungslisten_kl_M-Z,202533,Nessindorf
237725,237725.pdf,1089-10b_nessindorf,202533,Nessindorf
237726,237726.pdf,1089-20b_netichn,202535,Netichn
224731,224731.glb,1089-20b_Netichn,202535,Netichn
211303,211303.png,1089-20b_Netichn_skz_01,202535,Netichn
207673,207673.pdf,wuestungslisten_kl_M-Z,202537,Netraz
237727,237727.pdf,1090-10b_netraz_geschwärzt,202537,Netraz
224732,224732.glb,1090-10b_Netraz,202537,Netraz
211333,211333.png,1090-10b_Netraz_skz_02,202537,Netraz
211332,211332.png,1090-10b_Netraz,202537,Netraz
207673,207673.pdf,wuestungslisten_kl_M-Z,202539,Nettes
237728,237728.pdf,1091-10b_de nettes,202539,Nettes
207673,207673.pdf,wuestungslisten_kl_M-Z,202541,Neuczleinsdorf
237729,237729.pdf,1092-10b_neuczleinsdorf,202541,Neuczleinsdorf
207673,207673.pdf,wuestungslisten_kl_M-Z,202543,Hof zu Neudegg
224734,224734.glb,1093-10b_Hof_zu_Neudegg_02,202543,Hof zu Neudegg
224733,224733.glb,1093-10b_Hof_zu_Neudegg_01,202543,Hof zu Neudegg
211340,211340.png,1093-10b_Hof_zu_Neudegg_skz_01,202543,Hof zu Neudegg
237092,237092.pdf,1093-10b_hof zu neudegg_geschwärzt,202543,Hof zu Neudegg
207673,207673.pdf,wuestungslisten_kl_M-Z,202545,Neudenstain an der Persnig
237730,237730.pdf,1094-10b_neudenstain,202545,Neudenstain an der Persnig
207673,207673.pdf,wuestungslisten_kl_M-Z,202547,Neugebäude
224740,224740.glb,1095-10b_Neugebäude,202547,Neugebäude
211503,211503.png,1095-10b_Neugebäude,202547,Neugebäude
237731,237731.pdf,1095-10b_neugebaeude_geschwärzt,202547,Neugebäude
207673,207673.pdf,wuestungslisten_kl_M-Z,202549,"Neundorf, auf dem"
206098,206098.pdf,"Margl, Wüstungen begangen von",202549,"Neundorf, auf dem"
237732,237732.pdf,1096-10b_auf dem neundorf zu ort_geschwärzt,202549,"Neundorf, auf dem"
215463,215463.pdf,Aufstellung Leistungen der Außenmitarbeiter (Stand 19.4.1975),202549,"Neundorf, auf dem"
207673,207673.pdf,wuestungslisten_kl_M-Z,202551,Neulinges
237733,237733.pdf,1097-10b_neunlinges,202551,Neulinges
207673,207673.pdf,wuestungslisten_kl_M-Z,202553,Neureuth
237734,237734.pdf,1098-10b_neureuth,202553,Neureuth
237735,237735.pdf,1098-20b_neuriss-nord,202555,Neuriß-Nord*
224746,224746.glb,1098-20b_Neuriß_Nord,202555,Neuriß-Nord*
211504,211504.png,1098-20b_Neuriß_Nord,202555,Neuriß-Nord*
207673,207673.pdf,wuestungslisten_kl_M-Z,202559,Neusidel
237736,237736.pdf,1099-10b_neusidel,202559,Neusidel
207673,207673.pdf,wuestungslisten_kl_M-Z,202561,Neusidel
237737,237737.pdf,1100-10b_neusidel,202561,Neusidel
207673,207673.pdf,wuestungslisten_kl_M-Z,202563,Neusidel
237738,237738.pdf,1101-10b_neusidel,202563,Neusidel
207673,207673.pdf,wuestungslisten_kl_M-Z,202565,Neusidl Poppen
237739,237739.pdf,1102-10b_poppen neusidl_geschwärzt,202565,Neusidl Poppen
234547,234547.pdf,19750307_Strohschneider_an_Zelesnik_geschwärzt,202565,Neusidl Poppen
207673,207673.pdf,wuestungslisten_kl_M-Z,202567,Neusidl ze Zuchros
237740,237740.pdf,1103-10b_ze zuchros neusidl,202567,Neusidl ze Zuchros
207673,207673.pdf,wuestungslisten_kl_M-Z,202569,Aps-Neusidel
237741,237741.pdf,1104-10b_aps-neusidel_geschwärzt,202569,Aps-Neusidel
211518,211518.png,1104-10b_Aps-Neusidel_skz_02,202569,Aps-Neusidel
207673,207673.pdf,wuestungslisten_kl_M-Z,202571,"Neusiedl, Paben-"
237742,237742.pdf,1105-10b_paben-neusidel,202571,"Neusiedl, Paben-"
207673,207673.pdf,wuestungslisten_kl_M-Z,202573,Neusiedl
237743,237743.pdf,1106-10b_neusiedl,202573,Neusiedl
207673,207673.pdf,wuestungslisten_kl_M-Z,202575,"Neusiedl, Bösen-"
237744,237744.pdf,1107-10b_boesen neusiedl,202575,"Neusiedl, Bösen-"
207673,207673.pdf,wuestungslisten_kl_M-Z,202577,Neusiedl Tal
237745,237745.pdf,1108-10b_neusiedl tal,202577,Neusiedl Tal
207673,207673.pdf,wuestungslisten_kl_M-Z,202579,Neusiedl
237746,237746.pdf,1109-10b_neusiedl,202579,Neusiedl
207673,207673.pdf,wuestungslisten_kl_M-Z,202581,Neusiedl
237747,237747.pdf,1110-10b_neusiedl_geschwärzt,202581,Neusiedl
224747,224747.glb,1110-10b_Neusiedl,202581,Neusiedl
211527,211527.png,1110-10b_Neusiedl,202581,Neusiedl
207673,207673.pdf,wuestungslisten_kl_M-Z,202583,Neusiedl
237748,237748.pdf,1111-10b_neusiedl,202583,Neusiedl
207673,207673.pdf,wuestungslisten_kl_M-Z,202585,Neusiedl
237749,237749.pdf,1112-10b_neusiedl,202585,Neusiedl
207673,207673.pdf,wuestungslisten_kl_M-Z,202587,Neusiedl
237750,237750.pdf,1113-10b_neusiedl,202587,Neusiedl
207673,207673.pdf,wuestungslisten_kl_M-Z,202589,Neustettenberg
237751,237751.pdf,1114-10b_neustettenberg,202589,Neustettenberg
207673,207673.pdf,wuestungslisten_kl_M-Z,202617,Neustifft
237913,237913.pdf,1115-10b_neustifft,202617,Neustifft
207673,207673.pdf,wuestungslisten_kl_M-Z,202619,Neustifft
237914,237914.pdf,1116-10b_neustifft,202619,Neustifft
207673,207673.pdf,wuestungslisten_kl_M-Z,202621,"Neustift, in der"
237915,237915.pdf,1117-10b_in der neustift,202621,"Neustift, in der"
207673,207673.pdf,wuestungslisten_kl_M-Z,202623,Neustift
237916,237916.pdf,1118-10b_neustift,202623,Neustift
207673,207673.pdf,wuestungslisten_kl_M-Z,202625,Neustüfft
237922,237922.pdf,1120-10b_neustüfft,202625,Neustüfft
207673,207673.pdf,wuestungslisten_kl_M-Z,202627,Neustyfft
237923,237923.pdf,1121-10b_neustyfft,202627,Neustyfft
207673,207673.pdf,wuestungslisten_kl_M-Z,202629,Neutzenbrunn
237924,237924.pdf,1122-10b_neutzenbrunn,202629,Neutzenbrunn
207673,207673.pdf,wuestungslisten_kl_M-Z,202631,Newendorf
237925,237925.pdf,1123-10b_newendorf,202631,Newendorf
207673,207673.pdf,wuestungslisten_kl_M-Z,202633,Newenhofen
237926,237926.pdf,1124-10b_newenhofen_geschwärzt,202633,Newenhofen
207673,207673.pdf,wuestungslisten_kl_M-Z,202635,Newnsidel
237927,237927.pdf,1125-10b_newnsidel_geschwärzt,202635,Newnsidel
207673,207673.pdf,wuestungslisten_kl_M-Z,202639,Newnwald
237928,237928.pdf,1126-10b_newnwald,202639,Newnwald
207603,207603.pdf,Schutzbier_Wüstungen begangen_geschwärzt,202641,Einzeilling Neusiedl
208903,208903.pdf,19741026_Protokoll Exkursion,202641,Einzeilling Neusiedl
237929,237929.pdf,1127-10b_einzeilling-neusiedl_geschwärzt,202641,Einzeilling Neusiedl
215463,215463.pdf,Aufstellung Leistungen der Außenmitarbeiter (Stand 19.4.1975),202641,Einzeilling Neusiedl
234369,234369.pdf,19730213_Schutzbier_an_Eibner_geschwärzt,202641,Einzeilling Neusiedl
215025,215025.pdf,19741026_Planung Exkursion,202641,Einzeilling Neusiedl
207673,207673.pdf,wuestungslisten_kl_M-Z,202643,Newsidl
237930,237930.pdf,1128-10b_newsidl,202643,Newsidl
207673,207673.pdf,wuestungslisten_kl_M-Z,202647,Newstifft
237931,237931.pdf,1129-10b_newstifft,202647,Newstifft
207673,207673.pdf,wuestungslisten_kl_M-Z,202650,Newstifft
237932,237932.pdf,1130-10b_newstifft,202650,Newstifft
207673,207673.pdf,wuestungslisten_kl_M-Z,202652,Neydegkh
237933,237933.pdf,1131-10b_neydegkh,202652,Neydegkh
207673,207673.pdf,wuestungslisten_kl_M-Z,202654,Neydekk
237934,237934.pdf,1132-10b_neydekk_geschwärzt,202654,Neydekk
207673,207673.pdf,wuestungslisten_kl_M-Z,202656,Neydowe
237935,237935.pdf,1133-10b_neydowe,202656,Neydowe
237957,237957.pdf,1133-21b-22b_st nichlas,202658,St. Nichlas
211638,211638.png,1133-21b_Nikolaiwiese,202658,St. Nichlas
211636,211636.jpg,1133-21b-22b_St_Nichlas_skz_10,202658,St. Nichlas
211635,211635.jpg,1133-21b-22b_St_Nichlas_skz_09,202658,St. Nichlas
211634,211634.jpg,1133-21b-22b_St_Nichlas_skz_08,202658,St. Nichlas
211633,211633.jpg,1133-21b-22b_St_Nichlas_skz_07,202658,St. Nichlas
211632,211632.jpg,1133-21b-22b_St_Nichlas_skz_06,202658,St. Nichlas
211631,211631.jpg,1133-21b-22b_St_Nichlas_skz_05,202658,St. Nichlas
211630,211630.jpg,1133-21b-22b_St_Nichlas_skz_04,202658,St. Nichlas
211629,211629.png,1133-21b-22b_St_Nichlas_skz_03,202658,St. Nichlas
211628,211628.jpg,1133-21b-22b_St_Nichlas_skz_02,202658,St. Nichlas
211627,211627.png,1133-21b-22b_St_Nichlas_skz_01,202658,St. Nichlas
224748,224748.glb,1133-21b-22b_St_Nichlas_Nikolaiwiese,202658,St. Nichlas
211637,211637.jpg,1133-21b-22b_St_Nichlas_skz_11,202658,St. Nichlas
237957,237957.pdf,1133-21b-22b_st nichlas,202660,Nikolaiwiese
211638,211638.png,1133-21b_Nikolaiwiese,202660,Nikolaiwiese
211637,211637.jpg,1133-21b-22b_St_Nichlas_skz_11,202660,Nikolaiwiese
211636,211636.jpg,1133-21b-22b_St_Nichlas_skz_10,202660,Nikolaiwiese
211635,211635.jpg,1133-21b-22b_St_Nichlas_skz_09,202660,Nikolaiwiese
211634,211634.jpg,1133-21b-22b_St_Nichlas_skz_08,202660,Nikolaiwiese
211633,211633.jpg,1133-21b-22b_St_Nichlas_skz_07,202660,Nikolaiwiese
211632,211632.jpg,1133-21b-22b_St_Nichlas_skz_06,202660,Nikolaiwiese
211631,211631.jpg,1133-21b-22b_St_Nichlas_skz_05,202660,Nikolaiwiese
211630,211630.jpg,1133-21b-22b_St_Nichlas_skz_04,202660,Nikolaiwiese
211629,211629.png,1133-21b-22b_St_Nichlas_skz_03,202660,Nikolaiwiese
224748,224748.glb,1133-21b-22b_St_Nichlas_Nikolaiwiese,202660,Nikolaiwiese
211628,211628.jpg,1133-21b-22b_St_Nichlas_skz_02,202660,Nikolaiwiese
211627,211627.png,1133-21b-22b_St_Nichlas_skz_01,202660,Nikolaiwiese
207673,207673.pdf,wuestungslisten_kl_M-Z,202665,Niderndorff
237958,237958.pdf,1134-10b_niderndorff,202665,Niderndorff
207673,207673.pdf,wuestungslisten_kl_M-Z,202667,Niersbrunn
237959,237959.pdf,1136-10b_niersbrunn,202667,Niersbrunn
207673,207673.pdf,wuestungslisten_kl_M-Z,202671,Nieste
237960,237960.pdf,1137-10b_nieste,202671,Nieste
207673,207673.pdf,wuestungslisten_kl_M-Z,202675,Niklasperg
237962,237962.pdf,1139-10b_niklasperg,202675,Niklasperg
207673,207673.pdf,wuestungslisten_kl_M-Z,202679,St. Nikolaus
237963,237963.pdf,1140-10b_st nikola,202679,St. Nikolaus
207673,207673.pdf,wuestungslisten_kl_M-Z,202682,Nikolsdorf
237964,237964.pdf,1141-10b_nikolsdorf,202682,Nikolsdorf
207673,207673.pdf,wuestungslisten_kl_M-Z,202684,Niteen
237965,237965.pdf,1142-10b_nitcen,202684,Niteen
207673,207673.pdf,wuestungslisten_kl_M-Z,202686,Wisentes Niusidele
206098,206098.pdf,"Margl, Wüstungen begangen von",202686,Wisentes Niusidele
237966,237966.pdf,1143-10b_wisentes niusidele matzneusiedl_geschwärzt,202686,Wisentes Niusidele
215463,215463.pdf,Aufstellung Leistungen der Außenmitarbeiter (Stand 19.4.1975),202686,Wisentes Niusidele
207673,207673.pdf,wuestungslisten_kl_M-Z,202688,Nivsidel
237967,237967.pdf,1144-10b_nivsidel_geschwärzt,202688,Nivsidel
207673,207673.pdf,wuestungslisten_kl_M-Z,202690,Niwendorf
237968,237968.pdf,1145-10b_niwendorf,202690,Niwendorf
207673,207673.pdf,wuestungslisten_kl_M-Z,202694,Niwendorf
237969,237969.pdf,1146-10b_niwendorf,202694,Niwendorf
207673,207673.pdf,wuestungslisten_kl_M-Z,202697,Niweneke
237970,237970.pdf,1147-10b_niweneke_geschwärzt,202697,Niweneke
207673,207673.pdf,wuestungslisten_kl_M-Z,202699,Norcindorf
206376,206376.pdf,19770207_Eminger_an_Antl,202699,Norcindorf
206369,206369.pdf,19760420_Eminger_an_Strohschneider,202699,Norcindorf
206360,206360.pdf,19750227_Eminger_an_AMA_willradi und norcindorf,202699,Norcindorf
206084,206084.pdf,"Eminger, Wüstungen begangen von",202699,Norcindorf
234459,234459.pdf,19760531_Strohschneider_an_Eminger_geschwärzt,202699,Norcindorf
233609,233609.pdf,19701208_Protokoll Exkursion,202699,Norcindorf
232705,232705.pdf,19730604_Eibner_an_Eminger_geschwärzt,202699,Norcindorf
232704,232704.pdf,19770202_Antl_an_Eminger_geschwärzt,202699,Norcindorf
222041,222041.pdf,1148-10b_norcindorf_geschwärzt,202699,Norcindorf
219616,219616.pdf,19760327_Protokoll Exkursion,202699,Norcindorf
217969,217969.jpg,1148-10b_norcindorf_fot_07,202699,Norcindorf
217968,217968.jpg,1148-10b_norcindorf_fot_04,202699,Norcindorf
217972,217972.jpg,1148-10b_norcindorf_fot_03,202699,Norcindorf
217960,217960.jpg,1148-10b_norcindorf_fot_02,202699,Norcindorf
211906,211906.png,1148-10b_Norcindorf_skz_01,202699,Norcindorf
227963,227963.pdf,19730526_Eminger_an_Eibner_geschwärzt,202699,Norcindorf
232701,232701.pdf,Notitzen EEminger 2,202699,Norcindorf
219619,219619.pdf,19760327_Einladung zu Exkursion,202699,Norcindorf
219617,219617.pdf,19760327_Planung Exkursion,202699,Norcindorf
215463,215463.pdf,Aufstellung Leistungen der Außenmitarbeiter (Stand 19.4.1975),202699,Norcindorf
207673,207673.pdf,wuestungslisten_kl_M-Z,202703,Nordernbach
237971,237971.pdf,1149-10b_nordernbach,202703,Nordernbach
207673,207673.pdf,wuestungslisten_kl_M-Z,202705,Noritz
237972,237972.pdf,1150-10b_noritz,202705,Noritz
207673,207673.pdf,wuestungslisten_kl_M-Z,202708,Notlis
237973,237973.pdf,1151-10b_notlis,202708,Notlis
207673,207673.pdf,wuestungslisten_kl_M-Z,202710,Nottendorf
237974,237974.pdf,1152-10b_nottendorf,202710,Nottendorf
207673,207673.pdf,wuestungslisten_kl_M-Z,202712,Nöttendorf
206098,206098.pdf,"Margl, Wüstungen begangen von",202712,Nöttendorf
237975,237975.pdf,1153-10b_nottendorf_geschwärzt,202712,Nöttendorf
211907,211907.png,1153-10b_Noettendorf_skz_01,202712,Nöttendorf
215463,215463.pdf,Aufstellung Leistungen der Außenmitarbeiter (Stand 19.4.1975),202712,Nöttendorf
207673,207673.pdf,wuestungslisten_kl_M-Z,202714,Nova domo
237976,237976.pdf,1154-10b_nova domo,202714,Nova domo
207673,207673.pdf,wuestungslisten_kl_M-Z,202718,Nuczendorf
237977,237977.pdf,1155-10b_nuczendorf,202718,Nuczendorf
207673,207673.pdf,wuestungslisten_kl_M-Z,202720,Nuensidele
237978,237978.pdf,1156-10b_nuensidele,202720,Nuensidele
207673,207673.pdf,wuestungslisten_kl_M-Z,202724,Nuinhartstorf
237979,237979.pdf,1157-10b_nuinhartstorf,202724,Nuinhartstorf
207673,207673.pdf,wuestungslisten_kl_M-Z,202726,Nusidel
237980,237980.pdf,1158-10b_nusidel,202726,Nusidel
207673,207673.pdf,wuestungslisten_kl_M-Z,202728,Nusspawm
237981,237981.pdf,1159-10b_nusspawm,202728,Nusspawm
207673,207673.pdf,wuestungslisten_kl_M-Z,202731,Nwtrin
237982,237982.pdf,1160-10b_nwtrin,202731,Nwtrin
207673,207673.pdf,wuestungslisten_kl_M-Z,202733,Oberendorf
237983,237983.pdf,1161-10b_oberendorf,202733,Oberendorf
224750,224750.glb,1161-20b_Oberfeld,202735,Oberfeld*
211908,211908.png,1161-20b_Oberfeld,202735,Oberfeld*
237984,237984.pdf,1161-20b_oberfeld,202735,Oberfeld*
213634,213634.png,1661-20b_oberfeld_grevenslag_skz_01,202735,Oberfeld*
213634,213634.png,1661-20b_oberfeld_grevenslag_skz_01,202735,Oberfeld*
207673,207673.pdf,wuestungslisten_kl_M-Z,202739,Oberndorf
237985,237985.pdf,1162-10b_oberndorf,202739,Oberndorf
207673,207673.pdf,wuestungslisten_kl_M-Z,202741,Oberndorf
237986,237986.pdf,1163-10b_oberndorf,202741,Oberndorf
207673,207673.pdf,wuestungslisten_kl_M-Z,202744,Oberndorf
237987,237987.pdf,1164-10b_oberndorf,202744,Oberndorf
207673,207673.pdf,wuestungslisten_kl_M-Z,202748,Obersee
237988,237988.pdf,1165-10b_obersee,202748,Obersee
211909,211909.png,1165-20b_Oberstorff,202755,Oberstorff
224751,224751.glb,1165-20b_Oberstorff,202755,Oberstorff
237989,237989.pdf,1165-20b_oberstorff,202755,Oberstorff
207673,207673.pdf,wuestungslisten_kl_M-Z,202773,Obreinsperg
237990,237990.pdf,1166-10b_obreinsperg,202773,Obreinsperg
207673,207673.pdf,wuestungslisten_kl_M-Z,202775,Ochsenrib
237991,237991.pdf,1167-10b_ochsenrib,202775,Ochsenrib
207673,207673.pdf,wuestungslisten_kl_M-Z,202777,Ochsenstruch
238065,238065.pdf,1168-10b_ochsenstruch,202777,Ochsenstruch
207673,207673.pdf,wuestungslisten_kl_M-Z,202779,Ocilisdorf
238071,238071.pdf,1169-10b_ocilisdorf,202779,Ocilisdorf
207673,207673.pdf,wuestungslisten_kl_M-Z,202783,Ocinheimin
238072,238072.pdf,1170-10b_ocinheimin,202783,Ocinheimin
207673,207673.pdf,wuestungslisten_kl_M-Z,202785,Od
238074,238074.pdf,1171-10b_od,202785,Od
207673,207673.pdf,wuestungslisten_kl_M-Z,202789,Oede
238080,238080.pdf,1172-10b_odd oede_geschwärzt,202789,Oede
207673,207673.pdf,wuestungslisten_kl_M-Z,202791,Ode
238088,238088.pdf,1173-10b_ode,202791,Ode
207673,207673.pdf,wuestungslisten_kl_M-Z,202793,Odelanestorph
238094,238094.pdf,1174-10b_odelanestorph,202793,Odelanestorph
207673,207673.pdf,wuestungslisten_kl_M-Z,202795,Ödhof
238095,238095.pdf,1175-10b_oedhof,202795,Ödhof
207673,207673.pdf,wuestungslisten_kl_M-Z,202797,Odenprunnen
224752,224752.glb,1176-10b_Odenprunnen,202797,Odenprunnen
211912,211912.png,1176-10b_Odenprunnen,202797,Odenprunnen
236984,236984.pdf,1176-10b_odenprunnen,202797,Odenprunnen
207673,207673.pdf,wuestungslisten_kl_M-Z,202799,Odinfelde
238097,238097.pdf,1177-10b_odinfelde,202799,Odinfelde
224753,224753.glb,1177-20b_Oed_Alt,202806,Alt Oed*
211939,211939.png,1177-20b_Oed_Alt,202806,Alt Oed*
238100,238100.pdf,1177-20b_oed-alt,202806,Alt Oed*
207673,207673.pdf,wuestungslisten_kl_M-Z,202808,Oed
238139,238139.pdf,1178-10b_oed,202808,Oed
207673,207673.pdf,wuestungslisten_kl_M-Z,202810,Oed
238140,238140.pdf,1179-10b_oed,202810,Oed
207673,207673.pdf,wuestungslisten_kl_M-Z,202813,Oede
238141,238141.pdf,1180-10b_oede,202813,Oede
207673,207673.pdf,wuestungslisten_kl_M-Z,202815,Oede
238142,238142.pdf,1181-10b_oede,202815,Oede
207673,207673.pdf,wuestungslisten_kl_M-Z,202817,Oedenberge
238143,238143.pdf,1182-10b_odenberge,202817,Oedenberge
207673,207673.pdf,wuestungslisten_kl_M-Z,202881,Oedendorf
238144,238144.pdf,1183-10b_oedendorf,202881,Oedendorf
207673,207673.pdf,wuestungslisten_kl_M-Z,202883,Oedenkirchen
238145,238145.pdf,1184-10b_oedenkirchen,202883,Oedenkirchen
207673,207673.pdf,wuestungslisten_kl_M-Z,202887,Oedental
238146,238146.pdf,1185-10b_oedental,202887,Oedental
238312,238312.pdf,1185-30b_oedfeld,202908,Oedfeld*
224754,224754.glb,1185-30b_Oedfeld,202908,Oedfeld*
211944,211944.png,1185-30b_Oedfeld,202908,Oedfeld*
207673,207673.pdf,wuestungslisten_kl_M-Z,202910,Oekchers
238323,238323.pdf,1186-10b_oekchers_geschwärzt,202910,Oekchers
207673,207673.pdf,wuestungslisten_kl_M-Z,202912,Oekersdorf
238324,238324.pdf,1187-10b_oekersdorf,202912,Oekersdorf
207673,207673.pdf,wuestungslisten_kl_M-Z,202914,Oetweishof
238325,238325.pdf,1188-10b_oetweinshof,202914,Oetweishof
207673,207673.pdf,wuestungslisten_kl_M-Z,202924,Oetzeinsreut
224755,224755.glb,1189-10b_Oetzeinsreut,202924,Oetzeinsreut
211946,211946.png,1189-10b_Oetzeinsreut_b,202924,Oetzeinsreut
211945,211945.png,1189-10b_Oetzeinsreut,202924,Oetzeinsreut
238326,238326.pdf,1189-10b_oetzeinsreut,202924,Oetzeinsreut
207673,207673.pdf,wuestungslisten_kl_M-Z,202926,Offing
238327,238327.pdf,1190-10b_offing,202926,Offing
207673,207673.pdf,wuestungslisten_kl_M-Z,202928,Öhlendt
230647,230647.pdf,1191-10b_oehlendt,202928,Öhlendt
207673,207673.pdf,wuestungslisten_kl_M-Z,202930,Omuntesberch
230724,230724.pdf,1192-10b_omuntesberch,202930,Omuntesberch
207673,207673.pdf,wuestungslisten_kl_M-Z,202932,Omunthesdorf
238329,238329.pdf,1193-10b_omunthesthorf,202932,Omunthesdorf
207673,207673.pdf,wuestungslisten_kl_M-Z,202934,Oppoldisdorf
207565,207565.pdf,Schöfmann_Wüstungen begangen_geschwärzt,202934,Oppoldisdorf
238337,238337.pdf,19761220_Antl_an_Schöfmann_geschwärzt,202934,Oppoldisdorf
238336,238336.pdf,1194-10b_oppoldisdorf_fot_03,202934,Oppoldisdorf
238335,238335.pdf,1194-10b_oppoldisdorf_fot_02,202934,Oppoldisdorf
238334,238334.pdf,1194-10b_oppoldisdorf_fot_01,202934,Oppoldisdorf
238330,238330.pdf,1194-10b_oppoldisdorf_geschwärzt,202934,Oppoldisdorf
211947,211947.png,1194-10b_Oppoldisdorf_skz_01,202934,Oppoldisdorf
207673,207673.pdf,wuestungslisten_kl_M-Z,202936,Orenbach
239336,239336.pdf,1195-10b_orenbach,202936,Orenbach
239341,239341.pdf,1195-20b_ortsgraben_geschwärzt,202940,Ortsgraben*
224756,224756.glb,1195-20b_Ortsgraben,202940,Ortsgraben*
211948,211948.png,1195-20b_Ortsgraben,202940,Ortsgraben*
207673,207673.pdf,wuestungslisten_kl_M-Z,202942,Ortweinsdorf
239342,239342.pdf,1196-10b_ortweinsdorf,202942,Ortweinsdorf
207673,207673.pdf,wuestungslisten_kl_M-Z,202944,Ostrafing
239345,239345.pdf,1197-10b_ostrafing,202944,Ostrafing
207673,207673.pdf,wuestungslisten_kl_M-Z,202947,Otcinesseue
239352,239352.pdf,1199-10b_octinesseue,202947,Otcinesseue
229345,229345.glb,1199-10b_Otcinesseue_Ützensee,202947,Otcinesseue
211953,211953.png,1199-10b_Otcinesseue_Ützensee,202947,Otcinesseue
239353,239353.pdf,1200-10b_othtik,202950,Othik
207673,207673.pdf,wuestungslisten_kl_M-Z,202952,Otindorf
239372,239372.pdf,1201-10b_otindorf_geschwärzt,202952,Otindorf
207673,207673.pdf,wuestungslisten_kl_M-Z,202954,Otpoldes
239379,239379.pdf,1202-10b_otpoldes,202954,Otpoldes
207673,207673.pdf,wuestungslisten_kl_M-Z,202956,Ottenschlag
239381,239381.pdf,1203-10b_ottenschlag,202956,Ottenschlag
207673,207673.pdf,wuestungslisten_kl_M-Z,202961,Ottenschlag
239382,239382.pdf,1204-10b_ottenschlag,202961,Ottenschlag
207673,207673.pdf,wuestungslisten_kl_M-Z,202963,Ottenspach
240626,240626.pdf,1205-10b_ottenspach,202963,Ottenspach
207673,207673.pdf,wuestungslisten_kl_M-Z,202965,Otzendorff
240631,240631.pdf,1206-10b_otzendorff,202965,Otzendorff
207672,207672.pdf,wuestungslisten_kl_A-L,202967,Owe
207673,207673.pdf,wuestungslisten_kl_M-Z,202967,Owe
240633,240633.pdf,1207-10b_owe,202967,Owe
207673,207673.pdf,wuestungslisten_kl_M-Z,202969,Ozinasperiga
240685,240685.pdf,1208-10b_ozinasperiga,202969,Ozinasperiga
207673,207673.pdf,wuestungslisten_kl_M-Z,202980,Pabendorf
240692,240692.pdf,1209-10b_pabendorf,202980,Pabendorf
207673,207673.pdf,wuestungslisten_kl_M-Z,202982,Pach
240700,240700.pdf,1210-10b_pach,202982,Pach
207673,207673.pdf,wuestungslisten_kl_M-Z,202984,Pach
240713,240713.pdf,1211-10b_pach,202984,Pach
207672,207672.pdf,wuestungslisten_kl_A-L,202986,Pachdorf
207673,207673.pdf,wuestungslisten_kl_M-Z,202986,Pachdorf
240721,240721.pdf,1212-10b_pachdorf,202986,Pachdorf
207673,207673.pdf,wuestungslisten_kl_M-Z,202988,Pache
240745,240745.pdf,1213-10b_pache,202988,Pache
207673,207673.pdf,wuestungslisten_kl_M-Z,202990,Padendorf
240763,240763.pdf,1214-10b_padendorf,202990,Padendorf
207673,207673.pdf,wuestungslisten_kl_M-Z,202995,Pahsberch
240774,240774.pdf,1215-10b_pahsberch,202995,Pahsberch
207673,207673.pdf,wuestungslisten_kl_M-Z,202997,Pahtsdorf
240779,240779.pdf,1216-10b_pahtsdorf,202997,Pahtsdorf
207673,207673.pdf,wuestungslisten_kl_M-Z,202999,Paiering
240787,240787.pdf,1217-10b_paiering,202999,Paiering
207673,207673.pdf,wuestungslisten_kl_M-Z,203001,Paim
240793,240793.pdf,1218-10b_paim,203001,Paim
207673,207673.pdf,wuestungslisten_kl_M-Z,203003,Pairdorff
240804,240804.pdf,1219-10b_pairdorff,203003,Pairdorff
207673,207673.pdf,wuestungslisten_kl_M-Z,203005,Pan
241021,241021.pdf,1220-10b_pan,203005,Pan
207673,207673.pdf,wuestungslisten_kl_M-Z,203007,St. Pancratium
241024,241024.pdf,1221-10b_pancratium,203007,St. Pancratium
207673,207673.pdf,wuestungslisten_kl_M-Z,203009,Pangrates
241026,241026.pdf,1222-10b_pangrates,203009,Pangrates
207673,207673.pdf,wuestungslisten_kl_M-Z,203011,St. Pangrazen unter Sieding
241028,241028.pdf,1223-10b_pangrazen,203011,St. Pangrazen unter Sieding
207673,207673.pdf,wuestungslisten_kl_M-Z,203013,Sannd Pankreczen
241094,241094.pdf,1224-10b_pankreczen,203013,Sannd Pankreczen
207673,207673.pdf,wuestungslisten_kl_M-Z,203015,Parowi
241099,241099.pdf,1225-10b_parowi,203015,Parowi
207673,207673.pdf,wuestungslisten_kl_M-Z,203017,Parschalches
241103,241103.pdf,1226-10b_parschalches,203017,Parschalches
207673,207673.pdf,wuestungslisten_kl_M-Z,203019,Parsdorf
241105,241105.pdf,1227-10b_parsdorf,203019,Parsdorf
209839,209839.png,0672-20b_hauswald_skz_01,203021,Partz
207673,207673.pdf,wuestungslisten_kl_M-Z,203021,Partz
241108,241108.pdf,1228-10b_partz,203021,Partz
207673,207673.pdf,wuestungslisten_kl_M-Z,203025,Paslesdorf
241109,241109.pdf,1229-10b_paslesdorf,203025,Paslesdorf
207673,207673.pdf,wuestungslisten_kl_M-Z,203027,Pastbach
241121,241121.pdf,1230-10b_pastbach,203027,Pastbach
207673,207673.pdf,wuestungslisten_kl_M-Z,203029,Pastperch
242006,242006.pdf,1231-10b_pastperch,203029,Pastperch
207673,207673.pdf,wuestungslisten_kl_M-Z,203031,Patesdorf
242011,242011.pdf,1232-10b_patesdorf,203031,Patesdorf
207673,207673.pdf,wuestungslisten_kl_M-Z,203033,Paumgarten
242030,242030.pdf,1233-10b_paumgarten,203033,Paumgarten
207673,207673.pdf,wuestungslisten_kl_M-Z,203036,Pauschberg
242040,242040.pdf,1234-10b_pauschberg,203036,Pauschberg
207673,207673.pdf,wuestungslisten_kl_M-Z,203038,Paynn
242047,242047.pdf,1235-10b_paynn,203038,Paynn
207673,207673.pdf,wuestungslisten_kl_M-Z,203040,Pechsutilin
242055,242055.pdf,1236-10b_pechsutilin,203040,Pechsutilin
207673,207673.pdf,wuestungslisten_kl_M-Z,203042,Peheimrutte
242072,242072.pdf,1237-10b_peheimrutte,203042,Peheimrutte
207673,207673.pdf,wuestungslisten_kl_M-Z,203044,Pellendorf
242730,242730.pdf,1238-10b_pellendorf,203044,Pellendorf
207673,207673.pdf,wuestungslisten_kl_M-Z,203046,Pennen
242732,242732.pdf,1239-10b_pennen,203046,Pennen
207673,207673.pdf,wuestungslisten_kl_M-Z,203048,Pennindorf
242733,242733.pdf,1240-10b_pennindorf,203048,Pennindorf
207673,207673.pdf,wuestungslisten_kl_M-Z,203050,Penninuuanc
242737,242737.pdf,1241-10b_penninuuanc,203050,Penninuuanc
207672,207672.pdf,wuestungslisten_kl_A-L,203052,Perchtoldsdorf
207673,207673.pdf,wuestungslisten_kl_M-Z,203052,Perchtoldsdorf
242920,242920.pdf,1242-10b_perchtoldsdorf_geschwärzt,203052,Perchtoldsdorf
207673,207673.pdf,wuestungslisten_kl_M-Z,203054,Pergarn
242925,242925.pdf,1243-10b_pergarn,203054,Pergarn
207673,207673.pdf,wuestungslisten_kl_M-Z,203056,Pergarn
242929,242929.pdf,1244-10b_pergarn,203056,Pergarn
207673,207673.pdf,wuestungslisten_kl_M-Z,203058,Perharts
242931,242931.pdf,1245-10b_perharts,203058,Perharts
207673,207673.pdf,wuestungslisten_kl_M-Z,203060,Perhtolsdorf
229347,229347.glb,1246-10b_Perhtoltsdorf,203060,Perhtolsdorf
212176,212176.png,1246-10b_Perhtoltsdorf_skz_01,203060,Perhtolsdorf
242932,242932.pdf,1246-10b_perhtoltsdorf,203060,Perhtolsdorf
207673,207673.pdf,wuestungslisten_kl_M-Z,203062,Perig
242936,242936.pdf,1247-10b_perig_skz_01,203062,Perig
242935,242935.pdf,1247-10b_perig_geschwärzt,203062,Perig
229348,229348.glb,1247-10b_Perig,203062,Perig
212184,212184.jpg,1247-10b_Perig_skz_04,203062,Perig
212183,212183.png,1247-10b_Perig_skz_03,203062,Perig
212182,212182.jpg,1247-10b_Perig_skz_02,203062,Perig
212181,212181.png,1247-10b_Perig,203062,Perig
207673,207673.pdf,wuestungslisten_kl_M-Z,203064,Peringers
243110,243110.pdf,1248-10b_peringers,203064,Peringers
229349,229349.glb,1248-10b_Peringers,203064,Peringers
212231,212231.png,1248-10b_Peringers,203064,Peringers
207673,207673.pdf,wuestungslisten_kl_M-Z,203066,Permanstal
243117,243117.pdf,1249-10b_permanstal,203066,Permanstal
229350,229350.glb,1249-10b_Permanstal,203066,Permanstal
212266,212266.png,1249-10b_Permanstal_skz_01,203066,Permanstal
212281,212281.png,1249-20b_Pernegg,203068,Alt Pernegg*
220672,220672.glb,0067-20b_Alt_Pernegg,203068,Alt Pernegg*
207673,207673.pdf,wuestungslisten_kl_M-Z,203074,Perngers
243118,243118.pdf,1250-10b_perngers,203074,Perngers
207673,207673.pdf,wuestungslisten_kl_M-Z,203076,Perngers
243119,243119.pdf,1251-10b_perngers,203076,Perngers
207673,207673.pdf,wuestungslisten_kl_M-Z,203078,Perngersdorf
243122,243122.pdf,1252-10b_perngersdorf,203078,Perngersdorf
207673,207673.pdf,wuestungslisten_kl_M-Z,203080,Pernhofen
246783,246783.pdf,1253-10b_pernhofen_geschwärzt,203080,Pernhofen
215028,215028.pdf,19751025_Einladung zu Exkursion,203080,Pernhofen
233611,233611.pdf,19751212_Keramikdatierung,203080,Pernhofen
215027,215027.pdf,19751025_Planung und Protokoll Exkursion,203080,Pernhofen
207673,207673.pdf,wuestungslisten_kl_M-Z,203082,Pernuella
246785,246785.pdf,1254-10b_pernouella,203082,Pernuella
207673,207673.pdf,wuestungslisten_kl_M-Z,203084,Pernpuech
246790,246790.pdf,1255-10b_pernpuech,203084,Pernpuech
207673,207673.pdf,wuestungslisten_kl_M-Z,203086,Perntal
246798,246798.pdf,1256-10b_perntal,203086,Perntal
207673,207673.pdf,wuestungslisten_kl_M-Z,203088,Persenslager Hof
246799,246799.pdf,1257-10b_persenslager,203088,Persenslager Hof
207673,207673.pdf,wuestungslisten_kl_M-Z,203090,Perting
246800,246800.pdf,1258-10b_perting,203090,Perting
207673,207673.pdf,wuestungslisten_kl_M-Z,203094,St. Peter auf dem Stainfeld
246804,246804.pdf,1259-10b_st peter auf dem stainfeld,203094,St. Peter auf dem Stainfeld
207673,207673.pdf,wuestungslisten_kl_M-Z,203096,Petzleins
246805,246805.pdf,1260-10b_petzleins,203096,Petzleins
207673,207673.pdf,wuestungslisten_kl_M-Z,203098,Petzling
212425,212425.jpg,1261-10b_Petzling_skz_01,203098,Petzling
207673,207673.pdf,wuestungslisten_kl_M-Z,203100,Peugarten
251440,251440.pdf,1262-10b_peugarten,203100,Peugarten
207673,207673.pdf,wuestungslisten_kl_M-Z,203102,castrum Peunte
251441,251441.pdf,1263-10b_castrum peunte,203102,castrum Peunte
207673,207673.pdf,wuestungslisten_kl_M-Z,203106,Peygarten
251444,251444.pdf,1264-10b_peygarten,203106,Peygarten
207673,207673.pdf,wuestungslisten_kl_M-Z,203108,Peysdorf
251446,251446.pdf,1265-10b_peysdorf,203108,Peysdorf
207673,207673.pdf,wuestungslisten_kl_M-Z,203110,Peytten
251451,251451.pdf,1266-10b_peytten,203110,Peytten
207673,207673.pdf,wuestungslisten_kl_M-Z,203114,Pfaffenbach
251453,251453.pdf,1267-10b_pfaffenbach,203114,Pfaffenbach
207673,207673.pdf,wuestungslisten_kl_M-Z,203116,Pfeffing
251454,251454.pdf,1268-10b_pfeffing,203116,Pfeffing
207673,207673.pdf,wuestungslisten_kl_M-Z,203118,Pfosenburg
251455,251455.pdf,1269-10b_pfosenburg,203118,Pfosenburg
207673,207673.pdf,wuestungslisten_kl_M-Z,203120,Pharrechirchen
251461,251461.pdf,1270-10b_pharrechirchen,203120,Pharrechirchen
207673,207673.pdf,wuestungslisten_kl_M-Z,203122,Pheffing
251468,251468.pdf,1271-10b_pheffing,203122,Pheffing
207672,207672.pdf,wuestungslisten_kl_A-L,203124,Phlaetnitz
207673,207673.pdf,wuestungslisten_kl_M-Z,203124,Phlaetnitz
251472,251472.pdf,1272-10b_phlaetniz,203124,Phlaetnitz
207673,207673.pdf,wuestungslisten_kl_M-Z,203126,Piekenreut
251473,251473.pdf,1273-10b_piekenreut,203126,Piekenreut
207673,207673.pdf,wuestungslisten_kl_M-Z,203128,Pielach
251477,251477.pdf,1274-10b_pielach,203128,Pielach
207673,207673.pdf,wuestungslisten_kl_M-Z,203132,Pigartinpach
251479,251479.pdf,1275-10b_pigartinpach,203132,Pigartinpach
207673,207673.pdf,wuestungslisten_kl_M-Z,203134,Pihra
207668,207668.pdf,wuestungsarchiv_konzeption_organisatio_arbeitsplanung,203134,Pihra
251480,251480.pdf,1276-10b_pihra,203134,Pihra
215465,215465.pdf,Wüstungsarchiv des Archivs für Mittelalterarchäologie,203134,Pihra
207673,207673.pdf,wuestungslisten_kl_M-Z,203136,Pilahegemunde
251600,251600.pdf,1277-10b_pilahegemunde_geschwärzt,203136,Pilahegemunde
207673,207673.pdf,wuestungslisten_kl_M-Z,203138,Pilgram
251603,251603.pdf,1278-10b_pilgram,203138,Pilgram
207673,207673.pdf,wuestungslisten_kl_M-Z,203152,Pilgreimenslage
251606,251606.pdf,1279-10b_pilgreimenslage,203152,Pilgreimenslage
207673,207673.pdf,wuestungslisten_kl_M-Z,203154,Pilgreims
251608,251608.pdf,1280-10b_pilgreims,203154,Pilgreims
207673,207673.pdf,wuestungslisten_kl_M-Z,203156,Pillinchirchen
251609,251609.pdf,1281-10b_pillinchirchen,203156,Pillinchirchen
207673,207673.pdf,wuestungslisten_kl_M-Z,203158,Pillingbach
251612,251612.pdf,1282-10b_pillingpach,203158,Pillingbach
207673,207673.pdf,wuestungslisten_kl_M-Z,203160,Pilstein
251621,251621.pdf,1283-10b_pilstein,203160,Pilstein
207673,207673.pdf,wuestungslisten_kl_M-Z,203162,Pinizporz
253391,253391.pdf,1284-10b_pinizporz,203162,Pinizporz
207673,207673.pdf,wuestungslisten_kl_M-Z,203164,Pirach
253392,253392.pdf,1285-10b_pirach,203164,Pirach
229351,229351.glb,1285-10b_Pirach,203164,Pirach
212472,212472.png,1285-10b_Pirach_skz_01,203164,Pirach
207673,207673.pdf,wuestungslisten_kl_M-Z,203166,Pirchae
253395,253395.pdf,1286-10b_pirchae,203166,Pirchae
207673,207673.pdf,wuestungslisten_kl_M-Z,203168,Pirchehe
253398,253398.pdf,1287-10b_pirchehe,203168,Pirchehe
207673,207673.pdf,wuestungslisten_kl_M-Z,203170,Pirichech
253405,253405.pdf,1288-10b_pirichech,203170,Pirichech
207673,207673.pdf,wuestungslisten_kl_M-Z,203172,Pischolfshofen
253407,253407.pdf,1289-10b_pischolfshofen,203172,Pischolfshofen
207673,207673.pdf,wuestungslisten_kl_M-Z,203174,Pischolfstorf
253417,253417.pdf,1290-10b_pischolfstorf_geschwärzt,203174,Pischolfstorf
229352,229352.glb,1290-10b_Pischolfstorf,203174,Pischolfstorf
212473,212473.png,1290-10b_Pischolfstorf,203174,Pischolfstorf
207673,207673.pdf,wuestungslisten_kl_M-Z,203176,Pischolstorf
253418,253418.pdf,1291-10b_pischolsstorf,203176,Pischolstorf
207673,207673.pdf,wuestungslisten_kl_M-Z,203178,Piscolfstorf
253591,253591.pdf,1292-10b_piscolfstorf,203178,Piscolfstorf
207673,207673.pdf,wuestungslisten_kl_M-Z,203180,Piscolfstorf
253592,253592.pdf,1293-10b_piscolfstorf,203180,Piscolfstorf
207673,207673.pdf,wuestungslisten_kl_M-Z,203182,Piscolristorph
253594,253594.pdf,1294-10b_piscolristorph,203182,Piscolristorph
207673,207673.pdf,wuestungslisten_kl_M-Z,203184,Pittrichesdorf
253597,253597.pdf,1295-10b_pittrichesdorf,203184,Pittrichesdorf
207673,207673.pdf,wuestungslisten_kl_M-Z,203186,Piugum
253600,253600.pdf,1296-10b_piugum,203186,Piugum
207673,207673.pdf,wuestungslisten_kl_M-Z,203188,Plad
253603,253603.pdf,1297-10b_plad,203188,Plad
229592,229592.glb,1297-10b_Plad,203188,Plad
212474,212474.png,1297-10b_Plad,203188,Plad
207673,207673.pdf,wuestungslisten_kl_M-Z,203190,Plaichen
253610,253610.pdf,1298-10b_plaichen,203190,Plaichen
207673,207673.pdf,wuestungslisten_kl_M-Z,203192,Planche
253612,253612.pdf,1299-10b_planche,203192,Planche
207673,207673.pdf,wuestungslisten_kl_M-Z,203194,Planchenek
254538,254538.pdf,1300-10b_planchenek,203194,Planchenek
207673,207673.pdf,wuestungslisten_kl_M-Z,203196,Plasenstein
254540,254540.pdf,1301-10b_plasenstein,203196,Plasenstein
207673,207673.pdf,wuestungslisten_kl_M-Z,203199,Pleccingin
254552,254552.pdf,1303-10b_plecchingin,203199,Pleccingin
229946,229946.glb,1303-10b_Pleccingin,203199,Pleccingin
212475,212475.png,1303-10b_Pleccingin,203199,Pleccingin
207673,207673.pdf,wuestungslisten_kl_M-Z,203201,Plehsengraben
254556,254556.pdf,1304-10b_plehsengraben,203201,Plehsengraben
207673,207673.pdf,wuestungslisten_kl_M-Z,203203,Pleinstein
254557,254557.pdf,1305-10b_pleinstein,203203,Pleinstein
207673,207673.pdf,wuestungslisten_kl_M-Z,203205,Plesperch
254562,254562.pdf,1306-10b_plesperch,203205,Plesperch
229599,229599.glb,1306-10b_Plesperc,203205,Plesperch
212517,212517.png,1306-10b_Plesperc,203205,Plesperch
207673,207673.pdf,wuestungslisten_kl_M-Z,203207,Plessberg
254724,254724.pdf,1307-10b_plessberg,203207,Plessberg
207673,207673.pdf,wuestungslisten_kl_M-Z,203209,Pletichendorf
254725,254725.pdf,1308-10b_pletichendorf,203209,Pletichendorf
207673,207673.pdf,wuestungslisten_kl_M-Z,203211,Pletichindorf
254731,254731.pdf,1309-10b_pletichindorf,203211,Pletichindorf
207673,207673.pdf,wuestungslisten_kl_M-Z,203213,Plinkenberg
254732,254732.pdf,1310-10b_plinkenberg,203213,Plinkenberg
207673,207673.pdf,wuestungslisten_kl_M-Z,203215,Plintendorf
254736,254736.pdf,1311-10b_plintendorf,203215,Plintendorf
207673,207673.pdf,wuestungslisten_kl_M-Z,203217,Plintindorf
254740,254740.pdf,1312-10b_plintindorf,203217,Plintindorf
207673,207673.pdf,wuestungslisten_kl_M-Z,203219,Plochstorf
255593,255593.pdf,1313-10b_plochstorf,203219,Plochstorf
212518,212518.png,1313-10b_Plochsdorf,203219,Plochstorf
207673,207673.pdf,wuestungslisten_kl_M-Z,203221,Pobendorf
255596,255596.pdf,1314-10b_pobendorf,203221,Pobendorf
207673,207673.pdf,wuestungslisten_kl_M-Z,203223,Podlaren
255600,255600.pdf,1315-10b_podlaren,203223,Podlaren
229606,229606.glb,1315-10b_Podlaren,203223,Podlaren
212519,212519.png,1315-10b_Podlaren,203223,Podlaren
207673,207673.pdf,wuestungslisten_kl_M-Z,203225,Poden
255606,255606.pdf,1316-10b_poden,203225,Poden
207673,207673.pdf,wuestungslisten_kl_M-Z,203227,Podenpach
255607,255607.pdf,1317-10b_podenpach,203227,Podenpach
207673,207673.pdf,wuestungslisten_kl_M-Z,203229,Podenzeil
255611,255611.pdf,1318-10b_podenzeil,203229,Podenzeil
207673,207673.pdf,wuestungslisten_kl_M-Z,203231,Poendorf
212520,212520.png,1319-10b_Poendorf,203231,Poendorf
255618,255618.pdf,1319-10b_poendorf_geschwärzt,203231,Poendorf
207673,207673.pdf,wuestungslisten_kl_M-Z,203233,Pogstorffer
255630,255630.pdf,1320-10b_pogstorffer,203233,Pogstorffer
207673,207673.pdf,wuestungslisten_kl_M-Z,203235,Polan
255631,255631.pdf,1321-10b_polan,203235,Polan
207673,207673.pdf,wuestungslisten_kl_M-Z,203237,Pola
255633,255633.pdf,1322-10b_polan,203237,Pola
207673,207673.pdf,wuestungslisten_kl_M-Z,203239,Poligin
255634,255634.pdf,1323-10b_poligin,203239,Poligin
207673,207673.pdf,wuestungslisten_kl_M-Z,203241,Pölla
255635,255635.pdf,1324-10b_poella,203241,Pölla
207673,207673.pdf,wuestungslisten_kl_M-Z,203243,Pölla
212521,212521.png,1325-10b_Pölla,203243,Pölla
255637,255637.pdf,1325-10b_poella,203243,Pölla
207673,207673.pdf,wuestungslisten_kl_M-Z,203245,Pöllchendorf
255638,255638.pdf,1326-10b_poellchendorf,203245,Pöllchendorf
207673,207673.pdf,wuestungslisten_kl_M-Z,203247,Pöllchendorf
255639,255639.pdf,1327-10b_poellchendorf,203247,Pöllchendorf
207672,207672.pdf,wuestungslisten_kl_A-L,203251,Pome
207673,207673.pdf,wuestungslisten_kl_M-Z,203251,Pome
255642,255642.pdf,1328-10b_pome,203251,Pome
255644,255644.pdf,1328-20b_pommersdorf-ost,203253,Pommersdorf Ost*
229607,229607.glb,1328-20b_Pommersdorf_Ost,203253,Pommersdorf Ost*
212522,212522.png,1328-20b_Pommersdorf_Ost,203253,Pommersdorf Ost*
207673,207673.pdf,wuestungslisten_kl_M-Z,203255,Pongaran
255645,255645.pdf,1329-10b_pongaran,203255,Pongaran
207673,207673.pdf,wuestungslisten_kl_M-Z,203257,Ponhalmshof
255649,255649.pdf,1330-10b_ponhalmshof,203257,Ponhalmshof
207673,207673.pdf,wuestungslisten_kl_M-Z,203259,Ponke
255656,255656.pdf,1331-10b_ponke,203259,Ponke
207673,207673.pdf,wuestungslisten_kl_M-Z,203261,Poppenschlag
255657,255657.pdf,1332-10b_poppenschlag,203261,Poppenschlag
207673,207673.pdf,wuestungslisten_kl_M-Z,203263,Popenberg
255658,255658.pdf,1333-10b_popenberg,203263,Popenberg
207673,207673.pdf,wuestungslisten_kl_M-Z,203267,Porez
255669,255669.pdf,1334-10b_porez,203267,Porez
207673,207673.pdf,wuestungslisten_kl_M-Z,203269,Porolden
255672,255672.pdf,1335-10b_porolden,203269,Porolden
207673,207673.pdf,wuestungslisten_kl_M-Z,203271,Portz
255678,255678.pdf,1336-10b_portz,203271,Portz
208903,208903.pdf,19741026_Protokoll Exkursion,203273,Porz
207673,207673.pdf,wuestungslisten_kl_M-Z,203273,Porz
207603,207603.pdf,Schutzbier_Wüstungen begangen_geschwärzt,203273,Porz
255697,255697.pdf,1337-10b_porz_geschwärzt,203273,Porz
215025,215025.pdf,19741026_Planung Exkursion,203273,Porz
215463,215463.pdf,Aufstellung Leistungen der Außenmitarbeiter (Stand 19.4.1975),203273,Porz
207673,207673.pdf,wuestungslisten_kl_M-Z,203275,Porze
255706,255706.pdf,1338-10b_porze,203275,Porze
207673,207673.pdf,wuestungslisten_kl_M-Z,203277,Pösenfurte
255707,255707.pdf,1339-10b_poesenfurte,203277,Pösenfurte
207673,207673.pdf,wuestungslisten_kl_M-Z,203279,Pöstorf
255708,255708.pdf,1340-10b_poestorf,203279,Pöstorf
207807,207807.pdf,19750313_Besprechungsprotokoll_Zelesnik_Strohschneider,203281,Potendorf
207807,207807.pdf,19750313_Besprechungsprotokoll_Zelesnik_Strohschneider,203281,Potendorf
207807,207807.pdf,19750313_Besprechungsprotokoll_Zelesnik_Strohschneider,203281,Potendorf
207680,207680.pdf,Zelesnik_Wüstungen begangen_geschwärzt,203281,Potendorf
207673,207673.pdf,wuestungslisten_kl_M-Z,203281,Potendorf
212524,212524.png,1341-10b_Potendorf_skz_01,203281,Potendorf
255715,255715.pdf,1341-10b_potendorf_geschwärzt,203281,Potendorf
215463,215463.pdf,Aufstellung Leistungen der Außenmitarbeiter (Stand 19.4.1975),203281,Potendorf
207673,207673.pdf,wuestungslisten_kl_M-Z,203283,Potenburg
255716,255716.pdf,1342-10b_pottenburg_geschwärzt,203283,Potenburg
229941,229941.glb,1342-20b_Potenburg_Dörfflein,203283,Potenburg
212525,212525.png,1342-10b_Potenburg_Dörfflein,203283,Potenburg
207673,207673.pdf,wuestungslisten_kl_M-Z,203286,Pougen
255723,255723.pdf,1343-10b_pougen,203286,Pougen
207673,207673.pdf,wuestungslisten_kl_M-Z,203288,Pousendorf
255724,255724.pdf,1344-10b_pousendorf,203288,Pousendorf
207673,207673.pdf,wuestungslisten_kl_M-Z,203290,Praetenmos
255725,255725.pdf,1345-10b_praeitenmos,203290,Praetenmos
212527,212527.png,1345-10b_Praeitenmos,203290,Praetenmos
207673,207673.pdf,wuestungslisten_kl_M-Z,203292,Praeuzslag
255729,255729.pdf,1346-10b_praeuzslag,203292,Praeuzslag
207673,207673.pdf,wuestungslisten_kl_M-Z,203294,Praitenlebarn
255730,255730.pdf,1347-10b_praitenlebarn,203294,Praitenlebarn
255732,255732.pdf,1347-20b_praitenrar,203296,Praitenrar
212528,212528.png,1347-20b_Praitenrar,203296,Praitenrar
207673,207673.pdf,wuestungslisten_kl_M-Z,203298,Prantstetn
255735,255735.pdf,1348-10b_prantstetn,203298,Prantstetn
207673,207673.pdf,wuestungslisten_kl_M-Z,203300,Pratum
255738,255738.pdf,1349-10b_pratum,203300,Pratum
207673,207673.pdf,wuestungslisten_kl_M-Z,203302,Prawnslag
255742,255742.pdf,1350-10b_prawnslag,203302,Prawnslag
207673,207673.pdf,wuestungslisten_kl_M-Z,203304,Prechleinsperg
212533,212533.png,1351-10b_Prechleinsperg_skz_03,203304,Prechleinsperg
212532,212532.png,1351-10b_Prechleinsperg_skz_02,203304,Prechleinsperg
255747,255747.pdf,1351-10b_prechleinsperg,203304,Prechleinsperg
212531,212531.png,1351-10b_Prechleinsperg_skz_01,203304,Prechleinsperg
207673,207673.pdf,wuestungslisten_kl_M-Z,203306,Preigarn
255749,255749.pdf,1352-10b_preigarn,203306,Preigarn
207673,207673.pdf,wuestungslisten_kl_M-Z,203308,Preinreichs
255751,255751.pdf,1353-10b_preinreichs,203308,Preinreichs
207673,207673.pdf,wuestungslisten_kl_M-Z,204876,Werden
232736,232736.pdf,1990-10b_werden_skz_03,204876,Werden
232735,232735.pdf,1990-10b_werden_geschwärzt,204876,Werden
214646,214646.png,1990-10b_Werden_skz_01,204876,Werden
207673,207673.pdf,wuestungslisten_kl_M-Z,204878,Werenperg
232733,232733.pdf,1991-10b_werenperg,204878,Werenperg
207673,207673.pdf,wuestungslisten_kl_M-Z,204880,Werensdorf
232676,232676.pdf,1992-10b_werensdorf,204880,Werensdorf
207673,207673.pdf,wuestungslisten_kl_M-Z,204882,Wernhartstein
232674,232674.pdf,1993-10b_wernhartstein,204882,Wernhartstein
207673,207673.pdf,wuestungslisten_kl_M-Z,203310,Preitenvelde
206098,206098.pdf,"Margl, Wüstungen begangen von",203310,Preitenvelde
255756,255756.pdf,1354-10b_preitenvelde_geschwärzt,203310,Preitenvelde
215463,215463.pdf,Aufstellung Leistungen der Außenmitarbeiter (Stand 19.4.1975),203310,Preitenvelde
207673,207673.pdf,wuestungslisten_kl_M-Z,203312,Prellental
212541,212541.png,1355-10b_Prellental,203312,Prellental
255761,255761.pdf,1355-10b_prellental_geschwärzt,203312,Prellental
207673,207673.pdf,wuestungslisten_kl_M-Z,203314,Preraw
255764,255764.pdf,1356-10b_preraw,203314,Preraw
207673,207673.pdf,wuestungslisten_kl_M-Z,203316,Presdorf
255765,255765.pdf,1357-10b_presdorf,203316,Presdorf
207673,207673.pdf,wuestungslisten_kl_M-Z,203318,Preysekk
255768,255768.pdf,1358-10b_preysekk,203318,Preysekk
229608,229608.glb,1358-20b_Primeysdorf,203320,Primeysdorf*
212546,212546.png,1358-20b_Primeysdorf,203320,Primeysdorf*
255770,255770.pdf,1358-20b_primeysdorf,203320,Primeysdorf*
207673,207673.pdf,wuestungslisten_kl_M-Z,203322,Prosmareuth
229609,229609.glb,1359-10b_Prosmareut,203322,Prosmareuth
212547,212547.png,1359-10b_Prosmareut,203322,Prosmareuth
255782,255782.pdf,1359-10b_prosmareut,203322,Prosmareuth
207673,207673.pdf,wuestungslisten_kl_M-Z,204884,Wernhertleins
232670,232670.pdf,1994-10b_wernhertleins,204884,Wernhertleins
207673,207673.pdf,wuestungslisten_kl_M-Z,204886,Werschenschlagerhof
232666,232666.pdf,1995-10b_werschenschlagerhof,204886,Werschenschlagerhof
207673,207673.pdf,wuestungslisten_kl_M-Z,204888,Werla
232664,232664.pdf,1996-10b_wertla de,204888,Werla
207673,207673.pdf,wuestungslisten_kl_M-Z,204890,Westlawn
232658,232658.pdf,1997-10b_westlawn,204890,Westlawn
207673,207673.pdf,wuestungslisten_kl_M-Z,204892,Wetzles
232653,232653.pdf,1998-10b_wetzels_geschwärzt,204892,Wetzles
207673,207673.pdf,wuestungslisten_kl_M-Z,204894,Wetzilsdorf
230772,230772.pdf,1999-10b_wetzilstorf,204894,Wetzilsdorf
207673,207673.pdf,wuestungslisten_kl_M-Z,204896,Wetzleinsdorf
232644,232644.pdf,2000-10b_wetzleinsdorf,204896,Wetzleinsdorf
207673,207673.pdf,wuestungslisten_kl_M-Z,204898,Wetzlens
232640,232640.pdf,2001-10b_wetzlens_skz_01,204898,Wetzlens
232639,232639.pdf,2001-10b_wetzlens,204898,Wetzlens
207673,207673.pdf,wuestungslisten_kl_M-Z,203325,Prosmareuth Hof
229609,229609.glb,1359-10b_Prosmareut,203325,Prosmareuth Hof
212547,212547.png,1359-10b_Prosmareut,203325,Prosmareuth Hof
255782,255782.pdf,1359-10b_prosmareut,203325,Prosmareuth Hof
207673,207673.pdf,wuestungslisten_kl_M-Z,203327,Pruche
255793,255793.pdf,1360-10b_pruche,203327,Pruche
207673,207673.pdf,wuestungslisten_kl_M-Z,203329,Prueffenrewt
255799,255799.pdf,1361-10b_prueffenrewtt,203329,Prueffenrewt
207673,207673.pdf,wuestungslisten_kl_M-Z,203331,Pruel
255803,255803.pdf,1362-10b_pruel,203331,Pruel
207673,207673.pdf,wuestungslisten_kl_M-Z,203333,Pruelhof
255810,255810.pdf,1363-10b_pruelhof,203333,Pruelhof
207673,207673.pdf,wuestungslisten_kl_M-Z,203335,Pruk
229610,229610.glb,1364-10b_Pruk,203335,Pruk
212548,212548.png,1364-10b_Pruk,203335,Pruk
255818,255818.pdf,1364-10b_pruk,203335,Pruk
207673,207673.pdf,wuestungslisten_kl_M-Z,203337,Prunne
255971,255971.pdf,1365-10b_prunne,203337,Prunne
207673,207673.pdf,wuestungslisten_kl_M-Z,203339,Prunsperch
255978,255978.pdf,1366-10b_prunsperch,203339,Prunsperch
207673,207673.pdf,wuestungslisten_kl_M-Z,203341,Prunssenperch
255980,255980.pdf,1367-10b_prunssenperch,203341,Prunssenperch
255983,255983.pdf,1367-20b_pruntal,203343,Pruntal
229933,229933.glb,1367-20b_Pruntal,203343,Pruntal
212550,212550.png,1367-20b_Pruntal,203343,Pruntal
255986,255986.pdf,1368-20b_puch-hof,203345,Puch Hof
212551,212551.png,1368-20b_Puch_Hof,203345,Puch Hof
207673,207673.pdf,wuestungslisten_kl_M-Z,203347,Puchberch
255987,255987.pdf,1369-10b_puchberch,203347,Puchberch
207673,207673.pdf,wuestungslisten_kl_M-Z,203349,Puchberg
255990,255990.pdf,1370-10b_puchberg,203349,Puchberg
207673,207673.pdf,wuestungslisten_kl_M-Z,203351,Puchek
255993,255993.pdf,1371-10b_puchek,203351,Puchek
207673,207673.pdf,wuestungslisten_kl_M-Z,203353,Pucheleinsdorf
256036,256036.pdf,1372-10b_pucheleinsdorf,203353,Pucheleinsdorf
207673,207673.pdf,wuestungslisten_kl_M-Z,203355,Puchenstain
256038,256038.pdf,1373-10b_puchenstain,203355,Puchenstain
229611,229611.glb,1373-12b_Puchenstain_Meierhof,203355,Puchenstain
212552,212552.png,1373-12b_Puchenstain_Meierhof,203355,Puchenstain
207673,207673.pdf,wuestungslisten_kl_M-Z,203357,Puchenstuben
256040,256040.pdf,1374-10b_puchenstuben,203357,Puchenstuben
207673,207673.pdf,wuestungslisten_kl_M-Z,203359,Puchesprunnen
256048,256048.pdf,1375-10b_puchesprunnen,203359,Puchesprunnen
207673,207673.pdf,wuestungslisten_kl_M-Z,203361,Puchslich
256049,256049.pdf,1376-10b_puchslich,203361,Puchslich
207673,207673.pdf,wuestungslisten_kl_M-Z,203363,Puchspemen zu Oed
256051,256051.pdf,1377-10b_puchspemen zu oed,203363,Puchspemen zu Oed
207673,207673.pdf,wuestungslisten_kl_M-Z,203365,Puech
256053,256053.pdf,1378-10b_puech,203365,Puech
207673,207673.pdf,wuestungslisten_kl_M-Z,203367,Puech
256054,256054.pdf,1379-10b_puech,203367,Puech
212553,212553.png,1379-10b_Puech_skz_01,203367,Puech
207673,207673.pdf,wuestungslisten_kl_M-Z,203369,Puechenstuben
256057,256057.pdf,1380-10b_puechenstuben,203369,Puechenstuben
207673,207673.pdf,wuestungslisten_kl_M-Z,203371,Pueln
256060,256060.pdf,1381-10b_pueln,203371,Pueln
207673,207673.pdf,wuestungslisten_kl_M-Z,203373,veste Puesensdorf
256062,256062.pdf,1382-10b_puesendorf,203373,veste Puesensdorf
207673,207673.pdf,wuestungslisten_kl_M-Z,203375,Puezlingen
256063,256063.pdf,1383-10b_puezlingen,203375,Puezlingen
207673,207673.pdf,wuestungslisten_kl_M-Z,203436,Puezzing
256066,256066.pdf,1384-10b_puezzing,203436,Puezzing
207673,207673.pdf,wuestungslisten_kl_M-Z,203438,Puhel
256067,256067.pdf,1385-10b_puhel,203438,Puhel
207673,207673.pdf,wuestungslisten_kl_M-Z,203440,Pukkendorf
256068,256068.pdf,1386-10b_pukkendorf,203440,Pukkendorf
256070,256070.pdf,1386-20b_puelliß,203442,Pülliß*
229612,229612.glb,1386-20b_Pülliß,203442,Pülliß*
212554,212554.png,1386-20b_Pülliß,203442,Pülliß*
207673,207673.pdf,wuestungslisten_kl_M-Z,203444,Purchdorf
256076,256076.pdf,1387-10b_purchdorf,203444,Purchdorf
229613,229613.glb,1387-10b_Purchdorf,203444,Purchdorf
212607,212607.png,1387-10b_Purchdorf,203444,Purchdorf
207673,207673.pdf,wuestungslisten_kl_M-Z,203446,Purchstal
256114,256114.pdf,1388-10b_purchstal,203446,Purchstal
207673,207673.pdf,wuestungslisten_kl_M-Z,203448,Purchstal
256122,256122.pdf,1389-10b_purchstal,203448,Purchstal
207673,207673.pdf,wuestungslisten_kl_M-Z,203450,Purchstal im alten Dorf
256124,256124.pdf,1390-10b_purchstal,203450,Purchstal im alten Dorf
207673,207673.pdf,wuestungslisten_kl_M-Z,203452,Purchstal apud Rapotenchirchen
256125,256125.pdf,1391-10b_purchstal apud rapotenkirchen,203452,Purchstal apud Rapotenchirchen
207673,207673.pdf,wuestungslisten_kl_M-Z,203454,Purchstalle
256129,256129.pdf,1392-10b_purchstalle,203454,Purchstalle
207673,207673.pdf,wuestungslisten_kl_M-Z,203456,Purgersturff
256350,256350.pdf,1393-10b_purgersturff,203456,Purgersturff
207673,207673.pdf,wuestungslisten_kl_M-Z,203458,Purgmannsdorf
256351,256351.pdf,1394-10b_purgmannsdorf,203458,Purgmannsdorf
207673,207673.pdf,wuestungslisten_kl_M-Z,203460,Purgmans
256352,256352.pdf,1395-10b_purgmans,203460,Purgmans
207673,207673.pdf,wuestungslisten_kl_M-Z,203462,Purgstall
256355,256355.pdf,1396-10b_purgstall,203462,Purgstall
207673,207673.pdf,wuestungslisten_kl_M-Z,203464,Purkchstal
256357,256357.pdf,1397-10b_purkchstal,203464,Purkchstal
207673,207673.pdf,wuestungslisten_kl_M-Z,203466,Pürkhers
256358,256358.pdf,1398-10b_puerkhers,203466,Pürkhers
207673,207673.pdf,wuestungslisten_kl_M-Z,203468,Purkstal
256359,256359.pdf,1399-10b_purkstal,203468,Purkstal
207673,207673.pdf,wuestungslisten_kl_M-Z,203470,Pubinchirchen
255984,255984.pdf,1368-10b_pubinchirchen,203470,Pubinchirchen
207673,207673.pdf,wuestungslisten_kl_M-Z,203472,Pursting
256361,256361.pdf,1400-10b_pursting,203472,Pursting
207673,207673.pdf,wuestungslisten_kl_M-Z,203474,Pusindorf
256366,256366.pdf,1401-10b_pusindorf,203474,Pusindorf
207673,207673.pdf,wuestungslisten_kl_M-Z,203476,Putinowe
256576,256576.pdf,1402-10b_putinowe,203476,Putinowe
207673,207673.pdf,wuestungslisten_kl_M-Z,203478,Pyhra
256582,256582.pdf,1403-10b_pyhra,203478,Pyhra
256583,256583.pdf,1403-20b_quellensiedlung*,203480,Quellensiedlung*
212610,212610.png,1403-20b_Quellensiedlung,203480,Quellensiedlung*
256584,256584.pdf,1403-40b_klein raabs*,203482,Klein Raabs*
229614,229614.glb,1403-40b_Raabs_Klein,203482,Klein Raabs*
212612,212612.png,1403-40b_Raabs_Klein_02,203482,Klein Raabs*
212611,212611.png,1403-40b_Raabs_Klein,203482,Klein Raabs*
207673,207673.pdf,wuestungslisten_kl_M-Z,203484,Racolsdorf
256591,256591.pdf,1404-10b_racolsdorf,203484,Racolsdorf
207673,207673.pdf,wuestungslisten_kl_M-Z,203486,St. Radegund
256594,256594.pdf,1405-10b_st radegund prope ketzleinsdorf,203486,St. Radegund
207673,207673.pdf,wuestungslisten_kl_M-Z,203488,Radeis
256598,256598.pdf,1406-10b_radeis,203488,Radeis
207673,207673.pdf,wuestungslisten_kl_M-Z,203490,Radewanspach
256601,256601.pdf,1407-10b_de radewanspach,203490,Radewanspach
207673,207673.pdf,wuestungslisten_kl_M-Z,203492,Radgersdorf
256603,256603.pdf,1408-10b_radgersdorf,203492,Radgersdorf
207673,207673.pdf,wuestungslisten_kl_M-Z,203494,Radichaw
256609,256609.pdf,1409-10b_radichaw,203494,Radichaw
207673,207673.pdf,wuestungslisten_kl_M-Z,203496,St. Radigund auf der Wiltpruk
256614,256614.pdf,1410-10b_st radigund auf der wiltpruk,203496,St. Radigund auf der Wiltpruk
207673,207673.pdf,wuestungslisten_kl_M-Z,203498,Radiegunt
256616,256616.pdf,1411-10b_st radigunt,203498,Radiegunt
207673,207673.pdf,wuestungslisten_kl_M-Z,203500,Raduwanes
256641,256641.pdf,1412-10b_raduwanes,203500,Raduwanes
207673,207673.pdf,wuestungslisten_kl_M-Z,203502,Radwin
256642,256642.pdf,1413-10b_radwin,203502,Radwin
207673,207673.pdf,wuestungslisten_kl_M-Z,203504,Raegenfester
256647,256647.pdf,1414-10b_raegenfester,203504,Raegenfester
212628,212628.png,1414-10b_Raegenfester,203504,Raegenfester
207673,207673.pdf,wuestungslisten_kl_M-Z,203506,Raekh
256650,256650.pdf,1415-10b_raekh,203506,Raekh
207673,207673.pdf,wuestungslisten_kl_M-Z,203508,Raeuschelsperg
256652,256652.pdf,1416-10b_raeuschelsperg,203508,Raeuschelsperg
207673,207673.pdf,wuestungslisten_kl_M-Z,203510,Raffoldsdorf
229934,229934.glb,1417-10b_Raffoldsdorf,203510,Raffoldsdorf
212632,212632.png,1417-10b_Raffoldsdorf_skz_01,203510,Raffoldsdorf
212631,212631.png,1417-10b_Raffoldsdorf,203510,Raffoldsdorf
256661,256661.pdf,1417-10b_raffoldsdorf_geschwärzt,203510,Raffoldsdorf
207673,207673.pdf,wuestungslisten_kl_M-Z,203512,Raffolteswerde
256671,256671.pdf,1418-10b_raffolteswerde,203512,Raffolteswerde
207673,207673.pdf,wuestungslisten_kl_M-Z,203514,Rafölz
256675,256675.pdf,1419-10b_rafoelz,203514,Rafölz
229615,229615.glb,1419-10b_Rafölz,203514,Rafölz
212634,212634.png,1419-10b_Rafölz,203514,Rafölz
256678,256678.pdf,1419-20b_rager,203516,Rager*
212635,212635.png,1419-20b_Rager,203516,Rager*
207673,207673.pdf,wuestungslisten_kl_M-Z,203518,Rahewinescrinne
256681,256681.pdf,1420-10b_rahewinescrinne,203518,Rahewinescrinne
207673,207673.pdf,wuestungslisten_kl_M-Z,203520,Raifek
256994,256994.pdf,1421-10b_raifek,203520,Raifek
207673,207673.pdf,wuestungslisten_kl_M-Z,203522,Rainotsperg
257021,257021.pdf,1422-10b_rainotsperg,203522,Rainotsperg
207673,207673.pdf,wuestungslisten_kl_M-Z,203524,Raitenpach
257023,257023.pdf,1423-10b_raitenpach,203524,Raitenpach
207673,207673.pdf,wuestungslisten_kl_M-Z,203526,Raizinsperg
257025,257025.pdf,1424-10b_raizinsperg,203526,Raizinsperg
207673,207673.pdf,wuestungslisten_kl_M-Z,203528,Rakenhof bei der Tey
257027,257027.pdf,1425-10b_rakenhof bei der tey,203528,Rakenhof bei der Tey
207673,207673.pdf,wuestungslisten_kl_M-Z,203531,Rakkenhof
257033,257033.pdf,1426-10b_rakkenhof reckenhof,203531,Rakkenhof
207673,207673.pdf,wuestungslisten_kl_M-Z,203533,Rakkintal
257066,257066.pdf,1427-10b_rakkintal,203533,Rakkintal
207673,207673.pdf,wuestungslisten_kl_M-Z,203536,Ramanstorf
257069,257069.pdf,1428-10b_ramanstorf,203536,Ramanstorf
207673,207673.pdf,wuestungslisten_kl_M-Z,203538,Unter Ramey
257073,257073.pdf,1429-10b_unter ramey,203538,Unter Ramey
207673,207673.pdf,wuestungslisten_kl_M-Z,203540,Ober Ramsaw
257078,257078.pdf,1430-10b_ober ramsaw,203540,Ober Ramsaw
207673,207673.pdf,wuestungslisten_kl_M-Z,203542,Ramsperch
257098,257098.pdf,1431-10b_ramsperch,203542,Ramsperch
207673,207673.pdf,wuestungslisten_kl_M-Z,203546,Ranningstain an der Chrems
276772,276772.pdf,1432-10b_ranningstain,203546,Ranningstain an der Chrems
207673,207673.pdf,wuestungslisten_kl_M-Z,203548,Rapolten
276773,276773.pdf,1433-10b_rapolten,203548,Rapolten
207673,207673.pdf,wuestungslisten_kl_M-Z,203550,Rapoltsperge bei Geswent
276774,276774.pdf,1434-10b_rapoltsperge bei geswent,203550,Rapoltsperge bei Geswent
207673,207673.pdf,wuestungslisten_kl_M-Z,203552,Rapotenslag
276776,276776.pdf,1435-10b_rapotenslag,203552,Rapotenslag
207673,207673.pdf,wuestungslisten_kl_M-Z,203554,Rarpach
276779,276779.pdf,1436-10b_rarpach,203554,Rarpach
276782,276782.pdf,1436-20b_raschala ost_geschwärzt,203556,Raschala Ost*
212638,212638.png,1436-20b_Raschala_Ost,203556,Raschala Ost*
212645,212645.png,1436-20b_Raschala Ost_skz_02,203556,Raschala Ost*
207673,207673.pdf,wuestungslisten_kl_M-Z,203558,Raslabstorf
276783,276783.pdf,1437-10b_raslabstorf,203558,Raslabstorf
207673,207673.pdf,wuestungslisten_kl_M-Z,203560,Ratesdorf
276785,276785.pdf,1438-10b_ratestorf,203560,Ratesdorf
207673,207673.pdf,wuestungslisten_kl_M-Z,203562,Ratmanns
276787,276787.pdf,1439-10b_ratmanns,203562,Ratmanns
229616,229616.glb,1439-10b_Ratmanns,203562,Ratmanns
212651,212651.png,1439-10b_Ratmanns,203562,Ratmanns
207673,207673.pdf,wuestungslisten_kl_M-Z,203564,Rauchenleyten
276790,276790.pdf,1440-10b-rauhenleiten,203564,Rauchenleyten
207673,207673.pdf,wuestungslisten_kl_M-Z,203566,Raydlhoff
276792,276792.pdf,1441-10b_raydlhoff,203566,Raydlhoff
207673,207673.pdf,wuestungslisten_kl_M-Z,203568,Raykendorf
276794,276794.pdf,1442-10b_raykendorf,203568,Raykendorf
207673,207673.pdf,wuestungslisten_kl_M-Z,203570,Razenperge
276796,276796.pdf,1443-10b_razenperge,203570,Razenperge
207673,207673.pdf,wuestungslisten_kl_M-Z,203572,Razzen
206098,206098.pdf,"Margl, Wüstungen begangen von",203572,Razzen
276797,276797.pdf,1444-10b_razzen_geschwärzt,203572,Razzen
215463,215463.pdf,Aufstellung Leistungen der Außenmitarbeiter (Stand 19.4.1975),203572,Razzen
207673,207673.pdf,wuestungslisten_kl_M-Z,203574,Razzendorf
276798,276798.pdf,1445-10b_razzendorf,203574,Razzendorf
207673,207673.pdf,wuestungslisten_kl_M-Z,203576,Reager
276800,276800.pdf,1446-10b_reager,203576,Reager
207673,207673.pdf,wuestungslisten_kl_M-Z,203578,Rechlinsdorf
276801,276801.pdf,1447-10b_rechlinsdorf,203578,Rechlinsdorf
207673,207673.pdf,wuestungslisten_kl_M-Z,203580,Rehwange
276805,276805.pdf,1448-10b_rehwange,203580,Rehwange
207673,207673.pdf,wuestungslisten_kl_M-Z,203582,Redeleins iuxta Neitzen
207543,207543.png,1449-10b_Redeleins,203582,Redeleins iuxta Neitzen
276806,276806.pdf,1449-10b_redeleins,203582,Redeleins iuxta Neitzen
221009,221009.glb,0198-10b_Chlepach_Redeleins,203582,Redeleins iuxta Neitzen
207673,207673.pdf,wuestungslisten_kl_M-Z,203585,Regelesdorf
276813,276813.pdf,1450-10b_regelesdorf,203585,Regelesdorf
207673,207673.pdf,wuestungslisten_kl_M-Z,203587,Regelsdorf
276816,276816.pdf,1451-10b_regelsdorf,203587,Regelsdorf
207673,207673.pdf,wuestungslisten_kl_M-Z,203589,Regenoldesperg
276823,276823.pdf,1452-10b_regenoldsperg,203589,Regenoldesperg
207673,207673.pdf,wuestungslisten_kl_M-Z,203591,Regersee
276832,276832.pdf,1453-10b_regersee,203591,Regersee
207673,207673.pdf,wuestungslisten_kl_M-Z,203593,Reginoltspach
276838,276838.pdf,1454-10b_reginaltspach,203593,Reginoltspach
207673,207673.pdf,wuestungslisten_kl_M-Z,203595,Rehwins
276842,276842.pdf,1455-10b_rehwins,203595,Rehwins
207673,207673.pdf,wuestungslisten_kl_M-Z,203597,Reich
206378,206378.pdf,19770421_Eminger_an_Antl,203597,Reich
206376,206376.pdf,19770207_Eminger_an_Antl,203597,Reich
232701,232701.pdf,Notitzen EEminger 2,203597,Reich
227963,227963.pdf,19730526_Eminger_an_Eibner_geschwärzt,203597,Reich
233609,233609.pdf,19701208_Protokoll Exkursion,203597,Reich
232705,232705.pdf,19730604_Eibner_an_Eminger_geschwärzt,203597,Reich
232704,232704.pdf,19770202_Antl_an_Eminger_geschwärzt,203597,Reich
276846,276846.pdf,1456-10b_reich_geschwärzt,203597,Reich
212750,212750.png,1456-10b_Reich_skz_02,203597,Reich
212749,212749.png,1456-10b_Reich_skz_01,203597,Reich
207673,207673.pdf,wuestungslisten_kl_M-Z,203599,Reichartz
277248,277248.pdf,1457-10b_reichartz,203599,Reichartz
207673,207673.pdf,wuestungslisten_kl_M-Z,203601,castrum Reichenperch
277256,277256.pdf,1458-10b_reichenperch castrum,203601,castrum Reichenperch
207673,207673.pdf,wuestungslisten_kl_M-Z,203603,Reichensulz
277331,277331.pdf,1459-10b_reichensulz,203603,Reichensulz
207673,207673.pdf,wuestungslisten_kl_M-Z,203605,Reichental
206084,206084.pdf,"Eminger, Wüstungen begangen von",203605,Reichental
277339,277339.pdf,1460-10b_reichental_geschwärzt,203605,Reichental
212833,212833.png,1460-10b_Reichental_skz_02,203605,Reichental
212832,212832.png,1460-10b_Reichental_kap_02,203605,Reichental
212831,212831.png,1460-10b_Reichental_kap_01,203605,Reichental
207673,207673.pdf,wuestungslisten_kl_M-Z,203607,Reicholfs
277709,277709.pdf,1461-10b_reicholfs,203607,Reicholfs
207673,207673.pdf,wuestungslisten_kl_M-Z,203609,Reicholfssteter
277902,277902.pdf,1462-10b_reicholfsteter,203609,Reicholfssteter
207673,207673.pdf,wuestungslisten_kl_M-Z,203611,Reikhenreuth
277906,277906.pdf,1463-10b_reikhenreuth,203611,Reikhenreuth
229617,229617.glb,1463-10b_Reikhenreuth,203611,Reikhenreuth
212838,212838.png,1463-10b_Reikhenreuth,203611,Reikhenreuth
207673,207673.pdf,wuestungslisten_kl_M-Z,203613,Rein unterhalb Meidling
277908,277908.pdf,1464-10b_rein in der,203613,Rein unterhalb Meidling
207673,207673.pdf,wuestungslisten_kl_M-Z,203615,Reindorf
277914,277914.pdf,1465-10b_reindorf,203615,Reindorf
207673,207673.pdf,wuestungslisten_kl_M-Z,203617,Reinegg
277916,277916.pdf,1466-10b_reinegg,203617,Reinegg
207673,207673.pdf,wuestungslisten_kl_M-Z,203619,Reinolz
277918,277918.pdf,1467-10b_reinolz,203619,Reinolz
229618,229618.glb,1467-10b_Reinolz,203619,Reinolz
212922,212922.png,1467-10b_Reinolz,203619,Reinolz
207673,207673.pdf,wuestungslisten_kl_M-Z,203621,Reinprechts
277921,277921.pdf,1468-10b_reinprechts,203621,Reinprechts
207673,207673.pdf,wuestungslisten_kl_M-Z,203623,Reinprechtsprukk
277928,277928.pdf,1469-10b_reinpreczbruck,203623,Reinprechtsprukk
207673,207673.pdf,wuestungslisten_kl_M-Z,203625,Reinpreczt
277930,277930.pdf,1470-10b_reinpreczt_geschwärzt,203625,Reinpreczt
229619,229619.glb,1470-10b_Reinpreczt,203625,Reinpreczt
212923,212923.png,1470-10b_Reinpreczt,203625,Reinpreczt
207673,207673.pdf,wuestungslisten_kl_M-Z,203627,Reintal
277951,277951.pdf,1471-10b_reintal_geschwaerzt,203627,Reintal
212925,212925.png,1471-10b_Reintal_skz_02,203627,Reintal
212924,212924.png,1471-10b_Reinthal,203627,Reintal
229935,229935.glb,1471-20b_Reisberg,203629,Reisberg*
277952,277952.pdf,1471-20b_reisberg_geschwaerzt,203629,Reisberg*
212927,212927.png,1471-20b_Reisberg,203629,Reisberg*
277955,277955.pdf,1471-30b_reintal,203631,Reintal
207673,207673.pdf,wuestungslisten_kl_M-Z,203633,Reissach
277956,277956.pdf,1472-10b_reissach,203633,Reissach
229620,229620.glb,1472-20b_Reitfeld,203635,Reitfeld*
277958,277958.pdf,1472-20b_reitfeld*,203635,Reitfeld*
212928,212928.png,1472-20b_Reitfeld,203635,Reitfeld*
207673,207673.pdf,wuestungslisten_kl_M-Z,203637,Reitlpach
277963,277963.pdf,1473-10b_reitlpach,203637,Reitlpach
207673,207673.pdf,wuestungslisten_kl_M-Z,203639,Reitzenstain
277964,277964.pdf,1474-10b_reitzenstain,203639,Reitzenstain
207673,207673.pdf,wuestungslisten_kl_M-Z,203641,Rekkinger
277974,277974.pdf,1475-10b_rekkinger,203641,Rekkinger
207673,207673.pdf,wuestungslisten_kl_M-Z,203643,Reksenpach
277976,277976.pdf,1476-10b_reksenpach,203643,Reksenpach
207673,207673.pdf,wuestungslisten_kl_M-Z,203645,Remnig
277982,277982.pdf,1477-10b_remnig,203645,Remnig
207673,207673.pdf,wuestungslisten_kl_M-Z,203647,Renprunn
277987,277987.pdf,1478-10b_renprunn,203647,Renprunn
207673,207673.pdf,wuestungslisten_kl_M-Z,203649,Retelperg
277988,277988.pdf,1479-10b_retelperg,203649,Retelperg
207673,207673.pdf,wuestungslisten_kl_M-Z,203651,Retter
277999,277999.pdf,1480-10b_retter,203651,Retter
207673,207673.pdf,wuestungslisten_kl_M-Z,203653,Reut
278000,278000.pdf,1481-10b_reut,203653,Reut
207673,207673.pdf,wuestungslisten_kl_M-Z,203655,Reut
278002,278002.pdf,1482-10b_reut,203655,Reut
207673,207673.pdf,wuestungslisten_kl_M-Z,203657,Reuten
278004,278004.pdf,1483-10b_reuten,203657,Reuten
207673,207673.pdf,wuestungslisten_kl_M-Z,203659,Reutschlag
278005,278005.pdf,1484-10b_reutenschlag,203659,Reutschlag
207673,207673.pdf,wuestungslisten_kl_M-Z,203661,Revt
278008,278008.pdf,1485-10b_revt,203661,Revt
207673,207673.pdf,wuestungslisten_kl_M-Z,203663,Rewt
278009,278009.pdf,1486-10b_rewt,203663,Rewt
207673,207673.pdf,wuestungslisten_kl_M-Z,203665,Reichweins
278014,278014.pdf,1487-10b_reybeins,203665,Reichweins
207673,207673.pdf,wuestungslisten_kl_M-Z,203668,Reybeins
229621,229621.glb,1488-10b_Reybeins,203668,Reybeins
278015,278015.pdf,1488-10b_reybeins,203668,Reybeins
212931,212931.png,1488-10b_Reybeins_skz_01,203668,Reybeins
207673,207673.pdf,wuestungslisten_kl_M-Z,203671,Reychenstayn
278018,278018.pdf,1489-10b_reychenstayn,203671,Reychenstayn
207673,207673.pdf,wuestungslisten_kl_M-Z,203673,Reytt
278021,278021.pdf,1490-10b_reytt,203673,Reytt
207673,207673.pdf,wuestungslisten_kl_M-Z,203675,Rezilinestal
278027,278027.pdf,1491-10b_rezlinestal,203675,Rezilinestal
207673,207673.pdf,wuestungslisten_kl_M-Z,203677,Rhein
278029,278029.pdf,1492-10b_rhein,203677,Rhein
207673,207673.pdf,wuestungslisten_kl_M-Z,203679,Richeneichen
278032,278032.pdf,1493-10b_richeneichen,203679,Richeneichen
207673,207673.pdf,wuestungslisten_kl_M-Z,203681,Richenstein
278033,278033.pdf,1494-10b_richenstein,203681,Richenstein
207673,207673.pdf,wuestungslisten_kl_M-Z,203683,Richolvesperge
278052,278052.pdf,1495-10b_richolvesperge,203683,Richolvesperge
207673,207673.pdf,wuestungslisten_kl_M-Z,203685,Richuini
278058,278058.pdf,1496-10b_richuini_geschwaerzt,203685,Richuini
207673,207673.pdf,wuestungslisten_kl_M-Z,203687,Rietenburch
278066,278066.pdf,1497-10b_rietenburch_geschwaerzt,203687,Rietenburch
207673,207673.pdf,wuestungslisten_kl_M-Z,203689,Ritental
278070,278070.pdf,1498-10b_rietental,203689,Ritental
207673,207673.pdf,wuestungslisten_kl_M-Z,203691,Rigilspach
278071,278071.pdf,1499-10b_rigilspach,203691,Rigilspach
207673,207673.pdf,wuestungslisten_kl_M-Z,203693,Rihwinsdorf
278082,278082.pdf,1500-10b_rihwinstorf_geschwaerzt,203693,Rihwinsdorf
215463,215463.pdf,Aufstellung Leistungen der Außenmitarbeiter (Stand 19.4.1975),203693,Rihwinsdorf
212939,212939.png,1500-10b_Rihwinstorf_skz_01,203693,Rihwinsdorf
207673,207673.pdf,wuestungslisten_kl_M-Z,203695,Ringelperch
278083,278083.pdf,1501-10b_ringelberch,203695,Ringelperch
207673,207673.pdf,wuestungslisten_kl_M-Z,203697,Ringelinisse
278092,278092.pdf,1502-10b_ringelinisse,203697,Ringelinisse
207673,207673.pdf,wuestungslisten_kl_M-Z,203699,Ringleinstal
278093,278093.pdf,1503-10b_ringleinstal,203699,Ringleinstal
207672,207672.pdf,wuestungslisten_kl_A-L,203701,Rinn
207673,207673.pdf,wuestungslisten_kl_M-Z,203701,Rinn
278096,278096.pdf,1504-10b_rinn,203701,Rinn
207673,207673.pdf,wuestungslisten_kl_M-Z,203703,Ritenslage
278098,278098.pdf,1505-10b_ritenslage,203703,Ritenslage
207673,207673.pdf,wuestungslisten_kl_M-Z,203705,Ritindorf
278107,278107.pdf,1506-10b_ritindorf_geschwaerzt,203705,Ritindorf
207673,207673.pdf,wuestungslisten_kl_M-Z,203707,Ritzelingen
278110,278110.pdf,1507-10b_ritzelingen,203707,Ritzelingen
207673,207673.pdf,wuestungslisten_kl_M-Z,203709,Ritzmanns
278135,278135.pdf,1508-10b_ritzmanns,203709,Ritzmanns
207673,207673.pdf,wuestungslisten_kl_M-Z,203711,Rizendorf
206360,206360.pdf,19750227_Eminger_an_AMA_willradi und norcindorf,203711,Rizendorf
206084,206084.pdf,"Eminger, Wüstungen begangen von",203711,Rizendorf
219619,219619.pdf,19760327_Einladung zu Exkursion,203711,Rizendorf
219617,219617.pdf,19760327_Planung Exkursion,203711,Rizendorf
232703,232703.pdf,19850924_Eminger_an_AMA_geschwärzt,203711,Rizendorf
226819,226819.pdf,19851204_Bors_an_Eminger_geschwärzt,203711,Rizendorf
219616,219616.pdf,19760327_Protokoll Exkursion,203711,Rizendorf
207673,207673.pdf,wuestungslisten_kl_M-Z,203713,Rodoltingen
207673,207673.pdf,wuestungslisten_kl_M-Z,203715,Rodreis
278750,278750.pdf,1511-10b_rodreis,203715,Rodreis
207673,207673.pdf,wuestungslisten_kl_M-Z,203717,Rogacz
278824,278824.pdf,1512-10b_in silva rogacz_geschwaerzt,203717,Rogacz
207673,207673.pdf,wuestungslisten_kl_M-Z,203721,Rohrnstain
278827,278827.pdf,1513-10b_rohrnstain,203721,Rohrnstain
208903,208903.pdf,19741026_Protokoll Exkursion,203723,Roking
207673,207673.pdf,wuestungslisten_kl_M-Z,203723,Roking
207603,207603.pdf,Schutzbier_Wüstungen begangen_geschwärzt,203723,Roking
278839,278839.pdf,1514-10b_rokchingaer_geschwaerzt,203723,Roking
234369,234369.pdf,19730213_Schutzbier_an_Eibner_geschwärzt,203723,Roking
234366,234366.pdf,19720512_AMA_an_Schutzbier_geschwärzt,203723,Roking
234365,234365.pdf,19720509_AMA_an_Schutzbier_geschwärzt,203723,Roking
215463,215463.pdf,Aufstellung Leistungen der Außenmitarbeiter (Stand 19.4.1975),203723,Roking
234364,234364.pdf,19720508_Schutzbier_an_Felgenhauer_geschwärzt,203723,Roking
215025,215025.pdf,19741026_Planung Exkursion,203723,Roking
212977,212977.png,1514-10b_Rokchingaer_skz_01,203723,Roking
207673,207673.pdf,wuestungslisten_kl_M-Z,203725,Romenie
278949,278949.pdf,1515-10b_romenie,203725,Romenie
207673,207673.pdf,wuestungslisten_kl_M-Z,203727,Ronah
278951,278951.pdf,1516-10b_ronah,203727,Ronah
207673,207673.pdf,wuestungslisten_kl_M-Z,203729,Ronigin
278953,278953.pdf,1517-10b_ronigin,203729,Ronigin
207673,207673.pdf,wuestungslisten_kl_M-Z,203731,Ronnenberc
278964,278964.pdf,1518-10b_ronnenberc,203731,Ronnenberc
207673,207673.pdf,wuestungslisten_kl_M-Z,203733,Roostorf
278972,278972.pdf,1519-10b_roostorf,203733,Roostorf
234460,234460.pdf,19770217_Antl_an_Eminger_geschwärzt,203733,Roostorf
207673,207673.pdf,wuestungslisten_kl_M-Z,203735,Ror
283378,283378.pdf,1520-10b_ror,203735,Ror
207673,207673.pdf,wuestungslisten_kl_M-Z,203737,Rorbach
283383,283383.pdf,1522-10b_rorbach,203737,Rorbach
207673,207673.pdf,wuestungslisten_kl_M-Z,203739,Rorigenwisin
283390,283390.pdf,1523-10b_rorigenwisen,203739,Rorigenwisin
207673,207673.pdf,wuestungslisten_kl_M-Z,203741,Rosenbühel
283393,283393.pdf,1524-10b_rosenbuehel,203741,Rosenbühel
207673,207673.pdf,wuestungslisten_kl_M-Z,203743,Rosental
363542,363542.pdf,1525-10b_rosental,203743,Rosental
363543,363543.pdf,1525-20b_rosenthal_geschwärzt,203745,Rosenthal*
212983,212983.png,1525-20b_Rosenthal_skz_02,203745,Rosenthal*
212982,212982.png,1525-20b_Rosenthal_skz_01,203745,Rosenthal*
207673,207673.pdf,wuestungslisten_kl_M-Z,203747,Rosperg in Geroltinger pfarr
363544,363544.pdf,1526-10b_hof zu rosperg in geroltinger pfarr,203747,Rosperg in Geroltinger pfarr
207673,207673.pdf,wuestungslisten_kl_M-Z,203749,Rossespach
363545,363545.pdf,1527-10b_rossespach,203749,Rossespach
207673,207673.pdf,wuestungslisten_kl_M-Z,203751,Rotelenstaine
363556,363556.pdf,1528-10b_rotelensteine_geschwärzt,203751,Rotelenstaine
207807,207807.pdf,19750313_Besprechungsprotokoll_Zelesnik_Strohschneider,203753,Rotenlaymen
207807,207807.pdf,19750313_Besprechungsprotokoll_Zelesnik_Strohschneider,203753,Rotenlaymen
207807,207807.pdf,19750313_Besprechungsprotokoll_Zelesnik_Strohschneider,203753,Rotenlaymen
207680,207680.pdf,Zelesnik_Wüstungen begangen_geschwärzt,203753,Rotenlaymen
207673,207673.pdf,wuestungslisten_kl_M-Z,203753,Rotenlaymen
233611,233611.pdf,19751212_Keramikdatierung,203753,Rotenlaymen
363560,363560.pdf,1529-10b_rotenlaymen_geschwärzt,203753,Rotenlaymen
215463,215463.pdf,Aufstellung Leistungen der Außenmitarbeiter (Stand 19.4.1975),203753,Rotenlaymen
215028,215028.pdf,19751025_Einladung zu Exkursion,203753,Rotenlaymen
215027,215027.pdf,19751025_Planung und Protokoll Exkursion,203753,Rotenlaymen
213071,213071.png,1529-10b_Rotenlaymen_skz_01,203753,Rotenlaymen
207673,207673.pdf,wuestungslisten_kl_M-Z,203755,Rotenstain
363601,363601.pdf,1531-10b_rotenstain,203755,Rotenstain
207673,207673.pdf,wuestungslisten_kl_M-Z,203757,Rotnhof
363608,363608.pdf,1532-10b_rotnhof,203757,Rotnhof
213080,213080.png,1532-10b_Rotnhof,203757,Rotnhof
207673,207673.pdf,wuestungslisten_kl_M-Z,203759,Roucinesdorf
207612,207612.pdf,19770501_Schutzbier_an_Strohschneider,203759,Roucinesdorf
207603,207603.pdf,Schutzbier_Wüstungen begangen_geschwärzt,203759,Roucinesdorf
234372,234372.pdf,19740425_AMA_an_Schutzbier_geschwärzt,203759,Roucinesdorf
363630,363630.pdf,1533-10b_roucinesdorf_geschwärzt,203759,Roucinesdorf
207673,207673.pdf,wuestungslisten_kl_M-Z,203761,Rupertzdorf
364154,364154.pdf,1534-10b_rubertzhof,203761,Rupertzdorf
229942,229942.glb,1534-10b_Rubertzdorf,203761,Rupertzdorf
213082,213082.png,1534-10b_Rubertzdorf,203761,Rupertzdorf
206375,206375.png,0149-20b_Bruck_Ruchendorf_skz_01,203763,Ruchendorf
364158,364158.pdf,1534-20b_ruchendorf,203763,Ruchendorf
234343,234343.pdf,Überblick Langes Tal,203763,Ruchendorf
211642,211642.png,1534-20b_Ruchendorf_Bruck,203763,Ruchendorf
220980,220980.glb,0149-20b_Bruck_Ruchendorf,203763,Ruchendorf
207673,207673.pdf,wuestungslisten_kl_M-Z,203765,Rückers
364162,364162.pdf,1535-10b_rueckers,203765,Rückers
207673,207673.pdf,wuestungslisten_kl_M-Z,203767,Rudingishof
364164,364164.pdf,1536-10b_rudingisdorf,203767,Rudingishof
207673,207673.pdf,wuestungslisten_kl_M-Z,203769,Rudolffhofer
364175,364175.pdf,1537-10b_rudolffhofer,203769,Rudolffhofer
207673,207673.pdf,wuestungslisten_kl_M-Z,203771,Rudolfshofstetten
364176,364176.pdf,1538-10b_rudolfshofstetten,203771,Rudolfshofstetten
207673,207673.pdf,wuestungslisten_kl_M-Z,203773,Rudweins
364179,364179.pdf,1539-10b_rudweins,203773,Rudweins
213217,213217.png,1539-10b_Rudweins,203773,Rudweins
207673,207673.pdf,wuestungslisten_kl_M-Z,203775,Ruedings
364183,364183.pdf,1540-10b_ruedings_geschwärzt,203775,Ruedings
207673,207673.pdf,wuestungslisten_kl_M-Z,203777,Ruedmarsdorf
364184,364184.pdf,1541-10b_ruedmarsdorf,203777,Ruedmarsdorf
207673,207673.pdf,wuestungslisten_kl_M-Z,203779,Ruegers
364187,364187.pdf,1542-10b_ruegers,203779,Ruegers
207673,207673.pdf,wuestungslisten_kl_M-Z,203781,Ruegers
237110,237110.pdf,1543-10b_ruegers,203781,Ruegers
207673,207673.pdf,wuestungslisten_kl_M-Z,203783,Ruekkers
364381,364381.pdf,1544-10b_ruekkers auf dem ruegers_geschwärzt,203783,Ruekkers
213232,213232.png,1544-10b_Ruekkers,203783,Ruekkers
207673,207673.pdf,wuestungslisten_kl_M-Z,203785,Rueppleins
207673,207673.pdf,wuestungslisten_kl_M-Z,203789,Rueprechtszdorff
364840,364840.pdf,1546-10b_rueprechtszdorff,203789,Rueprechtszdorff
207673,207673.pdf,wuestungslisten_kl_M-Z,203791,Ruetzenmayrhof
364845,364845.pdf,1547-10b_ruetzenmayrhof,203791,Ruetzenmayrhof
207673,207673.pdf,wuestungslisten_kl_M-Z,203793,Runczolf
364847,364847.pdf,1548-10b_runczolf,203793,Runczolf
207673,207673.pdf,wuestungslisten_kl_M-Z,203799,Rupoldestorff
364858,364858.pdf,1549-10b_rupoldestorff,203799,Rupoldestorff
207673,207673.pdf,wuestungslisten_kl_M-Z,203801,Ruppleins
364860,364860.pdf,1550-10b_ruppleins,203801,Ruppleins
207673,207673.pdf,wuestungslisten_kl_M-Z,203803,Klein Ruprechts
365432,365432.pdf,1551-10b_ruprechts klein_geschwärzt,203803,Klein Ruprechts
207673,207673.pdf,wuestungslisten_kl_M-Z,203805,Russe
365438,365438.pdf,1552-10b_russe,203805,Russe
207673,207673.pdf,wuestungslisten_kl_M-Z,203807,Rust
365470,365470.pdf,1553-10b_rust_geschwärzt,203807,Rust
234461,234461.pdf,19780821_Eminger_an_Antl_geschwärzt,203807,Rust
207673,207673.pdf,wuestungslisten_kl_M-Z,203809,Rust
365473,365473.pdf,1554-10b_rust,203809,Rust
207673,207673.pdf,wuestungslisten_kl_M-Z,203811,Rustendorf
366040,366040.pdf,1555-10b_rustendorf,203811,Rustendorf
207673,207673.pdf,wuestungslisten_kl_M-Z,203813,Klain Rustpach
366041,366041.pdf,1556-10b_rustpach klain,203813,Klain Rustpach
207673,207673.pdf,wuestungslisten_kl_M-Z,203815,Rute
366052,366052.pdf,1557-10b_rute,203815,Rute
207673,207673.pdf,wuestungslisten_kl_M-Z,203817,Rutenperge
366053,366053.pdf,1558-10b_rutenperge,203817,Rutenperge
207673,207673.pdf,wuestungslisten_kl_M-Z,203819,Rutharen
207673,207673.pdf,wuestungslisten_kl_M-Z,203821,Rutmunndesowe
207673,207673.pdf,wuestungslisten_kl_M-Z,203823,Ruzaramarcha
207673,207673.pdf,wuestungslisten_kl_M-Z,203825,Ruzendorf
207673,207673.pdf,wuestungslisten_kl_M-Z,203827,Ruzenhof
366057,366057.pdf,1563-10b_ruzenhof,203827,Ruzenhof
207673,207673.pdf,wuestungslisten_kl_M-Z,203829,Saichpatz
366055,366055.pdf,1564-10b_saichpatz,203829,Saichpatz
207673,207673.pdf,wuestungslisten_kl_M-Z,203831,Saikenwerde
369749,369749.pdf,1565-10b_saikenwerde,203831,Saikenwerde
207673,207673.pdf,wuestungslisten_kl_M-Z,203833,Salarn
370191,370191.pdf,1566-10b_salarn,203833,Salarn
207673,207673.pdf,wuestungslisten_kl_M-Z,203835,Salhendorf
370194,370194.pdf,1567-10b_salhendorf,203835,Salhendorf
207673,207673.pdf,wuestungslisten_kl_M-Z,203837,Salmich
370195,370195.pdf,1568-10b_salmich,203837,Salmich
370197,370197.pdf,1568-20b_salzerlackenhof,203839,Salzerlackenhof*
211909,211909.png,1165-20b_Oberstorff,203839,Salzerlackenhof*
213248,213248.png,1568-20b_Salzerlackenhof,203839,Salzerlackenhof*
207673,207673.pdf,wuestungslisten_kl_M-Z,203841,Samberg
370198,370198.pdf,1569-10b_samberg,203841,Samberg
207673,207673.pdf,wuestungslisten_kl_M-Z,203843,Sanicou
207673,207673.pdf,wuestungslisten_kl_M-Z,203845,Santdorf
207673,207673.pdf,wuestungslisten_kl_M-Z,203847,Sappors
207673,207673.pdf,wuestungslisten_kl_M-Z,203849,Satlarn
207673,207673.pdf,wuestungslisten_kl_M-Z,203851,Saurau bei Reichenau
207673,207673.pdf,wuestungslisten_kl_M-Z,203853,Sautrench
207673,207673.pdf,wuestungslisten_kl_M-Z,203855,Sawrlings
229622,229622.glb,1576-10b_Sawrlings,203855,Sawrlings
213249,213249.png,1576-10b_Sawrlings,203855,Sawrlings
207673,207673.pdf,wuestungslisten_kl_M-Z,203857,Sawttarn
207673,207673.pdf,wuestungslisten_kl_M-Z,203859,Saze
207673,207673.pdf,wuestungslisten_kl_M-Z,203861,Saze
207673,207673.pdf,wuestungslisten_kl_M-Z,203863,Sazz
207673,207673.pdf,wuestungslisten_kl_M-Z,203865,Scahesperch
207673,207673.pdf,wuestungslisten_kl_M-Z,203867,Scazhoran
207673,207673.pdf,wuestungslisten_kl_M-Z,203869,Scelebaes
207673,207673.pdf,wuestungslisten_kl_M-Z,203871,Schachen
207673,207673.pdf,wuestungslisten_kl_M-Z,203875,Scharfenegkh
207673,207673.pdf,wuestungslisten_kl_M-Z,203881,Scharwarn
280029,280029.glb,1586-10b_Scharwarn,203881,Scharwarn
234343,234343.pdf,Überblick Langes Tal,203881,Scharwarn
213264,213264.jpg,1586-10b_Scharwarn-skz_05,203881,Scharwarn
213263,213263.png,1586-10b_Scharwarn-skz_04,203881,Scharwarn
213262,213262.png,1586-10b_Scharwarn,203881,Scharwarn
207673,207673.pdf,wuestungslisten_kl_M-Z,203891,Scheffstrazz
234343,234343.pdf,Überblick Langes Tal,203893,Scheibenbreiten*
213266,213266.png,1588-20b_Scheibenbreiten,203893,Scheibenbreiten*
229623,229623.glb,1588-40b_Scheibenfeld,203897,Scheibenfeld*
213267,213267.png,1588-40b_Scheibenfeld,203897,Scheibenfeld*
207673,207673.pdf,wuestungslisten_kl_M-Z,203899,Scheichenreut
207673,207673.pdf,wuestungslisten_kl_M-Z,203903,Schelungs
207673,207673.pdf,wuestungslisten_kl_M-Z,203905,Schemnitz
207673,207673.pdf,wuestungslisten_kl_M-Z,203907,Schengram
234372,234372.pdf,19740425_AMA_an_Schutzbier_geschwärzt,203907,Schengram
207673,207673.pdf,wuestungslisten_kl_M-Z,203909,Schenkenegg
207673,207673.pdf,wuestungslisten_kl_M-Z,203911,Scherkchesen
207673,207673.pdf,wuestungslisten_kl_M-Z,203913,Schicken
207673,207673.pdf,wuestungslisten_kl_M-Z,203915,Schidinge
207673,207673.pdf,wuestungslisten_kl_M-Z,203917,Schiltah
207673,207673.pdf,wuestungslisten_kl_M-Z,203919,Schiltarn pey Viechdorf
229937,229937.glb,1598-20b_Schimlern,203921,Schimlern*
213269,213269.png,1598-20b_Schimlern,203921,Schimlern*
207673,207673.pdf,wuestungslisten_kl_M-Z,203923,Schimpferhof
207673,207673.pdf,wuestungslisten_kl_M-Z,203925,Schisnawitz
229624,229624.glb,1600-20b_Schladein,203927,Schladein*
213270,213270.png,1600-20b_Schladein,203927,Schladein*
207673,207673.pdf,wuestungslisten_kl_M-Z,203939,Schlag
229625,229625.glb,1601-20b_Schmiedstadt,203941,Schmiedstadt*
213409,213409.png,1601-20b_Schmiedstadt,203941,Schmiedstadt*
213411,213411.png,1601-30b_Schmidabach,203943,Schmidabach*
207673,207673.pdf,wuestungslisten_kl_M-Z,203945,Schoenlewten i. Moos
207673,207673.pdf,wuestungslisten_kl_M-Z,203947,Schöff
207673,207673.pdf,wuestungslisten_kl_M-Z,203949,Schonlitten
207807,207807.pdf,19750313_Besprechungsprotokoll_Zelesnik_Strohschneider,203951,Schonstrazze
207807,207807.pdf,19750313_Besprechungsprotokoll_Zelesnik_Strohschneider,203951,Schonstrazze
207807,207807.pdf,19750313_Besprechungsprotokoll_Zelesnik_Strohschneider,203951,Schonstrazze
207680,207680.pdf,Zelesnik_Wüstungen begangen_geschwärzt,203951,Schonstrazze
207673,207673.pdf,wuestungslisten_kl_M-Z,203951,Schonstrazze
233611,233611.pdf,19751212_Keramikdatierung,203951,Schonstrazze
215463,215463.pdf,Aufstellung Leistungen der Außenmitarbeiter (Stand 19.4.1975),203951,Schonstrazze
213420,213420.png,1605-10b_Schonstrazze_skz_01,203951,Schonstrazze
207673,207673.pdf,wuestungslisten_kl_M-Z,203953,Schonveld
207673,207673.pdf,wuestungslisten_kl_M-Z,203955,Schornberch
207673,207673.pdf,wuestungslisten_kl_M-Z,203957,Schotterlee
229626,229626.glb,1608-20b_Schrattental,203959,Schrattental*
213425,213425.png,1608-20b_Schrattental,203959,Schrattental*
229486,229486.pdf,1608-30b_schrabatz nord,203961,Schrabatz Nord*
213427,213427.png,1608-30b_Schrabatz_Nord,203961,Schrabatz Nord*
207673,207673.pdf,wuestungslisten_kl_M-Z,203963,Schrenkinreute
207673,207673.pdf,wuestungslisten_kl_M-Z,203965,Schrucendorf
207673,207673.pdf,wuestungslisten_kl_M-Z,203967,Schulhaizentanne
207673,207673.pdf,wuestungslisten_kl_M-Z,203971,Schwarzenburg
207673,207673.pdf,wuestungslisten_kl_M-Z,203973,Schwarzenstein
207673,207673.pdf,wuestungslisten_kl_M-Z,203975,Sciesdorf
207673,207673.pdf,wuestungslisten_kl_M-Z,203977,Scintlecca
207673,207673.pdf,wuestungslisten_kl_M-Z,203979,Sclarorum
207673,207673.pdf,wuestungslisten_kl_M-Z,203981,Sconibrunno
207673,207673.pdf,wuestungslisten_kl_M-Z,203983,Scratensteine
207673,207673.pdf,wuestungslisten_kl_M-Z,203985,Sebarn
229938,229938.glb,1619-20b_See,203987,See*
234343,234343.pdf,Überblick Langes Tal,203987,See*
213458,213458.png,1619-20b_See,203987,See*
213459,213459.png,1619-30b_Seegraben,203989,Seegraben*
207673,207673.pdf,wuestungslisten_kl_M-Z,203991,Seereit
207673,207673.pdf,wuestungslisten_kl_M-Z,203993,Segnern vor Werdertor
207673,207673.pdf,wuestungslisten_kl_M-Z,203995,Seierndorf
207673,207673.pdf,wuestungslisten_kl_M-Z,203997,Seifritzberg
207673,207673.pdf,wuestungslisten_kl_M-Z,204001,Sela in Herdershofer pfarr
207673,207673.pdf,wuestungslisten_kl_M-Z,204003,Sellas
207673,207673.pdf,wuestungslisten_kl_M-Z,204005,Semftinpach
207673,207673.pdf,wuestungslisten_kl_M-Z,204007,Senghof
213485,213485.png,1627-10b_Senghof,204007,Senghof
207673,207673.pdf,wuestungslisten_kl_M-Z,204009,Sepach
207673,207673.pdf,wuestungslisten_kl_M-Z,204011,Seprun
207673,207673.pdf,wuestungslisten_kl_M-Z,204013,Septem Textores
207673,207673.pdf,wuestungslisten_kl_M-Z,204015,Sewsenburch
207673,207673.pdf,wuestungslisten_kl_M-Z,204017,Seybelstorf
207673,207673.pdf,wuestungslisten_kl_M-Z,204019,Seyfridts
229628,229628.glb,1633-10b_Seyfridts,204019,Seyfridts
213486,213486.png,1633-10b_Seyfridts,204019,Seyfridts
207673,207673.pdf,wuestungslisten_kl_M-Z,204021,Siebenbründl
207673,207673.pdf,wuestungslisten_kl_M-Z,204023,Sibenherren
207673,207673.pdf,wuestungslisten_kl_M-Z,204025,Sibenrichpolds
207673,207673.pdf,wuestungslisten_kl_M-Z,204027,Sicher
207673,207673.pdf,wuestungslisten_kl_M-Z,204029,Siebzehnlehen
207673,207673.pdf,wuestungslisten_kl_M-Z,204031,Siechenalsse
207673,207673.pdf,wuestungslisten_kl_M-Z,204038,Siehdichfür
207673,207673.pdf,wuestungslisten_kl_M-Z,204040,Siernreut
207673,207673.pdf,wuestungslisten_kl_M-Z,204042,Sigding
207673,207673.pdf,wuestungslisten_kl_M-Z,204044,Sigefringen
207673,207673.pdf,wuestungslisten_kl_M-Z,204046,Sigharten
207673,207673.pdf,wuestungslisten_kl_M-Z,204048,Sighartshöfen
207673,207673.pdf,wuestungslisten_kl_M-Z,204050,Sigimaris Weride
207673,207673.pdf,wuestungslisten_kl_M-Z,204052,Sigmaning
207673,207673.pdf,wuestungslisten_kl_M-Z,204054,Sigpech
207673,207673.pdf,wuestungslisten_kl_M-Z,204056,Sigretingen
207673,207673.pdf,wuestungslisten_kl_M-Z,204058,Sihtenberch
207673,207673.pdf,wuestungslisten_kl_M-Z,204060,Sicindorf
207673,207673.pdf,wuestungslisten_kl_M-Z,204062,Sinibelchirchen
207673,207673.pdf,wuestungslisten_kl_M-Z,204064,Sintzenberg
207673,207673.pdf,wuestungslisten_kl_M-Z,204066,Sintzesdorf
207673,207673.pdf,wuestungslisten_kl_M-Z,204068,Siphringen
207673,207673.pdf,wuestungslisten_kl_M-Z,204070,Sierneisdorf
229940,229940.glb,1657-12b_Sierneisdorf,204070,Sierneisdorf
213509,213509.png,1657-12b_Sierneisdorf,204070,Sierneisdorf
207673,207673.pdf,wuestungslisten_kl_M-Z,204072,Sitmars
229629,229629.glb,1658-10b_Sitmars,204072,Sitmars
213527,213527.png,1658-10b_Sitmars,204072,Sitmars
207673,207673.pdf,wuestungslisten_kl_M-Z,204074,Slag
229630,229630.glb,1659-10b_Slag,204074,Slag
213536,213536.png,1659-10b_Slag,204074,Slag
213575,213575.png,1659-20b_Slag_Grevenslag,204076,Slag
207673,207673.pdf,wuestungslisten_kl_M-Z,204078,Slage
207673,207673.pdf,wuestungslisten_kl_M-Z,204080,Slate
207673,207673.pdf,wuestungslisten_kl_M-Z,204082,Slatingenreut
207673,207673.pdf,wuestungslisten_kl_M-Z,204084,Slawespach
207673,207673.pdf,wuestungslisten_kl_M-Z,204086,Slechdorf
207673,207673.pdf,wuestungslisten_kl_M-Z,204088,Slegen
207673,207673.pdf,wuestungslisten_kl_M-Z,204090,Sletzz
207673,207673.pdf,wuestungslisten_kl_M-Z,204092,Sleufenstaine
207673,207673.pdf,wuestungslisten_kl_M-Z,204094,Durren Sleunz
207673,207673.pdf,wuestungslisten_kl_M-Z,204096,Slieerpaech
207673,207673.pdf,wuestungslisten_kl_M-Z,204098,Slifperge
207673,207673.pdf,wuestungslisten_kl_M-Z,204100,Sliuuinicha
207673,207673.pdf,wuestungslisten_kl_M-Z,204102,Sluphingin
207673,207673.pdf,wuestungslisten_kl_M-Z,204104,Smolmekke
207673,207673.pdf,wuestungslisten_kl_M-Z,204106,Snephenstein
207673,207673.pdf,wuestungslisten_kl_M-Z,204108,Snozindorf
207673,207673.pdf,wuestungslisten_kl_M-Z,204111,Sollers
207673,207673.pdf,wuestungslisten_kl_M-Z,204115,Sommerau
207673,207673.pdf,wuestungslisten_kl_M-Z,204117,Sotnstain
207673,207673.pdf,wuestungslisten_kl_M-Z,204119,Spaettenberg
207673,207673.pdf,wuestungslisten_kl_M-Z,204121,Sparberpach
207673,207673.pdf,wuestungslisten_kl_M-Z,204123,Spariwaresekke
207673,207673.pdf,wuestungslisten_kl_M-Z,204125,Spem
207673,207673.pdf,wuestungslisten_kl_M-Z,204127,Specingin
207673,207673.pdf,wuestungslisten_kl_M-Z,204129,Sperelhof
207673,207673.pdf,wuestungslisten_kl_M-Z,204131,Sprezze
207673,207673.pdf,wuestungslisten_kl_M-Z,204133,Sprunghoff
207673,207673.pdf,wuestungslisten_kl_M-Z,204135,Stadalperge
207673,207673.pdf,wuestungslisten_kl_M-Z,204137,Stadel
207673,207673.pdf,wuestungslisten_kl_M-Z,204139,Stadelhoven
207673,207673.pdf,wuestungslisten_kl_M-Z,204141,Stadelstat
207673,207673.pdf,wuestungslisten_kl_M-Z,204143,Stain
207673,207673.pdf,wuestungslisten_kl_M-Z,204145,Stain
207673,207673.pdf,wuestungslisten_kl_M-Z,204147,Stain auf dem Kamp
207673,207673.pdf,wuestungslisten_kl_M-Z,204150,Stainapruechen
207673,207673.pdf,wuestungslisten_kl_M-Z,204152,Staindorf
207673,207673.pdf,wuestungslisten_kl_M-Z,204154,Stainegg
207673,207673.pdf,wuestungslisten_kl_M-Z,204156,Stainegg
207673,207673.pdf,wuestungslisten_kl_M-Z,204158,Stainegk
207673,207673.pdf,wuestungslisten_kl_M-Z,204160,Staineinshusen
207673,207673.pdf,wuestungslisten_kl_M-Z,204162,Staininentiske
207673,207673.pdf,wuestungslisten_kl_M-Z,204164,Stainpach
207673,207673.pdf,wuestungslisten_kl_M-Z,204166,Stainperge
207673,207673.pdf,wuestungslisten_kl_M-Z,204168,Stallaren
206366,206366.pdf,197602_Eminger_an_Strohschneider,204168,Stallaren
206365,206365.pdf,19751216_Eminger_an_Strohschneider,204168,Stallaren
206084,206084.pdf,"Eminger, Wüstungen begangen von",204168,Stallaren
233609,233609.pdf,19701208_Protokoll Exkursion,204168,Stallaren
219619,219619.pdf,19760327_Einladung zu Exkursion,204168,Stallaren
219616,219616.pdf,19760327_Protokoll Exkursion,204168,Stallaren
219617,219617.pdf,19760327_Planung Exkursion,204168,Stallaren
234467,234467.pdf,197306xx_AMA_an_Eminger_geschwärzt,204168,Stallaren
234457,234457.pdf,19760201_Eminger_an_Strohschneider,204168,Stallaren
207673,207673.pdf,wuestungslisten_kl_M-Z,204170,Stanandorpf
207673,207673.pdf,wuestungslisten_kl_M-Z,204172,Stanatay
207673,207673.pdf,wuestungslisten_kl_M-Z,204174,Stanga
207673,207673.pdf,wuestungslisten_kl_M-Z,204176,Starzing
207673,207673.pdf,wuestungslisten_kl_M-Z,204180,Stätler
207673,207673.pdf,wuestungslisten_kl_M-Z,204183,Staudach
207673,207673.pdf,wuestungslisten_kl_M-Z,204185,Staudech
207673,207673.pdf,wuestungslisten_kl_M-Z,204187,Stech
229631,229631.glb,1713-10b_Stech,204187,Stech
213643,213643.png,1713-10b_Stech,204187,Stech
207673,207673.pdf,wuestungslisten_kl_M-Z,204189,Stege
207673,207673.pdf,wuestungslisten_kl_M-Z,204193,Steifingen
207673,207673.pdf,wuestungslisten_kl_M-Z,204195,Steinberch
208903,208903.pdf,19741026_Protokoll Exkursion,204199,Steineprunn
207673,207673.pdf,wuestungslisten_kl_M-Z,204199,Steineprunn
207603,207603.pdf,Schutzbier_Wüstungen begangen_geschwärzt,204199,Steineprunn
215463,215463.pdf,Aufstellung Leistungen der Außenmitarbeiter (Stand 19.4.1975),204199,Steineprunn
215025,215025.pdf,19741026_Planung Exkursion,204199,Steineprunn
214092,214092.png,1717-20b_Steinfeld_skz_01,204201,Steinfeld*
214087,214087.png,1717-20b_Steinfeld_Rappoltenkirchen,204201,Steinfeld*
229939,229939.glb,1717-30b_Steinfeld,204205,Steinfeld*
214099,214099.png,1717-30b_Steinfeld,204205,Steinfeld*
207673,207673.pdf,wuestungslisten_kl_M-Z,204209,Steinhof
207673,207673.pdf,wuestungslisten_kl_M-Z,204211,Steinintische
207673,207673.pdf,wuestungslisten_kl_M-Z,204213,Steinmozelesdorf
207673,207673.pdf,wuestungslisten_kl_M-Z,204215,Steinuaelt
223626,223626.glb,Ginzenbach-Steirerhof-Taubitzfeldhof,204217,Steirerhof*
208803,208803.png,1723-20b_Steirerhof,204217,Steirerhof*
207673,207673.pdf,wuestungslisten_kl_M-Z,204219,Steinuelth
207673,207673.pdf,wuestungslisten_kl_M-Z,204221,Sterzenbach
229632,229632.glb,1724-10b_Sterzenbach,204221,Sterzenbach
214156,214156.png,1724-10b_Sterzenbach,204221,Sterzenbach
207673,207673.pdf,wuestungslisten_kl_M-Z,204223,Steten
207673,207673.pdf,wuestungslisten_kl_M-Z,204225,Neuen Stetenwurg
207673,207673.pdf,wuestungslisten_kl_M-Z,204227,Stetzenveld
207673,207673.pdf,wuestungslisten_kl_M-Z,204229,Stewrn
207673,207673.pdf,wuestungslisten_kl_M-Z,204231,Steygsperch
207673,207673.pdf,wuestungslisten_kl_M-Z,204233,Stiechsendorf
207673,207673.pdf,wuestungslisten_kl_M-Z,204235,Stiesdorf
207673,207673.pdf,wuestungslisten_kl_M-Z,204237,Stinchuntenprunne
207673,207673.pdf,wuestungslisten_kl_M-Z,204239,Stinctundendorf
207673,207673.pdf,wuestungslisten_kl_M-Z,204241,Stoccharn
207673,207673.pdf,wuestungslisten_kl_M-Z,204243,Stolbergerhof
207673,207673.pdf,wuestungslisten_kl_M-Z,204245,Stoyssen Nord
229633,229633.glb,1737-10b_Stoissen_Nord_Süd,204245,Stoyssen Nord
214187,214187.png,1737-11b_Stoissen_Nord,204245,Stoyssen Nord
207673,207673.pdf,wuestungslisten_kl_M-Z,204854,Wentling
206378,206378.pdf,19770421_Eminger_an_Antl,204854,Wentling
206359,206359.pdf,19750213_Strohschneider_an_Eminger,204854,Wentling
206358,206358.pdf,19750129_Eminger_an_Eibner,204854,Wentling
206098,206098.pdf,"Margl, Wüstungen begangen von",204854,Wentling
206084,206084.pdf,"Eminger, Wüstungen begangen von",204854,Wentling
227963,227963.pdf,19730526_Eminger_an_Eibner_geschwärzt,204854,Wentling
232805,232805.pdf,1982-10b_wentlingen pezzern_geschwärzt,204854,Wentling
232705,232705.pdf,19730604_Eibner_an_Eminger_geschwärzt,204854,Wentling
232704,232704.pdf,19770202_Antl_an_Eminger_geschwärzt,204854,Wentling
232703,232703.pdf,19850924_Eminger_an_AMA_geschwärzt,204854,Wentling
232701,232701.pdf,Notitzen EEminger 2,204854,Wentling
214645,214645.png,1982-10b_Wentlingen Pezzern_skz_02,204854,Wentling
226819,226819.pdf,19851204_Bors_an_Eminger_geschwärzt,204854,Wentling
219619,219619.pdf,19760327_Einladung zu Exkursion,204854,Wentling
219617,219617.pdf,19760327_Planung Exkursion,204854,Wentling
219616,219616.pdf,19760327_Protokoll Exkursion,204854,Wentling
214644,214644.png,1982-10b_Wentlingen Pezzern_skz_01,204854,Wentling
207673,207673.pdf,wuestungslisten_kl_M-Z,204247,Stoyssen Süd
214188,214188.png,1737-12b_Stoissen_Süd,204247,Stoyssen Süd
229633,229633.glb,1737-10b_Stoissen_Nord_Süd,204247,Stoyssen Süd
214192,214192.png,1737-20b_Straf,204249,Straf*
207673,207673.pdf,wuestungslisten_kl_M-Z,204251,Straiffinge
207576,207576.pdf,19790129_Antl_an_Schöfmann,204251,Straiffinge
207673,207673.pdf,wuestungslisten_kl_M-Z,204254,Straitendorf
207673,207673.pdf,wuestungslisten_kl_M-Z,204256,Stränesprunn
207673,207673.pdf,wuestungslisten_kl_M-Z,204258,Stranhartsperg
207673,207673.pdf,wuestungslisten_kl_M-Z,204260,Stranzendorf
207673,207673.pdf,wuestungslisten_kl_M-Z,204262,Strass
207673,207673.pdf,wuestungslisten_kl_M-Z,204264,Strastorf
207673,207673.pdf,wuestungslisten_kl_M-Z,204266,Stratendorf
207673,207673.pdf,wuestungslisten_kl_M-Z,204268,Strazze
206098,206098.pdf,"Margl, Wüstungen begangen von",204268,Strazze
215463,215463.pdf,Aufstellung Leistungen der Außenmitarbeiter (Stand 19.4.1975),204268,Strazze
207673,207673.pdf,wuestungslisten_kl_M-Z,204270,Streitdorf
214202,214202.png,1747-20b_Streithof_Fahrenberg,204272,Streithof
207673,207673.pdf,wuestungslisten_kl_M-Z,204274,Streitpach
207673,207673.pdf,wuestungslisten_kl_M-Z,204276,Strelz
207673,207673.pdf,wuestungslisten_kl_M-Z,204278,Strenzendorf
207673,207673.pdf,wuestungslisten_kl_M-Z,204280,Stritedorf
207673,207673.pdf,wuestungslisten_kl_M-Z,204282,Strunzenreut
207673,207673.pdf,wuestungslisten_kl_M-Z,204284,Stuben
207673,207673.pdf,wuestungslisten_kl_M-Z,204288,Stuotpherrich
207673,207673.pdf,wuestungslisten_kl_M-Z,204290,Sturmawe
207673,207673.pdf,wuestungslisten_kl_M-Z,204292,Suarzinburch
207673,207673.pdf,wuestungslisten_kl_M-Z,204294,Suaelinge
207673,207673.pdf,wuestungslisten_kl_M-Z,204296,Suazinberge
207673,207673.pdf,wuestungslisten_kl_M-Z,204298,Subinherre
207673,207673.pdf,wuestungslisten_kl_M-Z,204300,Suelinges
207673,207673.pdf,wuestungslisten_kl_M-Z,204302,Suladorff
207673,207673.pdf,wuestungslisten_kl_M-Z,204304,Sultze
207673,207673.pdf,wuestungslisten_kl_M-Z,204306,Sulze
207673,207673.pdf,wuestungslisten_kl_M-Z,204308,Sumarperch
207673,207673.pdf,wuestungslisten_kl_M-Z,204310,Sundleinstorf
207673,207673.pdf,wuestungslisten_kl_M-Z,204312,Sunisbrunnen
207673,207673.pdf,wuestungslisten_kl_M-Z,204314,Suntowe
207673,207673.pdf,wuestungslisten_kl_M-Z,204316,Sunzendorf
207673,207673.pdf,wuestungslisten_kl_M-Z,204318,Sunzenprunn
207673,207673.pdf,wuestungslisten_kl_M-Z,204320,Swabdorf
207673,207673.pdf,wuestungslisten_kl_M-Z,204322,Swabelsperch
207673,207673.pdf,wuestungslisten_kl_M-Z,204324,Swabstaudach
207673,207673.pdf,wuestungslisten_kl_M-Z,204326,Swaichhof
207673,207673.pdf,wuestungslisten_kl_M-Z,204328,Swaichof
207673,207673.pdf,wuestungslisten_kl_M-Z,204330,Sweige
207673,207673.pdf,wuestungslisten_kl_M-Z,204332,Sweissenslag
207673,207673.pdf,wuestungslisten_kl_M-Z,204334,Sweitzerhof
207673,207673.pdf,wuestungslisten_kl_M-Z,204336,Sweizreut
207673,207673.pdf,wuestungslisten_kl_M-Z,204338,Swiblen
207673,207673.pdf,wuestungslisten_kl_M-Z,204340,Sygendorf
207673,207673.pdf,wuestungslisten_kl_M-Z,204342,Symbellach
207673,207673.pdf,wuestungslisten_kl_M-Z,204344,Synzeneck
207673,207673.pdf,wuestungslisten_kl_M-Z,204346,Tachenstein
229634,229634.glb,1784-20b_Taffa,204348,Taffa*
214203,214203.png,1784-20b_Taffa,204348,Taffa*
207673,207673.pdf,wuestungslisten_kl_M-Z,204350,Tahenarzt
207673,207673.pdf,wuestungslisten_kl_M-Z,204352,Tal
207673,207673.pdf,wuestungslisten_kl_M-Z,204354,Talern ob des Wienerwalds
207673,207673.pdf,wuestungslisten_kl_M-Z,204356,Tali
207673,207673.pdf,wuestungslisten_kl_M-Z,204358,Tallern
207673,207673.pdf,wuestungslisten_kl_M-Z,204360,Tanhausen
229635,229635.glb,1791-10b_Tanhausen_Curia,204360,Tanhausen
214204,214204.png,1791-10b_Tanhausen_Curia,204360,Tanhausen
207673,207673.pdf,wuestungslisten_kl_M-Z,204362,Tannenberch
207673,207673.pdf,wuestungslisten_kl_M-Z,204364,Tanpruker
207673,207673.pdf,wuestungslisten_kl_M-Z,204366,Tamprukke
207673,207673.pdf,wuestungslisten_kl_M-Z,204368,Tanzenreit
207673,207673.pdf,wuestungslisten_kl_M-Z,204370,Taubenschlag
208804,208804.png,1796-20b_Taubitzfeldhof,204372,Taubitzfeldhof*
223626,223626.glb,Ginzenbach-Steirerhof-Taubitzfeldhof,204372,Taubitzfeldhof*
207673,207673.pdf,wuestungslisten_kl_M-Z,204374,Tavenhof
229636,229636.glb,1797-10b_Tavenhofes,204374,Tavenhof
214205,214205.png,1797-10b_Tavenhof,204374,Tavenhof
207673,207673.pdf,wuestungslisten_kl_M-Z,204376,Taygez
214206,214206.png,1798-20b_Teesdorf_West,204378,Teesdorf West*
207673,207673.pdf,wuestungslisten_kl_M-Z,204380,Tegnpach
229637,229637.glb,1799-20b_Teichwiesen,204382,Teichwiesen*
214207,214207.png,1799-20b_Teichwiesen,204382,Teichwiesen*
229638,229638.glb,1799-30b_Teichfeld,204384,Teichfeld*
214208,214208.png,1799-30b_Teichfeld,204384,Teichfeld*
207673,207673.pdf,wuestungslisten_kl_M-Z,204386,Teindorf
207673,207673.pdf,wuestungslisten_kl_M-Z,204858,Werd
232773,232773.pdf,1983-10b_werd,204858,Werd
207673,207673.pdf,wuestungslisten_kl_M-Z,204860,Werd
232766,232766.pdf,1984-10b_werd in dem,204860,Werd
207673,207673.pdf,wuestungslisten_kl_M-Z,204862,Nieder Werd
232763,232763.pdf,1985-10b_werd nieder,204862,Nieder Werd
207673,207673.pdf,wuestungslisten_kl_M-Z,204866,Taignitz
207673,207673.pdf,wuestungslisten_kl_M-Z,204388,Tellarn
214209,214209.png,1801-10b_Tellarn,204388,Tellarn
236898,236898.pdf,1801-10b_tellarn,204388,Tellarn
207673,207673.pdf,wuestungslisten_kl_M-Z,204390,Temdorf
207673,207673.pdf,wuestungslisten_kl_M-Z,204392,Temendorf
234343,234343.pdf,Überblick Langes Tal,204394,Ternberg Meierhof
207673,207673.pdf,wuestungslisten_kl_M-Z,204396,Tessen
214242,214242.png,1805-20b_Tetterfeld,204398,Tetterfeld*
207673,207673.pdf,wuestungslisten_kl_M-Z,204463,Teuffental
207673,207673.pdf,wuestungslisten_kl_M-Z,204465,Teunzl
207673,207673.pdf,wuestungslisten_kl_M-Z,204467,Teusing
214277,214277.png,1808-20b_Thayafeld,204469,Thayafeld*
229650,229650.glb,1808-20b_Thayafeld,204469,Thayafeld*
207673,207673.pdf,wuestungslisten_kl_M-Z,204471,Thaurolts
229906,229906.glb,1809-10b_Thaurolts,204471,Thaurolts
214286,214286.png,1809-10b_Thaurolts,204471,Thaurolts
207673,207673.pdf,wuestungslisten_kl_M-Z,204473,Thennhof
207673,207673.pdf,wuestungslisten_kl_M-Z,204475,Theoterii
229907,229907.glb,1811-20b_Thuma_West,204477,Thuma West*
214353,214353.png,1811-20b_Thuma_West,204477,Thuma West*
207673,207673.pdf,wuestungslisten_kl_M-Z,204481,Tichmannes
208145,208145.png,1812-20b_Tiefenfeld,204483,Tiefenfeld*
234343,234343.pdf,Überblick Langes Tal,204483,Tiefenfeld*
207672,207672.pdf,wuestungslisten_kl_A-L,204485,Tiemdorf
207673,207673.pdf,wuestungslisten_kl_M-Z,204485,Tiemdorf
207673,207673.pdf,wuestungslisten_kl_M-Z,204868,Werdarin
232762,232762.pdf,1986-10b_werdarin,204868,Werdarin
207673,207673.pdf,wuestungslisten_kl_M-Z,204870,Werdarin
232744,232744.pdf,1987-10b_werdarin_geschwärzt,204870,Werdarin
207673,207673.pdf,wuestungslisten_kl_M-Z,204872,Werde
232740,232740.pdf,1988-10b_werde,204872,Werde
207673,207673.pdf,wuestungslisten_kl_M-Z,204874,Werde
232737,232737.pdf,1989-10b_werde de,204874,Werde
207673,207673.pdf,wuestungslisten_kl_M-Z,204487,Tiemental
229944,229944.glb,1814-10b_Tiemental,204487,Tiemental
233611,233611.pdf,19751212_Keramikdatierung,204487,Tiemental
232703,232703.pdf,19850924_Eminger_an_AMA_geschwärzt,204487,Tiemental
226819,226819.pdf,19851204_Bors_an_Eminger_geschwärzt,204487,Tiemental
207673,207673.pdf,wuestungslisten_kl_M-Z,204490,Tiurin
235658,235658.pdf,1815-10b_tiurin villa,204490,Tiurin
214397,214397.png,1815-20b_Tobelbach,204492,Tobelbach*
235657,235657.pdf,1815-20b_tobelbach,204492,Tobelbach*
207673,207673.pdf,wuestungslisten_kl_M-Z,204494,Tobilarin
235653,235653.pdf,1816-10b_tobilarin,204494,Tobilarin
207673,207673.pdf,wuestungslisten_kl_M-Z,204496,Tobiraniswisin
235539,235539.pdf,1817-10b_tobiraniswisin,204496,Tobiraniswisin
207673,207673.pdf,wuestungslisten_kl_M-Z,204498,Topel
235538,235538.pdf,1818-10b_topel,204498,Topel
207673,207673.pdf,wuestungslisten_kl_M-Z,204500,Topel
235502,235502.pdf,1819-10b_topel,204500,Topel
207673,207673.pdf,wuestungslisten_kl_M-Z,204502,Torfevl
235499,235499.pdf,1820-10b_von torfevl,204502,Torfevl
207673,207673.pdf,wuestungslisten_kl_M-Z,204504,Trebensrote
235494,235494.pdf,1821-10b_trebensruote_geschwärzt,204504,Trebensrote
214398,214398.png,1821-20b_Trübensee,204507,Trübensee Stadt
214399,214399.png,1821-30b_Trübensee_Kasernacker,204512,Trübensee Dorf
207673,207673.pdf,wuestungslisten_kl_M-Z,204515,Trebtz
229908,229908.glb,1822-10b_Trebtz,204515,Trebtz
214400,214400.png,1822-10b_Trebtz,204515,Trebtz
207673,207673.pdf,wuestungslisten_kl_M-Z,204517,Treisinpurhe
207673,207673.pdf,wuestungslisten_kl_M-Z,204519,Treuinich
234843,234843.pdf,1824-10b_treuinich,204519,Treuinich
207673,207673.pdf,wuestungslisten_kl_M-Z,204521,Treukendorf
234816,234816.pdf,1825-10b_treukendorf_geschwärzt,204521,Treukendorf
207673,207673.pdf,wuestungslisten_kl_M-Z,204523,Trewdungs
234659,234659.pdf,1826-10b_trewdungs in velinger pfarr,204523,Trewdungs
214401,214401.png,1826-20b_Triesting_Au,204525,Triestingau*
234657,234657.pdf,1826-20b_triestingau,204525,Triestingau*
207673,207673.pdf,wuestungslisten_kl_M-Z,204527,Tripoliza
234656,234656.pdf,1827-10b_tripoliza,204527,Tripoliza
207673,207673.pdf,wuestungslisten_kl_M-Z,204529,Tristramhof
234655,234655.pdf,1828-10b_tristamhof,204529,Tristramhof
207673,207673.pdf,wuestungslisten_kl_M-Z,204531,Tristamberg
234591,234591.pdf,1829-10b_tristamperg_geschwärzt,204531,Tristamberg
214416,214416.png,1829-10b_Tristamberg,204531,Tristamberg
207673,207673.pdf,wuestungslisten_kl_M-Z,204533,Trosmarsdorf
234600,234600.pdf,1830-10b_de trosmarsdorf,204533,Trosmarsdorf
207673,207673.pdf,wuestungslisten_kl_M-Z,204535,Trübenbach
234562,234562.pdf,1831-10b_truebenbach,204535,Trübenbach
207673,207673.pdf,wuestungslisten_kl_M-Z,204537,Trübensee
234560,234560.pdf,1832-10b_truebensee_geschwärzt,204537,Trübensee
207673,207673.pdf,wuestungslisten_kl_M-Z,204539,Trulhof
234505,234505.pdf,1833-10b_auf dem schachen an dem oberen trulhof,204539,Trulhof
207673,207673.pdf,wuestungslisten_kl_M-Z,204541,Tudersdorff
234499,234499.pdf,1834-10b_tudersdorff,204541,Tudersdorff
207673,207673.pdf,wuestungslisten_kl_M-Z,204543,Tuengadern
234496,234496.pdf,1835-10b_von tuengadern,204543,Tuengadern
207673,207673.pdf,wuestungslisten_kl_M-Z,204545,Tuffingin
234494,234494.pdf,1836-10b_de tuffingin,204545,Tuffingin
207673,207673.pdf,wuestungslisten_kl_M-Z,204547,Tumprunne
234476,234476.pdf,1837-10b_tumprunne,204547,Tumprunne
207673,207673.pdf,wuestungslisten_kl_M-Z,204549,Tundorf
234118,234118.pdf,1838-10b_tundorf,204549,Tundorf
207673,207673.pdf,wuestungslisten_kl_M-Z,204551,Tungsdorf
234097,234097.pdf,1839-10b_tungsdorf,204551,Tungsdorf
207673,207673.pdf,wuestungslisten_kl_M-Z,204553,Turai
234092,234092.pdf,1840-10b_de turai,204553,Turai
207673,207673.pdf,wuestungslisten_kl_M-Z,204555,Alt Tures
234489,234489.pdf,1841-10b_alt tures,204555,Alt Tures
229909,229909.glb,1841-20b_Tures_Klein_Tures,204555,Alt Tures
214418,214418.png,1841-10b_Tures_Alttures,204555,Alt Tures
214419,214419.png,1841-20b_Tures_Klein_Tures,204555,Alt Tures
229909,229909.glb,1841-20b_Tures_Klein_Tures,204557,Tures minor
234045,234045.pdf,1841-20b_thures minor,204557,Tures minor
214419,214419.png,1841-20b_Tures_Klein_Tures,204557,Tures minor
207673,207673.pdf,wuestungslisten_kl_M-Z,204559,Turtendorf
207673,207673.pdf,wuestungslisten_kl_M-Z,204562,Tursendorf
234037,234037.pdf,1843-10b_de tursendorf,204562,Tursendorf
207673,207673.pdf,wuestungslisten_kl_M-Z,204564,Tursenstain
234035,234035.pdf,1844-10b_tursenstain,204564,Tursenstain
207673,207673.pdf,wuestungslisten_kl_M-Z,204566,Turtendorfarii
234032,234032.pdf,1845-10b_turtendorfarii,204566,Turtendorfarii
207673,207673.pdf,wuestungslisten_kl_M-Z,204568,Tuttendorf
233894,233894.pdf,1846-10b_tuttendorf_geschwärzt,204568,Tuttendorf
207673,207673.pdf,wuestungslisten_kl_M-Z,204570,Tvriogenrot
233892,233892.pdf,1847-10b_tvriogenrot,204570,Tvriogenrot
207673,207673.pdf,wuestungslisten_kl_M-Z,204572,St. Tybold
233888,233888.pdf,1848-10b_st tybold,204572,St. Tybold
207673,207673.pdf,wuestungslisten_kl_M-Z,204574,Ualchenstein
233885,233885.pdf,1849-10b_ualchenstain_geschwärzt,204574,Ualchenstein
207672,207672.pdf,wuestungslisten_kl_A-L,204576,Ualchenstein
207673,207673.pdf,wuestungslisten_kl_M-Z,204576,Ualchenstein
233884,233884.pdf,1850-10b_ualchenstein,204576,Ualchenstein
207673,207673.pdf,wuestungslisten_kl_M-Z,204578,Uchsendorf
233882,233882.pdf,1851-10b_uechsendorf,204578,Uchsendorf
207673,207673.pdf,wuestungslisten_kl_M-Z,204580,St. Ulrich
233878,233878.pdf,1852-10b_apud st udalricum_geschwärzt,204580,St. Ulrich
207673,207673.pdf,wuestungslisten_kl_M-Z,204583,Uderpoldesdorf
233876,233876.pdf,1853-10b_uderpoldesdorf,204583,Uderpoldesdorf
207673,207673.pdf,wuestungslisten_kl_M-Z,204585,Uebelprunne
233874,233874.pdf,1854-10b_uebelprunne,204585,Uebelprunne
207673,207673.pdf,wuestungslisten_kl_M-Z,204587,Uersenreid
233872,233872.pdf,1855-10b_uersenreid_geschwärzt,204587,Uersenreid
229910,229910.glb,1855-10b_Uersenreid,204587,Uersenreid
214420,214420.png,1855-10b_Uersenreid,204587,Uersenreid
207673,207673.pdf,wuestungslisten_kl_M-Z,204589,Ugental
233869,233869.pdf,1856-10b_ugental,204589,Ugental
207673,207673.pdf,wuestungslisten_kl_M-Z,204591,Ulreichperge
233866,233866.pdf,1857-10b_ulreichperge_geschwärzt,204591,Ulreichperge
207673,207673.pdf,wuestungslisten_kl_M-Z,204593,Ulreichs
233864,233864.pdf,1858-10b_ulreichs,204593,Ulreichs
207673,207673.pdf,wuestungslisten_kl_M-Z,204595,Ulreichs
229911,229911.glb,1859-10b_Ulreichs,204595,Ulreichs
233858,233858.pdf,1859-10b_ulreichs_geschwärzt,204595,Ulreichs
214422,214422.png,1859-10b_Ulreichs,204595,Ulreichs
207673,207673.pdf,wuestungslisten_kl_M-Z,204597,Umbswaiffign
233852,233852.pdf,1860-10b_umbswaiffign_geschwärzt,204597,Umbswaiffign
207673,207673.pdf,wuestungslisten_kl_M-Z,204599,Ungerdorf
207673,207673.pdf,wuestungslisten_kl_M-Z,204601,Ungerdorf
233850,233850.pdf,1862-10b_ungerdorf,204601,Ungerdorf
207673,207673.pdf,wuestungslisten_kl_M-Z,204603,Ungertal
233842,233842.pdf,1863-10b_ungertal,204603,Ungertal
207673,207673.pdf,wuestungslisten_kl_M-Z,204605,Ungesindesoede
233839,233839.pdf,1864-10b_ungesindesoede,204605,Ungesindesoede
207673,207673.pdf,wuestungslisten_kl_M-Z,204607,Unraisdorf
233836,233836.pdf,1865-10b_unratsdorf,204607,Unraisdorf
207673,207673.pdf,wuestungslisten_kl_M-Z,204609,Unsichtignhöff
233835,233835.pdf,1866-10b_unsichtignhoeff,204609,Unsichtignhöff
207673,207673.pdf,wuestungslisten_kl_M-Z,204611,Untineswerde
233833,233833.pdf,1867-10b_untineswerde_geschwärzt,204611,Untineswerde
207673,207673.pdf,wuestungslisten_kl_M-Z,204613,Untingen
233828,233828.pdf,1868-10b_de untingen,204613,Untingen
207673,207673.pdf,wuestungslisten_kl_M-Z,204615,Unvizinesdorf
233822,233822.pdf,1869-10b_unvizinesdorf in ostarrlke,204615,Unvizinesdorf
207673,207673.pdf,wuestungslisten_kl_M-Z,204617,Uolrichesmure
233750,233750.pdf,1870-10b_uolrichesmure,204617,Uolrichesmure
207673,207673.pdf,wuestungslisten_kl_M-Z,204619,Uobendorf
233743,233743.pdf,1871-10b_uuebendorf,204619,Uobendorf
207673,207673.pdf,wuestungslisten_kl_M-Z,204621,Urbarchirichen
233740,233740.pdf,1872-10b_urbarchirichen_geschwärzt,204621,Urbarchirichen
214423,214423.png,1872-10b_Urbarchirichen_Schaffelhof,204621,Urbarchirichen
207673,207673.pdf,wuestungslisten_kl_M-Z,204623,Alten Urfar
233739,233739.pdf,1873-10b_alten urfar,204623,Alten Urfar
207673,207673.pdf,wuestungslisten_kl_M-Z,204625,Urfar
233732,233732.pdf,1874-10b_urfar_geschwärzt,204625,Urfar
207673,207673.pdf,wuestungslisten_kl_M-Z,204627,Urle
233723,233723.pdf,1875-10b_urle,204627,Urle
207673,207673.pdf,wuestungslisten_kl_M-Z,204629,Urtail
233711,233711.pdf,1876-10b_urtail_geschwärzt,204629,Urtail
207673,207673.pdf,wuestungslisten_kl_M-Z,204631,Urticarum
233706,233706.pdf,"1877-10b_urticarum, in vallem",204631,Urticarum
207673,207673.pdf,wuestungslisten_kl_M-Z,204633,Ützleinsdorf
233705,233705.pdf,1878-10b_uetzleinstorf,204633,Ützleinsdorf
207673,207673.pdf,wuestungslisten_kl_M-Z,204635,Uuintarpach
233704,233704.pdf,1879-10b_uuintarpach,204635,Uuintarpach
207673,207673.pdf,wuestungslisten_kl_M-Z,204637,Uuintestale
233703,233703.pdf,1880-10b_uuintestale,204637,Uuintestale
207673,207673.pdf,wuestungslisten_kl_M-Z,204639,Uuinzurlin
233686,233686.pdf,1881-10b_uuinzurlin,204639,Uuinzurlin
214424,214424.png,1881-10b_Uuinzurlin,204639,Uuinzurlin
207673,207673.pdf,wuestungslisten_kl_M-Z,204641,Uuvizinesdorf
233683,233683.pdf,1882-10b_uuvizinesdorf,204641,Uuvizinesdorf
207672,207672.pdf,wuestungslisten_kl_A-L,204643,Uvenstein
207673,207673.pdf,wuestungslisten_kl_M-Z,204643,Uvenstein
233675,233675.pdf,1883-10b_uvenstein,204643,Uvenstein
207673,207673.pdf,wuestungslisten_kl_M-Z,204645,Uvienencort
233633,233633.pdf,1884-10b_uvienencort wienfurt,204645,Uvienencort
207672,207672.pdf,wuestungslisten_kl_A-L,204647,Valchenberch
207673,207673.pdf,wuestungslisten_kl_M-Z,204647,Valchenberch
233614,233614.pdf,1885-10b_valchenberch,204647,Valchenberch
207673,207673.pdf,wuestungslisten_kl_M-Z,204649,Valchental
233606,233606.pdf,1886-10b_valchental,204649,Valchental
207673,207673.pdf,wuestungslisten_kl_M-Z,204651,Valkenbrunnin
233605,233605.pdf,1887-10b_valkenbrunnin,204651,Valkenbrunnin
207673,207673.pdf,wuestungslisten_kl_M-Z,204655,Valyba
233604,233604.pdf,1888-10b_valyba,204655,Valyba
207673,207673.pdf,wuestungslisten_kl_M-Z,204657,Sand Veith
233603,233603.pdf,1889-10b_st veith_geschwärzt,204657,Sand Veith
207673,207673.pdf,wuestungslisten_kl_M-Z,204659,Veldluncz
233601,233601.pdf,1890-10b_veldluncz,204659,Veldluncz
207672,207672.pdf,wuestungslisten_kl_A-L,204661,Veldwinden
207673,207673.pdf,wuestungslisten_kl_M-Z,204661,Veldwinden
233589,233589.pdf,1891-10b_veldwinden,204661,Veldwinden
207673,207673.pdf,wuestungslisten_kl_M-Z,204663,Velmersperg
233587,233587.pdf,1892-10b_velmersperg,204663,Velmersperg
207672,207672.pdf,wuestungslisten_kl_A-L,204665,Velwen
207673,207673.pdf,wuestungslisten_kl_M-Z,204665,Velwen
233582,233582.pdf,1893-10b_velwen_geschwärzt,204665,Velwen
207673,207673.pdf,wuestungslisten_kl_M-Z,204667,Venendorf
233580,233580.pdf,1894-10b_venindorf,204667,Venendorf
207673,207673.pdf,wuestungslisten_kl_M-Z,204669,Venusperg
233578,233578.pdf,1895-10b_venusperg,204669,Venusperg
207673,207673.pdf,wuestungslisten_kl_M-Z,204671,Venusberg
233577,233577.pdf,1896-10b_venusberg,204671,Venusberg
207673,207673.pdf,wuestungslisten_kl_M-Z,204673,Vertendorf
233575,233575.pdf,1897-10b_vertendorf,204673,Vertendorf
207673,207673.pdf,wuestungslisten_kl_M-Z,204675,Vestenberhe
233330,233330.pdf,1898-10b_vestenberhe,204675,Vestenberhe
207672,207672.pdf,wuestungslisten_kl_A-L,204677,Vestenleiten
207673,207673.pdf,wuestungslisten_kl_M-Z,204677,Vestenleiten
233328,233328.pdf,1899-10b_vestenleiten,204677,Vestenleiten
207673,207673.pdf,wuestungslisten_kl_M-Z,204679,Veuhta
233326,233326.pdf,1900-10b_veuehta,204679,Veuhta
207673,207673.pdf,wuestungslisten_kl_M-Z,204681,Viental
233323,233323.pdf,1901-10b_viental,204681,Viental
207673,207673.pdf,wuestungslisten_kl_M-Z,204683,Vigeldorf
233315,233315.pdf,1902-10b_vigeldorf,204683,Vigeldorf
207673,207673.pdf,wuestungslisten_kl_M-Z,204685,Vinchenperge
233313,233313.pdf,1903-10b_vinchenperge,204685,Vinchenperge
214425,214425.png,1903-10b_Vinchenperge,204685,Vinchenperge
207673,207673.pdf,wuestungslisten_kl_M-Z,204687,Vinchenstain
233304,233304.pdf,1904-10b_vinchenstain,204687,Vinchenstain
207673,207673.pdf,wuestungslisten_kl_M-Z,204689,Vispach
233299,233299.pdf,1905-10b_vischbach,204689,Vispach
207673,207673.pdf,wuestungslisten_kl_M-Z,204691,Vischern
233290,233290.pdf,1906-10b_vischern,204691,Vischern
207673,207673.pdf,wuestungslisten_kl_M-Z,204693,Vischofen
233285,233285.pdf,1907-10b_vischofen_geschwärzt,204693,Vischofen
207673,207673.pdf,wuestungslisten_kl_M-Z,204695,Voelkers
233282,233282.pdf,1908-10b_voelkers_geschwärzt,204695,Voelkers
207673,207673.pdf,wuestungslisten_kl_M-Z,204697,Vogelwaid
233280,233280.pdf,1909-10b_vogelwaid,204697,Vogelwaid
207673,207673.pdf,wuestungslisten_kl_M-Z,204699,Vogelweid
233279,233279.pdf,1910-10b_voglweid,204699,Vogelweid
207673,207673.pdf,wuestungslisten_kl_M-Z,204701,Voitenreith
233278,233278.pdf,1911-10b_voitenreith,204701,Voitenreith
207673,207673.pdf,wuestungslisten_kl_M-Z,204703,Voitschlag
233277,233277.pdf,1912-10b_voitschlag,204703,Voitschlag
207673,207673.pdf,wuestungslisten_kl_M-Z,204705,Volchisdorf
233275,233275.pdf,1913-10b_volchisdorf,204705,Volchisdorf
207673,207673.pdf,wuestungslisten_kl_M-Z,204707,Volerndorf
233273,233273.pdf,1914-10b_volerdorf,204707,Volerndorf
207673,207673.pdf,wuestungslisten_kl_M-Z,204709,Volkmars
233271,233271.pdf,1915-10b_volkmars,204709,Volkmars
207673,207673.pdf,wuestungslisten_kl_M-Z,204713,Volratismur
233268,233268.pdf,1916-10b_volratismur,204713,Volratismur
233267,233267.pdf,1916-20b_vonendorf,204715,Vonendorf
214428,214428.png,1916-20b_Vonendorf_skz_01,204715,Vonendorf
207673,207673.pdf,wuestungslisten_kl_M-Z,204717,Volrichesmure
233265,233265.pdf,1917-10b_volrichesmure,204717,Volrichesmure
207672,207672.pdf,wuestungslisten_kl_A-L,204719,Vorhe
207673,207673.pdf,wuestungslisten_kl_M-Z,204719,Vorhe
233260,233260.pdf,1918-10b_vorhe,204719,Vorhe
233264,233264.pdf,1918-20b_vornberg,204721,Vornberg
214202,214202.png,1747-20b_Streithof_Fahrenberg,204721,Vornberg
207673,207673.pdf,wuestungslisten_kl_M-Z,204723,Vornholz
233259,233259.pdf,1919-10b_vornholz,204723,Vornholz
207672,207672.pdf,wuestungslisten_kl_A-L,204725,Vorst
207673,207673.pdf,wuestungslisten_kl_M-Z,204725,Vorst
233258,233258.pdf,1920-10b_vorst,204725,Vorst
207673,207673.pdf,wuestungslisten_kl_M-Z,204727,Vouchalinesdorf
233252,233252.pdf,1921-10b_vouchalinesdorf,204727,Vouchalinesdorf
207673,207673.pdf,wuestungslisten_kl_M-Z,204729,Vrendorf
233250,233250.pdf,1922-10b_vrendorf,204729,Vrendorf
207673,207673.pdf,wuestungslisten_kl_M-Z,204731,Vreudperch
233248,233248.pdf,1923-10b_vreudperch,204731,Vreudperch
207672,207672.pdf,wuestungslisten_kl_A-L,204733,Vroleindorf
207673,207673.pdf,wuestungslisten_kl_M-Z,204733,Vroleindorf
233240,233240.pdf,1924-10b_vroleinsdorf,204733,Vroleindorf
207672,207672.pdf,wuestungslisten_kl_A-L,204735,Vrontal
207673,207673.pdf,wuestungslisten_kl_M-Z,204735,Vrontal
233237,233237.pdf,1925-10b_fronbarn_geschwärzt,204735,Vrontal
214429,214429.png,1925-10b_Vrontal,204735,Vrontal
207673,207673.pdf,wuestungslisten_kl_M-Z,204738,Vrtail
233230,233230.pdf,1926-10b_vrtail,204738,Vrtail
207673,207673.pdf,wuestungslisten_kl_M-Z,204740,Vrukesprunne
233228,233228.pdf,1927-10b_vrueskprunne,204740,Vrukesprunne
207673,207673.pdf,wuestungslisten_kl_M-Z,204742,Vurt
233218,233218.pdf,1928-10b_vurholze de,204742,Vurt
207673,207673.pdf,wuestungslisten_kl_M-Z,204744,Vurt
233186,233186.pdf,1929-10b_vurt de,204744,Vurt
207673,207673.pdf,wuestungslisten_kl_M-Z,204746,Vzental
233184,233184.pdf,1930-10b_vzental,204746,Vzental
207673,207673.pdf,wuestungslisten_kl_M-Z,204748,Waag
231875,231875.pdf,1931-10b_waag,204748,Waag
207673,207673.pdf,wuestungslisten_kl_M-Z,204750,Wachraini
231882,231882.pdf,1932-10b_wachraini,204750,Wachraini
207673,207673.pdf,wuestungslisten_kl_M-Z,204752,Wachreini
231889,231889.pdf,1933-10b_wachreini,204752,Wachreini
207673,207673.pdf,wuestungslisten_kl_M-Z,204754,Waczmanschirichen
231892,231892.pdf,1934-10b_waczmanschirichen,204754,Waczmanschirichen
207673,207673.pdf,wuestungslisten_kl_M-Z,204756,Waczmansperg
233178,233178.pdf,1935-10b_waczmansperg,204756,Waczmansperg
207673,207673.pdf,wuestungslisten_kl_M-Z,204758,Waehingen
233170,233170.pdf,1936-10b_de waehingen,204758,Waehingen
207673,207673.pdf,wuestungslisten_kl_M-Z,204760,Waffern
233159,233159.pdf,1937-10b_guter zu den waffern unter schwarzensee,204760,Waffern
207673,207673.pdf,wuestungslisten_kl_M-Z,204762,Alt Wagram
233158,233158.pdf,1938-10b_alt-wagram_geschwärzt,204762,Alt Wagram
233146,233146.pdf,1939-10b_wagreini,204764,Wagreine
207673,207673.pdf,wuestungslisten_kl_M-Z,204766,Waidendorf
233143,233143.pdf,1940-10b_waidendorf,204766,Waidendorf
207673,207673.pdf,wuestungslisten_kl_M-Z,204770,Waidhofen
233136,233136.pdf,1941-10b_waidhofen,204770,Waidhofen
207673,207673.pdf,wuestungslisten_kl_M-Z,204772,Waigenberch
233062,233062.pdf,1942-10b_waigerberch,204772,Waigenberch
207673,207673.pdf,wuestungslisten_kl_M-Z,204774,Wakchengrunt
233059,233059.pdf,1943-10b_wakchengrunt,204774,Wakchengrunt
207673,207673.pdf,wuestungslisten_kl_M-Z,204776,Walchers
233054,233054.pdf,1944-10b_walchers,204776,Walchers
207673,207673.pdf,wuestungslisten_kl_M-Z,204778,Walchersdorf
233048,233048.pdf,1945-10b_walchersdorf,204778,Walchersdorf
207673,207673.pdf,wuestungslisten_kl_M-Z,204780,Wald ob Pekstal
233045,233045.pdf,1946-10b_wald ab pekstal,204780,Wald ob Pekstal
207673,207673.pdf,wuestungslisten_kl_M-Z,204782,Waldebrunn
233043,233043.pdf,1947-10b_waldesbrunn_geschwärzt,204782,Waldebrunn
207673,207673.pdf,wuestungslisten_kl_M-Z,204784,Waldreiss
233031,233031.pdf,1948-10b_waldreiss auf dem,204784,Waldreiss
207673,207673.pdf,wuestungslisten_kl_M-Z,204786,Waldt
233029,233029.pdf,1949-10b_waldt,204786,Waldt
207673,207673.pdf,wuestungslisten_kl_M-Z,204788,Walhenpach
233026,233026.pdf,1950-10b_walhenpach,204788,Walhenpach
232967,232967.pdf,1967-10b_wecilindis,204900,Wezelstal*
232639,232639.pdf,2001-10b_wetzlens,204900,Wezelstal*
214647,214647.png,2001-20b_Wetzelstal,204900,Wezelstal*
207673,207673.pdf,wuestungslisten_kl_M-Z,204902,Wezilisperch
232624,232624.pdf,2002-10b_wezilisperch,204902,Wezilisperch
207673,207673.pdf,wuestungslisten_kl_M-Z,204904,Wibdem
232622,232622.pdf,2003-10b_wibdem,204904,Wibdem
207673,207673.pdf,wuestungslisten_kl_M-Z,204906,Wichselberch
232619,232619.pdf,2004-10b_wichselberch,204906,Wichselberch
207673,207673.pdf,wuestungslisten_kl_M-Z,204908,Wiczleins
232616,232616.pdf,2005-10b_wiczleins,204908,Wiczleins
207673,207673.pdf,wuestungslisten_kl_M-Z,204910,Widach
232613,232613.pdf,2006-10b_widach,204910,Widach
207673,207673.pdf,wuestungslisten_kl_M-Z,204912,Widem
232611,232611.pdf,2007-10b_widem_geschwärzt,204912,Widem
207673,207673.pdf,wuestungslisten_kl_M-Z,204914,Widem
232605,232605.pdf,2008-10b_widem,204914,Widem
207801,207801.pdf,19710510_AMA_an_Zelesnik,204916,Wideme
207673,207673.pdf,wuestungslisten_kl_M-Z,204916,Wideme
234568,234568.pdf,19760226_Strohschneider_an_Zelesnik_geschwärzt,204916,Wideme
234566,234566.pdf,19760120_Strohschneider_an_Zelesnik_geschwärzt,204916,Wideme
232598,232598.pdf,2009-10b_wideme_geschwärzt,204916,Wideme
214934,214934.png,2009-10b_Wideme_skz_01,204916,Wideme
207680,207680.pdf,Zelesnik_Wüstungen begangen_geschwärzt,204916,Wideme
234547,234547.pdf,19750307_Strohschneider_an_Zelesnik_geschwärzt,204916,Wideme
207673,207673.pdf,wuestungslisten_kl_M-Z,204918,Widen
232589,232589.pdf,2010-10b_widen curia in_geschwärzt,204918,Widen
207673,207673.pdf,wuestungslisten_kl_M-Z,204920,Widen
232588,232588.pdf,2011-10b_widen de,204920,Widen
223668,223668.glb,0547-10b_Grafenweiden,204920,Widen
208894,208894.png,0547-10b_grafenweiden_skz_01,204920,Widen
208894,208894.png,0547-10b_grafenweiden_skz_01,204920,Widen
207673,207673.pdf,wuestungslisten_kl_M-Z,204922,Widersperkh
229917,229917.glb,2012-10b_Widersperkh,204922,Widersperkh
214951,214951.png,2012-10b_Widersperkh_skz_01,204922,Widersperkh
214950,214950.png,2012-10b_Widersperkh,204922,Widersperkh
207673,207673.pdf,wuestungslisten_kl_M-Z,204924,Wielevtal
232578,232578.pdf,2013-10b_wielevtal,204924,Wielevtal
207673,207673.pdf,wuestungslisten_kl_M-Z,204926,Wielesdorf
223440,223440.pdf,2014-10b_wielesdorf_geschwärzt,204926,Wielesdorf
214952,214952.png,2014-10b_wielesdorf,204926,Wielesdorf
234343,234343.pdf,Überblick Langes Tal,204926,Wielesdorf
207673,207673.pdf,wuestungslisten_kl_M-Z,204928,Wiennerwege
232574,232574.pdf,2015-10b_wiennerwege,204928,Wiennerwege
214953,214953.png,2015-20b_Wiesendorf,204930,Wiesendorf*
232577,232577.pdf,2015-20b_wiesendorf,204930,Wiesendorf*
237587,237587.pdf,2015-30b_wiesinger_geschwärzt,204932,Wiesinger
207673,207673.pdf,wuestungslisten_kl_M-Z,204934,Wigeleinsdorf
232571,232571.pdf,2016-10b_wigeleinsdorf,204934,Wigeleinsdorf
207673,207673.pdf,wuestungslisten_kl_M-Z,204936,Wihselbrunnen
232568,232568.pdf,2017-10b_wihselbrunnen,204936,Wihselbrunnen
207673,207673.pdf,wuestungslisten_kl_M-Z,204938,Wilantisdorf
214973,214973.png,2018-10b_Wilantisdorf,204938,Wilantisdorf
237030,237030.pdf,2018-10b_wilantisdorf_geschwärzt,204938,Wilantisdorf
207673,207673.pdf,wuestungslisten_kl_M-Z,204941,Wilden
232554,232554.pdf,2019-10b_wilden,204941,Wilden
207673,207673.pdf,wuestungslisten_kl_M-Z,204943,Wildenhage
232540,232540.pdf,2020-10b_wildenhage_geschwärzt,204943,Wildenhage
207673,207673.pdf,wuestungslisten_kl_M-Z,204945,Wildental
232538,232538.pdf,2021-10b_wildental hof zu,204945,Wildental
232539,232539.pdf,2021-20b_wildhof,204947,Wildhof
207673,207673.pdf,wuestungslisten_kl_M-Z,204949,Wildstain
232537,232537.pdf,2022-10b_wildstain_geschwärzt,204949,Wildstain
207673,207673.pdf,wuestungslisten_kl_M-Z,204951,Wilhalms
232528,232528.pdf,2023-10b_wildhalms,204951,Wilhalms
207673,207673.pdf,wuestungslisten_kl_M-Z,204953,Wilhalmestorf
232519,232519.pdf,2024-10b_wildhalmestorf,204953,Wilhalmestorf
229929,229929.glb,2024-10b_Wildhalmestorf,204953,Wilhalmestorf
215020,215020.png,2024-10b_Wildhalmestorf_skz_01,204953,Wilhalmestorf
215019,215019.png,2024-10b_Wilhalmesdorf,204953,Wilhalmestorf
207673,207673.pdf,wuestungslisten_kl_M-Z,204955,Wilhalmshueb
232515,232515.pdf,2025-10b_wilhalmshueb,204955,Wilhalmshueb
207673,207673.pdf,wuestungslisten_kl_M-Z,204957,Wilhalmesdorf
229930,229930.glb,2026-10b_Wilhalmesdorf,204957,Wilhalmesdorf
215023,215023.jpg,2026-10b_Wilhalmstorf_skz_01,204957,Wilhalmesdorf
215022,215022.png,2026-10b_Wilhalmesdorf,204957,Wilhalmesdorf
232514,232514.pdf,2026-10b_wilhalmstorf,204957,Wilhalmesdorf
207673,207673.pdf,wuestungslisten_kl_M-Z,204959,Willenbrughe
232513,232513.pdf,2027-10b_willenbrughe,204959,Willenbrughe
207673,207673.pdf,wuestungslisten_kl_M-Z,204961,Willendorf
232512,232512.pdf,2028-10b_willendorf_geschwärzt,204961,Willendorf
207673,207673.pdf,wuestungslisten_kl_M-Z,204963,Willofstorf
232503,232503.pdf,2029-10b_willofstorf_geschwärzt,204963,Willofstorf
207673,207673.pdf,wuestungslisten_kl_M-Z,204965,Wilpretis
232495,232495.pdf,2031-10b_wipretis,204965,Wilpretis
207673,207673.pdf,wuestungslisten_kl_M-Z,204967,Wilsendorf
232490,232490.pdf,2032-10b_wilsendorf,204967,Wilsendorf
207673,207673.pdf,wuestungslisten_kl_M-Z,204969,Wiltenbrunn
232488,232488.pdf,2033-10b_wiltenbrunn,204969,Wiltenbrunn
207673,207673.pdf,wuestungslisten_kl_M-Z,204971,Wimpach
232486,232486.pdf,2034-10b_wimpach,204971,Wimpach
207673,207673.pdf,wuestungslisten_kl_M-Z,204973,Windegge
232484,232484.pdf,2035-10b_windegge de,204973,Windegge
207673,207673.pdf,wuestungslisten_kl_M-Z,204975,Winden
232481,232481.pdf,2036-10b_winden,204975,Winden
207673,207673.pdf,wuestungslisten_kl_M-Z,204977,Winden
232480,232480.pdf,2037-10b_winden ze,204977,Winden
207673,207673.pdf,wuestungslisten_kl_M-Z,204979,Winden
232475,232475.pdf,2038-10b_winden,204979,Winden
207673,207673.pdf,wuestungslisten_kl_M-Z,204981,Windendorf
232473,232473.pdf,2039-10b_windendorf,204981,Windendorf
232472,232472.pdf,2039-20b_windischalm,204983,Windischalm
215169,215169.png,2039-20b_Windischalm,204983,Windischalm
207673,207673.pdf,wuestungslisten_kl_M-Z,204985,Windischenberg
232469,232469.pdf,2040-10b_windischenberg am,204985,Windischenberg
207673,207673.pdf,wuestungslisten_kl_M-Z,204989,Windischendorf
232468,232468.pdf,2041-10b_windischendorf,204989,Windischendorf
207673,207673.pdf,wuestungslisten_kl_M-Z,204991,Windisschendorf
232464,232464.pdf,2042-10b_windisschendorf,204991,Windisschendorf
207673,207673.pdf,wuestungslisten_kl_M-Z,204993,Wineburen
232455,232455.pdf,2043-10b_wineburen,204993,Wineburen
207673,207673.pdf,wuestungslisten_kl_M-Z,204995,Wingarten
232453,232453.pdf,2044-10b_wingarten,204995,Wingarten
207673,207673.pdf,wuestungslisten_kl_M-Z,204997,Winmur
232452,232452.pdf,2045-10b_winmur,204997,Winmur
207673,207673.pdf,wuestungslisten_kl_M-Z,204999,Wintendorf
232451,232451.pdf,2046-10b_ze wintendorf,204999,Wintendorf
207673,207673.pdf,wuestungslisten_kl_M-Z,205001,Winthage
232449,232449.pdf,2047-10b_winthage_geschwärzt,205001,Winthage
207673,207673.pdf,wuestungslisten_kl_M-Z,205003,Winzurlin
232444,232444.pdf,2048-10b_wuinzurlin,205003,Winzurlin
207673,207673.pdf,wuestungslisten_kl_M-Z,205005,Wirents
232438,232438.pdf,2049-10b_wirents,205005,Wirents
207673,207673.pdf,wuestungslisten_kl_M-Z,205007,Wirantisdorf
232433,232433.pdf,2050-10b_wirantisdorf iuxta botinbrunnen zi,205007,Wirantisdorf
207673,207673.pdf,wuestungslisten_kl_M-Z,205009,Wirnestesdorf
232432,232432.pdf,2051-10b_wirnestesdorf_geschwärzt,205009,Wirnestesdorf
207673,207673.pdf,wuestungslisten_kl_M-Z,205011,Wirochperge
232384,232384.pdf,2052-10b_wirochperge,205011,Wirochperge
207673,207673.pdf,wuestungslisten_kl_M-Z,205013,Wischinge
232414,232414.pdf,2053-10b_wischinge,205013,Wischinge
207673,207673.pdf,wuestungslisten_kl_M-Z,205015,Wise
207673,207673.pdf,wuestungslisten_kl_M-Z,205017,Wisen
232404,232404.pdf,2055-10b_wisen,205017,Wisen
207673,207673.pdf,wuestungslisten_kl_M-Z,205019,Wisen
232402,232402.pdf,2056-10b_wisen_geschwärzt,205019,Wisen
207673,207673.pdf,wuestungslisten_kl_M-Z,205055,Wolfeswerde
206098,206098.pdf,"Margl, Wüstungen begangen von",205055,Wolfeswerde
215171,215171.png,2074-10b_Wolfeswerde_skz_01,205055,Wolfeswerde
232246,232246.pdf,2074-10b_wolteswerde_geschwärzt,205055,Wolfeswerde
215463,215463.pdf,Aufstellung Leistungen der Außenmitarbeiter (Stand 19.4.1975),205055,Wolfeswerde
207673,207673.pdf,wuestungslisten_kl_M-Z,205057,Wolfharczreytt
232223,232223.pdf,2075-10b_wolfharczreytt,205057,Wolfharczreytt
232219,232219.pdf,2076-10b_wolfmanesdorf,205059,Wolfmanesdorf
207673,207673.pdf,wuestungslisten_kl_M-Z,205061,Wolfoltzdorf
232208,232208.pdf,2077-10b_wolfoltzdorf,205061,Wolfoltzdorf
207673,207673.pdf,wuestungslisten_kl_M-Z,205063,Wolframsdorf
232207,232207.pdf,2078-10b_wolframsdorf,205063,Wolframsdorf
207673,207673.pdf,wuestungslisten_kl_M-Z,205065,Wolfraum
232204,232204.pdf,2079-10b_wolfraum,205065,Wolfraum
207673,207673.pdf,wuestungslisten_kl_M-Z,205067,Wolfsek
231827,231827.pdf,2080-10b_wolfsek,205067,Wolfsek
207673,207673.pdf,wuestungslisten_kl_M-Z,205069,Wolfsperg
231828,231828.pdf,2081-10_wolfsperg,205069,Wolfsperg
207673,207673.pdf,wuestungslisten_kl_M-Z,205071,Wolfsperch
232201,232201.pdf,2082-10b_wolfsperch,205071,Wolfsperch
207673,207673.pdf,wuestungslisten_kl_M-Z,205073,Wolftal
232194,232194.pdf,2083-10b_wolftal,205073,Wolftal
207673,207673.pdf,wuestungslisten_kl_M-Z,205075,Wolfzekk
232193,232193.pdf,2085-10b_wolfzekk an dem,205075,Wolfzekk
207673,207673.pdf,wuestungslisten_kl_M-Z,205077,Wollmannsbrunn
207673,207673.pdf,wuestungslisten_kl_M-Z,205079,Wolrates
232190,232190.pdf,2087-10b_wolrates,205079,Wolrates
207673,207673.pdf,wuestungslisten_kl_M-Z,205081,Wolrates
207673,207673.pdf,wuestungslisten_kl_M-Z,205083,Wolue
232186,232186.pdf,2089-10b_wolue de,205083,Wolue
207673,207673.pdf,wuestungslisten_kl_M-Z,205085,Wolvursdorf
231874,231874.pdf,2090-10b_wolvursdorf,205085,Wolvursdorf
215172,215172.png,2090-20b_Wördernmühle,205087,Wördernmühle*
207673,207673.pdf,wuestungslisten_kl_M-Z,205089,Wulfingen
231872,231872.pdf,2091-10b_wulfingen,205089,Wulfingen
207673,207673.pdf,wuestungslisten_kl_M-Z,205091,Wulfingstain
232185,232185.pdf,2092-10b_wulfingestain,205091,Wulfingstain
207673,207673.pdf,wuestungslisten_kl_M-Z,205093,Wulkendorf
232184,232184.pdf,2093-10b_wulkendorf_geschwärzt,205093,Wulkendorf
207673,207673.pdf,wuestungslisten_kl_M-Z,205095,Wulzendorf
232183,232183.pdf,2094-10b_wulzendorf_geschwärzt,205095,Wulzendorf
207673,207673.pdf,wuestungslisten_kl_M-Z,205097,Groß Wulzesdorf
232182,232182.pdf,2095-10b_wulzesdorf groß,205097,Groß Wulzesdorf
207673,207673.pdf,wuestungslisten_kl_M-Z,205099,Wünthan
222854,222854.pdf,2096-10b_wuenthan,205099,Wünthan
207673,207673.pdf,wuestungslisten_kl_M-Z,205101,Wunzesdorf
222852,222852.pdf,2097-10b_wunzesdorf,205101,Wunzesdorf
207673,207673.pdf,wuestungslisten_kl_M-Z,205103,Wykensteiner
222851,222851.pdf,2098-10b_wykenstainer,205103,Wykensteiner
207672,207672.pdf,wuestungslisten_kl_A-L,205213,Ydungsteten
207673,207673.pdf,wuestungslisten_kl_M-Z,205213,Ydungsteten
207673,207673.pdf,wuestungslisten_kl_M-Z,205215,Ymelingen
222844,222844.pdf,2100-10b_ymelingen,205215,Ymelingen
231708,231708.pdf,2100-20b_zaindlhof,205217,Zaindlhof
229931,229931.glb,2100-20b_Zaindlhof,205217,Zaindlhof
215173,215173.png,2100-20b_Zaindlhof,205217,Zaindlhof
207673,207673.pdf,wuestungslisten_kl_M-Z,205219,Zagalstreiphingin
207581,207581.pdf,Haider_begangene Wüstungen_geschwärzt,205219,Zagalstreiphingin
234398,234398.pdf,19760224_Strohschneider_an_Haider_geschwärzt,205219,Zagalstreiphingin
215174,215174.png,2101-10b_Zagalstreiphingin_skz_01,205219,Zagalstreiphingin
230569,230569.pdf,2101-10b_zagalstreiphingin_geschwärzt,205219,Zagalstreiphingin
234403,234403.pdf,Haider_begangene Wüstungen_geschwärzt,205219,Zagalstreiphingin
234395,234395.pdf,19760216_Haider_an_Strohschneider_geschwärzt,205219,Zagalstreiphingin
207673,207673.pdf,wuestungslisten_kl_M-Z,205221,Zagel
230570,230570.pdf,2102-10b_zagel dacz,205221,Zagel
207673,207673.pdf,wuestungslisten_kl_M-Z,205225,Zagelaw
230573,230573.pdf,2103-10b_zagelaw,205225,Zagelaw
207673,207673.pdf,wuestungslisten_kl_M-Z,205227,Zaglau
230575,230575.pdf,2104-10b_zagelau in der,205227,Zaglau
207673,207673.pdf,wuestungslisten_kl_M-Z,205229,Zaglaw
230580,230580.pdf,2105-10b_zaglaw_geschwärzt,205229,Zaglaw
207673,207673.pdf,wuestungslisten_kl_M-Z,205231,Zaglawe
215175,215175.png,2106-10b_Zaglawe_Hausgarten,205231,Zaglawe
231700,231700.pdf,2106-10b_zaglawe_geschwärzt,205231,Zaglawe
207673,207673.pdf,wuestungslisten_kl_M-Z,205233,Zaglowe
207673,207673.pdf,wuestungslisten_kl_M-Z,205235,Zaia
215176,215176.png,2108-20b_Zaina_Alt,205237,Alt Zaina
231757,231757.pdf,2108-30b_oberzaina,205237,Alt Zaina
207673,207673.pdf,wuestungslisten_kl_M-Z,205240,Ober Zaina
207673,207673.pdf,wuestungslisten_kl_M-Z,205242,Zainwerd
231685,231685.pdf,2110-10b_zainwerd,205242,Zainwerd
207673,207673.pdf,wuestungslisten_kl_M-Z,205244,Zankendorf
206098,206098.pdf,"Margl, Wüstungen begangen von",205244,Zankendorf
215181,215181.png,2111-10b_Zankendorf_skz_01a,205244,Zankendorf
215180,215180.png,2111-10b_Zankendorf_skz_01b,205244,Zankendorf
231654,231654.pdf,2111-10b_zankendorf_geschwärzt,205244,Zankendorf
215463,215463.pdf,Aufstellung Leistungen der Außenmitarbeiter (Stand 19.4.1975),205244,Zankendorf
207673,207673.pdf,wuestungslisten_kl_M-Z,205246,Zedelmaeringen
231623,231623.pdf,2112-10b_zedelmaeringen,205246,Zedelmaeringen
207673,207673.pdf,wuestungslisten_kl_M-Z,205248,Zeileich
231291,231291.pdf,2113-10b_zeileich_geschwärzt,205248,Zeileich
215182,215182.png,2113-20b_Zeiling,205250,Zeiling*
234343,234343.pdf,Überblick Langes Tal,205250,Zeiling*
215183,215183.png,2113-30b_Zeilet,205252,Zeilet*
207673,207673.pdf,wuestungslisten_kl_M-Z,205254,Zeizmannesprunne
231253,231253.pdf,2114-10b_zeizmannesprunne,205254,Zeizmannesprunne
207673,207673.pdf,wuestungslisten_kl_M-Z,205256,Zeizmannestetin
207673,207673.pdf,wuestungslisten_kl_M-Z,205258,Zels
231249,231249.pdf,2116-10b_zels,205258,Zels
207673,207673.pdf,wuestungslisten_kl_M-Z,205260,Zemeruprehttis
230473,230473.pdf,2117-10b_zemeruprehttis,205260,Zemeruprehttis
207673,207673.pdf,wuestungslisten_kl_M-Z,205263,Zemmhofen
229932,229932.glb,2118-10b_Zemmhofen,205263,Zemmhofen
215184,215184.png,2118-10b_Zemmhofen,205263,Zemmhofen
207673,207673.pdf,wuestungslisten_kl_M-Z,205265,Zeminaten
230471,230471.pdf,2119-10b_zeminaten,205265,Zeminaten
207673,207673.pdf,wuestungslisten_kl_M-Z,205267,Zemingendorf
230470,230470.pdf,2120-10b_zemingendorf_geschwärzt,205267,Zemingendorf
230387,230387.pdf,2120-20b_zinsacker,205269,Zinsacker*
215185,215185.png,2120-20b_Zinsacker_skz_01,205269,Zinsacker*
230378,230378.pdf,2120-30b_ziegelfeld,205271,Ziegelfeld*
215186,215186.png,2120-30b_Ziegelfeld,205271,Ziegelfeld*
207673,207673.pdf,wuestungslisten_kl_M-Z,205273,Ziegelofen
207673,207673.pdf,wuestungslisten_kl_M-Z,205275,Zobansperge
226865,226865.pdf,2122-10b_zobansperge_geschwärzt,205275,Zobansperge
207673,207673.pdf,wuestungslisten_kl_M-Z,205277,Zohensunsdorf
226864,226864.pdf,2123-10b_zohensunsdorf,205277,Zohensunsdorf
207673,207673.pdf,wuestungslisten_kl_M-Z,205279,Zoleilsdorf
223103,223103.pdf,2124-10b_zoleilsdorf,205279,Zoleilsdorf
223084,223084.pdf,2124-20b_zollern,205281,Zollern*
215213,215213.png,2124-20b_Zollern,205281,Zollern*
207673,207673.pdf,wuestungslisten_kl_M-Z,205283,Zontes
225405,225405.pdf,2125-10b_zontes villa,205283,Zontes
207673,207673.pdf,wuestungslisten_kl_M-Z,205285,Zueringen
223081,223081.pdf,2126-10b_zueringen_geschwärzt,205285,Zueringen
226824,226824.pdf,2126-20b_zulehen,205287,Zulehen*
215214,215214.png,2126-20b_Zulehen,205287,Zulehen*
207673,207673.pdf,wuestungslisten_kl_M-Z,205291,Zuntinesprucca
226820,226820.pdf,2128-10b_zuntinesprucca,205291,Zuntinesprucca
207673,207673.pdf,wuestungslisten_kl_M-Z,205293,Zuonis
222099,222099.pdf,2129-10b_zuonis,205293,Zuonis
207673,207673.pdf,wuestungslisten_kl_M-Z,205295,Zuspach
222841,222841.pdf,2130-10b_zuspach,205295,Zuspach
207673,207673.pdf,wuestungslisten_kl_M-Z,205297,Zutechsdorf
207668,207668.pdf,wuestungsarchiv_konzeption_organisatio_arbeitsplanung,205297,Zutechsdorf
222839,222839.pdf,2131-10b_zutechsdorf,205297,Zutechsdorf
207673,207673.pdf,wuestungslisten_kl_M-Z,205299,Zwaynhofen
223091,223091.pdf,2132-10b_zwaynhofen,205299,Zwaynhofen
207673,207673.pdf,wuestungslisten_kl_M-Z,205301,Zweirech
222121,222121.pdf,2133-10b_zweirech,205301,Zweirech
207673,207673.pdf,wuestungslisten_kl_M-Z,205305,Zwetlberch purchstal
223072,223072.pdf,2134-10b_zwetlberch purchstal,205305,Zwetlberch purchstal
207673,207673.pdf,wuestungslisten_kl_M-Z,205307,Zwichleintorf
224562,224562.pdf,2135-10b_zwichleinstorf_geschwärzt,205307,Zwichleintorf
207673,207673.pdf,wuestungslisten_kl_M-Z,205309,Zwiselchirchen
222111,222111.pdf,2136-10b_zwiselchirchen,205309,Zwiselchirchen
207598,207598.pdf,Liste nordburgenländischer Wüstungen,207971,Altdorf
234408,234408.pdf,19730427_Eibner_an_Opferkuh_geschwärzt,207971,Altdorf
207975,207975.pdf,altdorf fischldorf,207971,Altdorf
207598,207598.pdf,Liste nordburgenländischer Wüstungen,207977,FN Altes Dorf
207980,207980.pdf,altes dorf fischerdörfl,207977,FN Altes Dorf
215463,215463.pdf,Aufstellung Leistungen der Außenmitarbeiter (Stand 19.4.1975),207977,FN Altes Dorf
234408,234408.pdf,19730427_Eibner_an_Opferkuh_geschwärzt,207977,FN Altes Dorf
207985,207985.pdf,alt-illmitz kirchhügel,207982,Unter-Illmitz*
207598,207598.pdf,Liste nordburgenländischer Wüstungen,207986,Altsaida
207988,207988.pdf,altsaida,207986,Altsaida
234408,234408.pdf,19730427_Eibner_an_Opferkuh_geschwärzt,207986,Altsaida
207598,207598.pdf,Liste nordburgenländischer Wüstungen,207990,Ban
207992,207992.pdf,ban,207990,Ban
208004,208004.pdf,bgl_alrams,207995,Alrams
234757,234757.pdf,vonOsten_Mittelbgld,207995,Alrams
234757,234757.pdf,vonOsten_Mittelbgld,207995,Alrams
207598,207598.pdf,Liste nordburgenländischer Wüstungen,208006,Dobrony
208009,208009.pdf,bgld_dobrony dobron,208006,Dobrony
234408,234408.pdf,19730427_Eibner_an_Opferkuh_geschwärzt,208006,Dobrony
208013,208013.pdf,bgld_edelstal,208011,Edelstal
208023,208023.pdf,bgld_edemeuch,208018,Edemeuch
234408,234408.pdf,19730427_Eibner_an_Opferkuh_geschwärzt,208018,Edemeuch
217872,217872.png,Bors 1991 Ortswüstungen in Mittelburgenland,208028,Engelsdorf
215460,215460.pdf,Bors_Ortswüstungen in Mittelburgenland,208028,Engelsdorf
208032,208032.pdf,bgld_engelsdorf,208028,Engelsdorf
207598,207598.pdf,Liste nordburgenländischer Wüstungen,208112,Finsterkreuz
208114,208114.pdf,bgld_finsterkreuz,208112,Finsterkreuz
234408,234408.pdf,19730427_Eibner_an_Opferkuh_geschwärzt,208112,Finsterkreuz
208118,208118.pdf,bgld_frauenkirchen,208116,Frauenkirchen
208125,208125.pdf,bgld_gaberlingbach,208123,Gaberlingbach*
217872,217872.png,Bors 1991 Ortswüstungen in Mittelburgenland,208123,Gaberlingbach*
208129,208129.pdf,bgld_gobornok,208127,Gobornok
215460,215460.pdf,Bors_Ortswüstungen in Mittelburgenland,208127,Gobornok
208138,208138.pdf,bgld_goetsch,208132,Götsch
207598,207598.pdf,Liste nordburgenländischer Wüstungen,208132,Götsch
234408,234408.pdf,19730427_Eibner_an_Opferkuh_geschwärzt,208132,Götsch
207598,207598.pdf,Liste nordburgenländischer Wüstungen,208280,Haberndorf
208284,208284.pdf,bgld_haberndorf,208280,Haberndorf
234408,234408.pdf,19730427_Eibner_an_Opferkuh_geschwärzt,208280,Haberndorf
208302,208302.pdf,bgld_hannifthal,208288,Hannifthal
207598,207598.pdf,Liste nordburgenländischer Wüstungen,208288,Hannifthal
234408,234408.pdf,19730427_Eibner_an_Opferkuh_geschwärzt,208288,Hannifthal
208309,208309.pdf,bgld_inse,208307,Inse
208324,208324.pdf,bgld_kaporjan,208315,Kaporjan
217872,217872.png,Bors 1991 Ortswüstungen in Mittelburgenland,208315,Kaporjan
234757,234757.pdf,vonOsten_Mittelbgld,208315,Kaporjan
215460,215460.pdf,Bors_Ortswüstungen in Mittelburgenland,208315,Kaporjan
234757,234757.pdf,vonOsten_Mittelbgld,208315,Kaporjan
208336,208336.pdf,3310-10_karaka,208331,Karaka
217872,217872.png,Bors 1991 Ortswüstungen in Mittelburgenland,208331,Karaka
215460,215460.pdf,Bors_Ortswüstungen in Mittelburgenland,208331,Karaka
198316,198316.jpg,Grafenwasen 3D reconstruction,208359,Runder Berg
198240,198240.jpg,Excavation Runder Berg Sketch 2,208359,Runder Berg
198239,198239.jpg,Excavation Runder Berg Sketch 1,208359,Runder Berg
213180,213180.webp,RunderBerg,208359,Runder Berg
213179,213179.glb,RunderBerg,208359,Runder Berg
198238,198238.png,Grafenwasen magnetics,208359,Runder Berg
198237,198237.png,Grafenwasen radar,208359,Runder Berg
238157,238157.jpg,1713 Map of Mitterhof by Marinoni,208502,Mitterhof site
237450,237450.jpg,Vischer Mitterhof 1697,208502,Mitterhof site
236974,236974.jpg,1713 Map Laa Marinoni,208502,Mitterhof site
236805,236805.jpg,Vischer Kupferstich 1697,208502,Mitterhof site
207672,207672.pdf,wuestungslisten_kl_A-L,209255,Kottingrub
233815,233815.pdf,0579-10b_grub,209255,Kottingrub
207672,207672.pdf,wuestungslisten_kl_A-L,209258,Nieder Grueb
233816,233816.pdf,0580-10b_grub,209258,Nieder Grueb
223729,223729.glb,0580-10b_Niedergrub,209258,Nieder Grueb
209261,209261.png,0580-10b_niedergrub_skz_01,209258,Nieder Grueb
209912,209912.png,0697-21b_22b_helmitzbrunn_skz_01,209909,Helmitzbrunn II
209912,209912.png,0697-21b_22b_helmitzbrunn_skz_01,209909,Helmitzbrunn II
209913,209913.png,0697-22b_helmitzbrunn_II_02,209909,Helmitzbrunn II
224152,224152.glb,0697-21b_22b_Helmitzbrunn,209909,Helmitzbrunn II
224152,224152.glb,0697-21b_22b_Helmitzbrunn,209909,Helmitzbrunn II
234618,234618.pdf,0697-20b_helmitzbrunn_I_II,209909,Helmitzbrunn II
234618,234618.pdf,0697-20b_helmitzbrunn_I_II,209909,Helmitzbrunn II
234721,234721.pdf,0759-21b_hocheck,210038,Hocheck
224300,224300.glb,0759-2_Hocheck_AB,210038,Hocheck
224300,224300.glb,0759-2_Hocheck_AB,210038,Hocheck
210044,210044.png,0759-21b_hocheck_b_skz_01,210038,Hocheck
207673,207673.pdf,wuestungslisten_kl_M-Z,211639,Niederbrunn
237052,237052.pdf,1135-10b_niederbrunn,211639,Niederbrunn
224749,224749.glb,1147-20b_Nonnenfeld,211902,Nonnenfeld*
211904,211904.png,1147-20b_Nonnenfeld_skz_01,211902,Nonnenfeld*
207673,207673.pdf,wuestungslisten_kl_M-Z,211949,St. Oswald
234395,234395.pdf,19760216_Haider_an_Strohschneider_geschwärzt,211949,St. Oswald
234403,234403.pdf,Haider_begangene Wüstungen_geschwärzt,211949,St. Oswald
234391,234391.pdf,19760211_Haider_an_Strohschneider_geschwärzt,211949,St. Oswald
234384,234384.pdf,19760106_Haider_an_AMA_geschwärzt,211949,St. Oswald
234390,234390.pdf,19760209_Strohschneider_an_Haider_geschwärzt,211949,St. Oswald
234389,234389.pdf,19760128_Haider_an_Strohschneider_geschwärzt,211949,St. Oswald
211951,211951.png,1198-10b_St_Oswald_skz_01,211949,St. Oswald
239346,239346.pdf,1198-10b_st oswald_geschwärzt,211949,St. Oswald
229346,229346.glb,1223-20b_Paning,211954,Paning*
211959,211959.png,1223-20b_Paning_skz_01,211954,Paning*
241091,241091.pdf,1223-20b_paning,211954,Paning*
211960,211960.png,1686-20b_Spital_skz_01,211957,Spital*
207673,207673.pdf,wuestungslisten_kl_M-Z,213072,Rotensee
363596,363596.pdf,1530-10b_rotense_geschwärzt,213072,Rotensee
229627,229627.glb,1619-40b_Seebser_Hofstatt,213468,Seebser Hofstatt*
213470,213470.png,1619-40b_Seebser_Hofstatt_skz_01,213468,Seebser Hofstatt*
214396,214396.png,1814-20b_Tiuphinbach_skz_01_modified,214393,Tiuphinbach
214395,214395.png,1814-20b_Tiuphinbach_skz_01,214393,Tiuphinbach
215179,215179.png,2108-30b_Oberzaina,215177,Oberzaina
231757,231757.pdf,2108-30b_oberzaina,215177,Oberzaina
207673,207673.pdf,wuestungslisten_kl_M-Z,215215,Zunkendorf
226821,226821.pdf,2127-10b_zunkendorf,215215,Zunkendorf
215220,215220.png,2127-10b_Zunkendorf_skz_01,215215,Zunkendorf
215221,215221.png,2127-10b_Zunkendorf_skz_02,215215,Zunkendorf
215219,215219.png,2127-10b_Zunkendorf_Zunkenhöfe,215215,Zunkendorf
226822,226822.pdf,2127-11b_zunkenhoefe,215217,Zunkenhöfe
215221,215221.png,2127-10b_Zunkendorf_skz_02,215217,Zunkenhöfe
215220,215220.png,2127-10b_Zunkendorf_skz_01,215217,Zunkenhöfe
215219,215219.png,2127-10b_Zunkendorf_Zunkenhöfe,215217,Zunkenhöfe
233346,233346.pdf,bgld_raidingbach,215338,Raidingbach*
215340,215340.png,Rainingbach_skz_01,215338,Raidingbach*
217872,217872.png,Bors 1991 Ortswüstungen in Mittelburgenland,215338,Raidingbach*
215460,215460.pdf,Bors_Ortswüstungen in Mittelburgenland,215338,Raidingbach*
215460,215460.pdf,Bors_Ortswüstungen in Mittelburgenland,215341,Samersdorf
233357,233357.pdf,bgld_samersdorf,215341,Samersdorf
215343,215343.png,bgld_Samersdorf_skz_01,215341,Samersdorf
217872,217872.png,Bors 1991 Ortswüstungen in Mittelburgenland,215341,Samersdorf
233373,233373.pdf,bgld_spanfurth,215344,Spanfurt
215346,215346.png,bgld_Spanfurth_skz_01,215344,Spanfurt
217872,217872.png,Bors 1991 Ortswüstungen in Mittelburgenland,215344,Spanfurt
215460,215460.pdf,Bors_Ortswüstungen in Mittelburgenland,215344,Spanfurt
215460,215460.pdf,Bors_Ortswüstungen in Mittelburgenland,215351,Windisch Sussendorf*
233566,233566.pdf,bgld_windisch sussendorf,215351,Windisch Sussendorf*
215353,215353.png,bgld_Windisch_Sussendorf_skz_01,215351,Windisch Sussendorf*
217872,217872.png,Bors 1991 Ortswüstungen in Mittelburgenland,215351,Windisch Sussendorf*
207673,207673.pdf,wuestungslisten_kl_M-Z,215475,Niklasdorf
237961,237961.pdf,1138-10b_niklasdorf,215475,Niklasdorf
207673,207673.pdf,wuestungslisten_kl_M-Z,215837,Scintlecca
207673,207673.pdf,wuestungslisten_kl_M-Z,215843,Siednaspach
207673,207673.pdf,wuestungslisten_kl_M-Z,215849,Slierpech
207673,207673.pdf,wuestungslisten_kl_M-Z,215851,Sparbareck
217872,217872.png,Bors 1991 Ortswüstungen in Mittelburgenland,217870,Lackenbach*
233224,233224.pdf,bgld_ludwigshof,217877,Ludwigshof*
217872,217872.png,Bors 1991 Ortswüstungen in Mittelburgenland,217877,Ludwigshof*
217872,217872.png,Bors 1991 Ortswüstungen in Mittelburgenland,217881,Paulshof
233193,233193.pdf,bgld_paulshof,217881,Paulshof
217872,217872.png,Bors 1991 Ortswüstungen in Mittelburgenland,217884,Hausbergdorf*
233395,233395.pdf,bgld_ungarisch sussuk,217888,Ungarisch Sussendorf
217872,217872.png,Bors 1991 Ortswüstungen in Mittelburgenland,217888,Ungarisch Sussendorf
233212,233212.pdf,bgld_nadasty,217893,Zabloch
217872,217872.png,Bors 1991 Ortswüstungen in Mittelburgenland,217893,Zabloch
217872,217872.png,Bors 1991 Ortswüstungen in Mittelburgenland,217898,Pulczesdorf
233191,233191.pdf,bgld_petersdorf,217920,Petersdorf*
217872,217872.png,Bors 1991 Ortswüstungen in Mittelburgenland,217920,Petersdorf*
217872,217872.png,Bors 1991 Ortswüstungen in Mittelburgenland,217931,Öde Siedlung*
207672,207672.pdf,wuestungslisten_kl_A-L,217938,Praeitenmos
207673,207673.pdf,wuestungslisten_kl_M-Z,217938,Praeitenmos
207672,207672.pdf,wuestungslisten_kl_A-L,217950,Dietrechespach
232629,232629.pdf,0285-10b_dietrichespach,217950,Dietrechespach
233412,233412.jpg,1148-10b_norcindorf_fot_18,217966,Excavation Natzendorf
217980,217980.jpg,1148-10b_norcindorf_fot_16,217966,Excavation Natzendorf
217969,217969.jpg,1148-10b_norcindorf_fot_07,217966,Excavation Natzendorf
217968,217968.jpg,1148-10b_norcindorf_fot_04,217966,Excavation Natzendorf
217972,217972.jpg,1148-10b_norcindorf_fot_03,217966,Excavation Natzendorf
217960,217960.jpg,1148-10b_norcindorf_fot_02,217966,Excavation Natzendorf
217976,217976.jpg,1148-10b_norcindorf_fot_12,217970,"lfm 7,40-10"
217975,217975.jpg,1148-10b_norcindorf_fot_11,217970,"lfm 7,40-10"
217974,217974.jpg,1148-10b_norcindorf_fot_09,217970,"lfm 7,40-10"
217979,217979.jpg,1148-10b_norcindorf_fot_14,217977,lfm 12-14
207672,207672.pdf,wuestungslisten_kl_A-L,218584,Gerewote
233522,233522.pdf,0500-10b_gerewote,218584,Gerewote
207672,207672.pdf,wuestungslisten_kl_A-L,218625,Havczenfeld
234320,234320.pdf,0675-10b_hauczenfeld,218625,Havczenfeld
207672,207672.pdf,wuestungslisten_kl_A-L,218634,Heutzing
234662,234662.pdf,0734-10b_heutzing,218634,Heutzing
207672,207672.pdf,wuestungslisten_kl_A-L,218732,Chlagpaum
231990,231990.pdf,0193-10b_chlagpaum,218732,Chlagpaum
207672,207672.pdf,wuestungslisten_kl_A-L,219299,Chungesperc
232365,232365.pdf,0244-10b_chungesperc,219299,Chungesperc
207672,207672.pdf,wuestungslisten_kl_A-L,219311,Grueb
233815,233815.pdf,0579-10b_grub,219311,Grueb
207672,207672.pdf,wuestungslisten_kl_A-L,219517,Levbmansdorf
207672,207672.pdf,wuestungslisten_kl_A-L,219520,Leupmanisrüte
235482,235482.pdf,0929-10b_leupmanisrüte,219520,Leupmanisrüte
207673,207673.pdf,wuestungslisten_kl_M-Z,219583,Mulhof
219733,219733.pdf,Klein-Motten_VH,219731,Kleinmotten
233610,233610.pdf,19810428_FFelgenhauer an Allentsteig,219731,Kleinmotten
207673,207673.pdf,wuestungslisten_kl_M-Z,219738,Söllitz
233610,233610.pdf,19810428_FFelgenhauer an Allentsteig,219738,Söllitz
219749,219749.pdf,Söllitz_ 19810522_Exkursionsprotokoll_IS,219738,Söllitz
219748,219748.jpg,Soellitz-Waldviertelexk_19810522_01,219738,Söllitz
219747,219747.jpg,Soellitz-Waldviertel-Exk_19810522_02,219738,Söllitz
219746,219746.jpg,Soellitz-Waldviertel-Exk_19810522_03,219738,Söllitz
219745,219745.jpg,Soellitz-Waldviertel-Exk_19810522_04,219738,Söllitz
219744,219744.jpg,Soellitz-Waldviertel-Exk_19810522_05,219738,Söllitz
219743,219743.jpg,Soellitz-Waldviertel-Exk_19810522_06,219738,Söllitz
219742,219742.jpg,Soellitz-Waldviertel-Exk_19810522_07,219738,Söllitz
219741,219741.jpg,Soellitz-Waldviertel-Exk_19810522_08-Haus-am-Ortsbeginn,219738,Söllitz
234317,234317.pdf,19710525_Exzerpt_Gross-Poppen,219757,Großpoppen
219765,219765.pdf,Groß-Poppen_KK,219757,Großpoppen
219764,219764.jpg,Grosspoppen_fot_04,219757,Großpoppen
219763,219763.jpg,Grosspoppen_fot_03,219757,Großpoppen
219762,219762.jpg,Grosspoppen_fot_02,219757,Großpoppen
219761,219761.jpg,Grosspoppen_fot_01,219757,Großpoppen
233610,233610.pdf,19810428_FFelgenhauer an Allentsteig,219757,Großpoppen
220108,220108.svg,0273-20b_danzig*_ker_01,220106,0273-20b_danzig_ker_01
220251,220251.pdf,0430-50b_fertelfeld,220249,Surface 0430-50b Fertelfeld* (strat unit)
236210,236210.svg,0430-50b_fertelfeld*_ker_04,220259,0430-50b_fertelfeld*_ker_04
236209,236209.svg,0430-50b_fertelfeld*_ker_03,220261,0430-50b_fertelfeld*_ker_03
236208,236208.svg,0430-50b_fertelfeld*_ker_02,220263,0430-50b_fertelfeld*_ker_02
236207,236207.svg,0430-50b_fertelfeld*_ker_01,220265,0430-50b_fertelfeld*_ker_01
234757,234757.pdf,vonOsten_Mittelbgld,220582,Ketundorf
234757,234757.pdf,vonOsten_Mittelbgld,220582,Ketundorf
233364,233364.pdf,bgld_see,220588,Ferteu
221970,221970.svg,natzendorf_ker_02,221968,1148-10b_norcindorf_ker_02
221973,221973.svg,natzendorf_ker_01,221971,1148-10b_norcindorf_ker_01
223448,223448.svg,2014-10b_wielesdorf_ker_03,223446,2014-10b_wielesdorf_ker_03
223451,223451.svg,2014-10b_wielesdorf_ker_02,223449,2014-10b_wielesdorf_ker_02
223712,223712.svg,35-10b_albrechtendorf_ker_01,223706,0035-10b_albrechtendorf_ker_01
223718,223718.svg,albrechtendorf_ker_02,223716,0035-10b_albrechtendorf_ker_02
223816,223816.svg,0037-20b_aldersdorfer_hof_ker_01,223814,0037-20b_aldersdorferhof_ker_01
223819,223819.svg,aldersdorfer_hof_ker_02,223817,0037-20b_aldersdorferhof_ker_02
223830,223830.svg,0038-10b_alfritzen_ker_01,223828,0038-10b_alfritzen_ker_01
223833,223833.svg,0038-10b_alfritzen_ker_02,223831,0038-10b_alfritzen_ker_02
224844,224844.svg,2030-10b_willradi_ker_01,224148,2030-10b_willradi_ker_01
224845,224845.svg,2030-10b_willradi_ker_02,224831,2030-10b_willradi_ker_02
224846,224846.svg,2030-10b_willradi_ker_03,224833,2030-10b_willradi_ker_03
224847,224847.svg,2030-10b_willradi_ker_04,224835,2030-10b_willradi_ker_04
224848,224848.svg,2030-10b_willradi_ker_05,224837,2030-10b_willradi_ker_05
224849,224849.svg,2030-10b_willradi_ker_06,224839,2030-10b_willradi_ker_06
224850,224850.svg,2030-10b_willradi_ker_10,224841,2030-10b_willradi_ker_10
225311,225311.svg,heutal_ker_01,225286,0732-10b_heutal_ker_01
225343,225343.svg,heutal_ker_02,225292,0732-10b_heutal_ker_02
225344,225344.svg,heutal_ker_03,225297,0732-10b_heutal_ker_03
225345,225345.svg,heutal_ker_04,225301,0732-10b_heutal_ker_04
225341,225341.svg,heutal_ker_05,225303,0732-10b_heutal_ker_05
225346,225346.svg,heutal_ker_06,225309,0732-10b_heutal_ker_06
225349,225349.svg,heutal_ker_07,225347,0732-10b_heutal_ker_07
225352,225352.svg,heutal_ker_08,225350,0732-10b_heutal_ker_08
225355,225355.svg,heutal_ker_09,225353,0732-10b_heutal_ker_09
229070,229070.svg,0091-10b_aspach_ker_01,229068,0091-10b_aspach_ker_01
229073,229073.svg,0091-10b_aspach_ker_02,229071,0091-10b_aspach_ker_02
229076,229076.svg,0091-10b_aspach_ker_03,229074,0091-10b_aspach_ker_03
229079,229079.svg,0091-10b_aspach_ker_04,229077,0091-10b_aspach_ker_04
229082,229082.svg,0091-10b_aspach_ker_05,229080,0091-10b_aspach_ker_05
229146,229146.svg,0091-10b_aspach_ker_06,229144,0091-10b_aspach_ker_06
229155,229155.svg,0091-10b_aspach_ker_07,229147,0091-10b_aspach_ker_07
229162,229162.svg,0091-10b_aspach_ker_08,229160,0091-10b_aspach_ker_08
229178,229178.svg,0091-10b_aspach_ker_09,229176,0091-10b_aspach_ker_09
229181,229181.svg,0091-10b_aspach_ker_10,229179,0091-10b_aspach_ker_10
229184,229184.svg,0091-10b_aspach_ker_11,229182,0091-10b_aspach_ker_11
229194,229194.svg,0091-10b_aspach_ker_12,229185,0091-10b_aspach_ker_12
229189,229189.svg,0091-10b_aspach_ker_13,229187,0091-10b_aspach_ker_13
229870,229870.svg,0100-20b_aufeld*_ker_01,229868,0100-10b_aufeld*_ker_01
230379,230379.svg,0123-20b_berg_ker_01,230376,0123-20b_berg_ker_01
230382,230382.svg,0123-20b_berg_ker_02,230380,0123-20b_berg_ker_02
230597,230597.svg,0132-10b_bischolfsdorf_ker_01,230595,0132-10b_bischolfsdorf_ker_01
230600,230600.svg,0132-10b_bischolfsdorf_ker_02,230598,0132-10b_bischolfsdorf_ker_02
231622,231622.svg,0149-20b_bruck_ker_01,231195,0149-20b_bruck_ker_01
231621,231621.svg,0149-20_bruck_ker_02,231198,0149-20b_bruck_ker_02
231225,231225.svg,0153-30b_brunnfeld_ker_01,231223,0153-30b_brunnfeld_ker_01
231228,231228.svg,0153-30b_brunnfeld_ker_02,231226,0153-30b_brunnfeld_ker_02
231231,231231.svg,0153-30b_brunnfeld_ker_03,231229,0153-30b_brunnfeld_ker_03
231234,231234.svg,0153-30b_brunnfeld_ker_04,231232,0153-30b_brunnfeld_ker_04
231237,231237.svg,0153-30b_brunnfeld_ker_05,231235,0153-30b_brunnfeld_ker_05
231450,231450.svg,0172-10b_chaltingange_ker_01,231448,0172-10b_chaltingange_ker_01
231453,231453.svg,0172-10b_chaltingange_ker_02,231451,0172-10b_chaltingange_ker_02
231456,231456.svg,0172-10b_chaltingange_ker_03,231454,0172-10b_chaltingange_ker_03
231474,231474.svg,0174-10_chapellen_ker_01,231472,0174-10b_chapellen_ker_01
231477,231477.svg,0174-10_chapellen_ker_02,231475,0174-10b_chapellen_ker_02
231517,231517.svg,0064-20b_alterstein_ker_01,231515,0064-20b_alterstein_ker_01
231520,231520.svg,0064-20b_alterstein_ker_02,231518,0064-20b_alterstein_ker_02
231523,231523.svg,0064-20_alterstein_ker_03,231521,0064-20b_alterstein_ker_03
231526,231526.svg,0064-20b_alterstein_ker_04,231524,0064-20b_alterstein_ker_04
231534,231534.svg,0178-10b_chawdenpach_ker_01,231532,0178-10b_chawdenpach_ker_01
231537,231537.svg,0178-10b_chawdenpach_ker_02,231535,0178-10b_chawdenpach_ker_02
231556,231556.svg,0532-10b_goldhahn_ker_02,231552,0532-10b_goldhahn_ker_02
231557,231557.svg,goldhahn_ker_01,231554,0532-10b_goldhahn_ker_01
231560,231560.svg,0532-10b_goldhahn_sch_01,231558,0532-10b_goldhahn_sch_01
231577,231577.svg,muehlgraben_ker_01,231575,1059-20b_muehlgraben_ker_01
231580,231580.svg,muehlgraben_ker_02,231578,1059-20b_muehlgraben_ker_02
231583,231583.svg,1059-20b_muehlgraben_ker_03,231581,1059-20b_muehlgraben_ker_03
231590,231590.svg,1328-20b_pommersdorf-ost_ker_01,231588,1328-20b_pommersdorf-ost_ker_01
231593,231593.svg,1328-20b_pommersdorf-ost_ker_02,231591,1328-20b_pommersdorf-ost_ker_02
231596,231596.svg,pommersdorf_ost_ker_03,231594,1328-20b_pommersdorf-ost_ker_03
231603,231603.svg,1841-10b_tures_minor_ker_01,231601,1841-20b_tures_minor_ker_01
231606,231606.svg,1841-20b_tures_minor_ker_02,231604,1841-20b_tures_minor_ker_02
231609,231609.svg,1841-20b_tures_minor_ker_03,231607,1841-20b_tures_minor_ker_03
231612,231612.svg,1841-20b_tures_minor_ker_04,231610,1841-20b_tures_minor_ker_04
231661,231661.svg,2111-10b_zankendorf_ker_01,231659,2111-10b_zankendorf_ker_01
233654,233654.pdf,bgld_Zitmannsdorf_oLit,231838,Zythmanndorf
234408,234408.pdf,19730427_Eibner_an_Opferkuh_geschwärzt,231838,Zythmanndorf
233151,233151.pdf,bgld_pfingstagmarkt,231902,Pfingstmarkt
207598,207598.pdf,Liste nordburgenländischer Wüstungen,231975,Katzendorf
233335,233335.pdf,bgld_katzendorf,231975,Katzendorf
234408,234408.pdf,19730427_Eibner_an_Opferkuh_geschwärzt,231975,Katzendorf
234757,234757.pdf,vonOsten_Mittelbgld,232871,Aytenpach
234757,234757.pdf,vonOsten_Mittelbgld,232871,Aytenpach
234757,234757.pdf,vonOsten_Mittelbgld,232874,Bichlesdorf
234757,234757.pdf,vonOsten_Mittelbgld,232874,Bichlesdorf
234757,234757.pdf,vonOsten_Mittelbgld,232880,Bikifeldeu
234757,234757.pdf,vonOsten_Mittelbgld,232880,Bikifeldeu
234757,234757.pdf,vonOsten_Mittelbgld,232884,Eckhendorff
234757,234757.pdf,vonOsten_Mittelbgld,232884,Eckhendorff
234757,234757.pdf,vonOsten_Mittelbgld,232886,Ekca
234757,234757.pdf,vonOsten_Mittelbgld,232886,Ekca
232901,232901.svg,3200-10_goetsch_ker_03,232899,3200-10_goetsch_ker_03
232904,232904.svg,3200-10_goetsch_ker_01,232902,3200-10_goetsch_ker_01
232977,232977.pdf,1963-10b_wasen im anzbach,232975,Wasen im Anzbach
233065,233065.svg,goetsch_ker_02,233063,3200-10_goetsch_ker_02
207598,207598.pdf,Liste nordburgenländischer Wüstungen,233078,Pomog
233190,233190.pdf,bgld_pomagh,233078,Pomog
234757,234757.pdf,vonOsten_Mittelbgld,233078,Pomog
234757,234757.pdf,vonOsten_Mittelbgld,233078,Pomog
234408,234408.pdf,19730427_Eibner_an_Opferkuh_geschwärzt,233078,Pomog
207612,207612.pdf,19770501_Schutzbier_an_Strohschneider,233108,Königsbrunn
207598,207598.pdf,Liste nordburgenländischer Wüstungen,233108,Königsbrunn
233333,233333.pdf,bgld_koenigsbrunn,233108,Königsbrunn
234408,234408.pdf,19730427_Eibner_an_Opferkuh_geschwärzt,233108,Königsbrunn
233332,233332.pdf,bgld_krottenthal,233110,Krottenthal
234408,234408.pdf,19730427_Eibner_an_Opferkuh_geschwärzt,233110,Krottenthal
234408,234408.pdf,19730427_Eibner_an_Opferkuh_geschwärzt,233113,Lahndorf
234757,234757.pdf,vonOsten_Mittelbgld,233115,Zolounta
234757,234757.pdf,vonOsten_Mittelbgld,233115,Zolounta
207598,207598.pdf,Liste nordburgenländischer Wüstungen,233120,Lehndorf
233322,233322.pdf,bgld_lehndorf,233120,Lehndorf
207598,207598.pdf,Liste nordburgenländischer Wüstungen,233122,Martenhofen
233400,233400.pdf,bgld_vitezfelde,233122,Martenhofen
233223,233223.pdf,bgld_martenhofen,233122,Martenhofen
234408,234408.pdf,19730427_Eibner_an_Opferkuh_geschwärzt,233122,Martenhofen
207598,207598.pdf,Liste nordburgenländischer Wüstungen,233128,Michldorf
234408,234408.pdf,19730427_Eibner_an_Opferkuh_geschwärzt,233128,Michldorf
233219,233219.pdf,bgld_michldorf,233128,Michldorf
207598,207598.pdf,Liste nordburgenländischer Wüstungen,233131,Mühldorf
233214,233214.pdf,bgld_muehldorf,233131,Mühldorf
234408,234408.pdf,19730427_Eibner_an_Opferkuh_geschwärzt,233131,Mühldorf
233207,233207.pdf,bgld_odunvolva,233133,Odunvolva
207598,207598.pdf,Liste nordburgenländischer Wüstungen,233138,Pahlendorf
233206,233206.pdf,bgld_pahlendorf,233138,Pahlendorf
234408,234408.pdf,19730427_Eibner_an_Opferkuh_geschwärzt,233138,Pahlendorf
233195,233195.pdf,bgld_pama,233144,Pama
233163,233163.svg,3560-10_pfingstmarktkreuz_ker_01,233156,3560-10_pfingstmarktkreuz_ker_01
233162,233162.svg,3560-10_pfingstmarktkreuz_ker_02,233160,3560-10_pfingstmarktkreuz_ker_02
207598,207598.pdf,Liste nordburgenländischer Wüstungen,233166,Pirichendorf
234408,234408.pdf,19730427_Eibner_an_Opferkuh_geschwärzt,233166,Pirichendorf
207598,207598.pdf,Liste nordburgenländischer Wüstungen,233173,Pozendorf
233181,233181.pdf,bgld_pozendorf,233173,Pozendorf
234408,234408.pdf,19730427_Eibner_an_Opferkuh_geschwärzt,233173,Pozendorf
233211,233211.pdf,bgld_neudorf bei parndorf,233209,Neudorf bei Parndorf
233376,233376.pdf,bgld_st jakob,233336,St. Jakob
234408,234408.pdf,19730427_Eibner_an_Opferkuh_geschwärzt,233336,St. Jakob
207613,207613.pdf,19770508_Antl_anSchutzbier,233348,Roy
207612,207612.pdf,19770501_Schutzbier_an_Strohschneider,233348,Roy
233356,233356.pdf,bgld_roy,233348,Roy
234408,234408.pdf,19730427_Eibner_an_Opferkuh_geschwärzt,233348,Roy
233362,233362.pdf,bgld_scenthpetur,233359,Scenthpetur
234408,234408.pdf,19730427_Eibner_an_Opferkuh_geschwärzt,233359,Scenthpetur
233372,233372.pdf,bgld_seyfried,233365,Seyfried
234757,234757.pdf,vonOsten_Mittelbgld,233365,Seyfried
234757,234757.pdf,vonOsten_Mittelbgld,233365,Seyfried
234408,234408.pdf,19730427_Eibner_an_Opferkuh_geschwärzt,233365,Seyfried
233400,233400.pdf,bgld_vitezfelde,233377,Tard
233380,233380.pdf,bgld_tard,233377,Tard
234408,234408.pdf,19730427_Eibner_an_Opferkuh_geschwärzt,233377,Tard
233386,233386.pdf,bgld_themphel,233381,Themphel
234408,234408.pdf,19730427_Eibner_an_Opferkuh_geschwärzt,233381,Themphel
233393,233393.pdf,bgld_ungarisch hof,233389,Ungarisch Hof
234408,234408.pdf,19730427_Eibner_an_Opferkuh_geschwärzt,233389,Ungarisch Hof
233400,233400.pdf,bgld_vitezfelde,233396,Vitézfelde
234408,234408.pdf,19730427_Eibner_an_Opferkuh_geschwärzt,233396,Vitézfelde
233408,233408.pdf,bgld_vogeldorf,233402,Vogeldorf
234408,234408.pdf,19730427_Eibner_an_Opferkuh_geschwärzt,233402,Vogeldorf
233569,233569.pdf,bgld_zarka,233567,Zarka
233655,233655.pdf,bgld_zatschen,233571,Chechunuelg
234408,234408.pdf,19730427_Eibner_an_Opferkuh_geschwärzt,233571,Chechunuelg
234757,234757.pdf,vonOsten_Mittelbgld,233661,Walbersdorf*
234757,234757.pdf,vonOsten_Mittelbgld,233661,Walbersdorf*
234757,234757.pdf,vonOsten_Mittelbgld,233667,Ruthukeuri
234757,234757.pdf,vonOsten_Mittelbgld,233667,Ruthukeuri
234757,234757.pdf,vonOsten_Mittelbgld,233677,Pugyn
234757,234757.pdf,vonOsten_Mittelbgld,233677,Pugyn
234757,234757.pdf,vonOsten_Mittelbgld,233688,Praedium Guntheri
234757,234757.pdf,vonOsten_Mittelbgld,233688,Praedium Guntheri
234757,234757.pdf,vonOsten_Mittelbgld,233690,Hostraaz
234757,234757.pdf,vonOsten_Mittelbgld,233690,Hostraaz
234757,234757.pdf,vonOsten_Mittelbgld,233694,Praedium Hollern
234757,234757.pdf,vonOsten_Mittelbgld,233694,Praedium Hollern
234757,234757.pdf,vonOsten_Mittelbgld,233698,Praedium Sur
234757,234757.pdf,vonOsten_Mittelbgld,233698,Praedium Sur
234757,234757.pdf,vonOsten_Mittelbgld,233700,Praedium Telek
234757,234757.pdf,vonOsten_Mittelbgld,233700,Praedium Telek
234757,234757.pdf,vonOsten_Mittelbgld,233763,Hof bei Sigleß*
234757,234757.pdf,vonOsten_Mittelbgld,233763,Hof bei Sigleß*
233780,233780.pdf,stmk_abtsthal,233775,Appestal
233786,233786.pdf,stmk_acilinsdorf,233783,Acilinsdorf
233791,233791.pdf,stmk_adendorf,233788,Aerndorf
233900,233900.pdf,stmk_aflicz,233895,Aflicz
233906,233906.pdf,stmk_aheim,233902,Aheim
233910,233910.pdf,stmk_aichenstauden,233908,Aichenstauden
233915,233915.pdf,stmk_ainod hartberg,233913,Ainod
233920,233920.pdf,stmk_ainod liezen,233916,Ainod
233925,233925.pdf,stmk_ainod ligist,233922,Ainod
233930,233930.pdf,stmk_albek,233927,Albek
233935,233935.pdf,stmk_alerswinchl,233932,Alerswinchl
233939,233939.pdf,stmk_apfaltern-seding,233936,Apfaltern
233944,233944.pdf,stmk_apfaltern-trofaiach,233940,Apfaltern
233953,233953.pdf,stmk_arendorf_geschwärzt,233946,Aerendorf
233957,233957.pdf,stmk_aychach,233955,Aychach
233964,233964.pdf,stmk_buch,233961,Buch
233970,233970.pdf,stmk_doerflein,233967,Dörflein
233976,233976.pdf,stmk_eberhartingen,233972,Eberhartingen
233981,233981.pdf,stmk_enzling,233977,Enzling
233984,233984.pdf,stmk_erlsbrunn,233982,Erlsbrunn
233989,233989.pdf,stmk_ernstes hofstetten,233986,Ernstes Hofstetten
233992,233992.pdf,stmk_frauentancz,233990,Frauentancz
234000,234000.pdf,stmk_haertl_geschwärzt,233993,Härdel
234004,234004.pdf,stmk_im gesell,234001,Im Gsell
234008,234008.pdf,stmk_im hann,234005,Im Hann
234016,234016.pdf,stmk_impolstorf,234010,Impolstorf
234058,234058.svg,1841-10b_alt_tures_ker_01,234050,1841-10b_alt tures_ker_01
234059,234059.svg,1841-10b_alt_tures_ker_02,234052,1841-10b_alt tures_ker_02
234060,234060.svg,1841-10b_alt_tures_ker_03,234054,1841-10b_alt tures_ker_03
234061,234061.svg,1841-10b_alt_tures_ker_04,234056,1841-10b_alt tures_ker_04
234143,234143.pdf,stmk_in der chlausen,234140,In der Chlausen
234147,234147.pdf,stmk_karberg,234144,Karberg
234151,234151.pdf,stmk_lamppach,234148,Lamppach
234160,234160.pdf,stmk_lenghaim_geschwärzt,234155,Lenghaim
234165,234165.pdf,stmk_lipnizza,234161,Lipnizza
234169,234169.pdf,stmk_mierzendorf,234166,Minczendorf
234180,234180.pdf,stmk_nieder-weitersfeld_geschwärzt,234175,Nieder-Weitersfeld
234183,234183.pdf,stmk_ottschinn,234181,Ottschinn
234190,234190.pdf,stmk_ozestorff,234186,Ozestorff
234195,234195.pdf,stmk_plazzern,234192,Plazzern
234198,234198.pdf,stmk_puksdorf,234196,Puksdorf
234201,234201.pdf,stmk_puxtorf,234199,Puxtorf
234211,234211.pdf,stmk_ratschendorf_geschwärzt,234204,Ratschendorf
234214,234214.pdf,stmk_roetenbach,234212,Rötenbach
234218,234218.pdf,stmk_snedelingen,234215,Snedelingen
234224,234224.pdf,stmk_sundermaningen,234221,Sundermaningen
234228,234228.pdf,stmk_uduleniduor,234225,Uduleniduor
234233,234233.pdf,stmk_unbirt,234230,Unbirt
234238,234238.pdf,stmk_ungerlein,234235,Ungerlein
234242,234242.pdf,stmk_vogelbayd,234240,Vogelbayd
234250,234250.pdf,stmk_walhesdorf,234246,Walhesdorf
234253,234253.pdf,stmk_waltenpuch,234251,Waltenpuch
234256,234256.pdf,stmk_weinbach,234254,Weinbach
234263,234263.pdf,stmk_wergantstorf,234257,Wergantstorf
234270,234270.pdf,stmk_wicemanningen,234267,Wicemaningen
234274,234274.pdf,stmk_wisen,234271,Wisen
234279,234279.pdf,stmk_yrintal,234275,Yrintal
234286,234286.pdf,stmk_yrminhartisdorf,234283,Yrminhartisdorf
234290,234290.pdf,stmk_ziub,234287,Ziub
234575,234575.svg,woerdernmuehle_ker_02,234573,2090-20b_woerdernmuehle_ker_02
234578,234578.svg,2090-20b_woerdernmuehle_ker_01,234576,2090-20b_woerdernmuehle_ker_01
234587,234587.svg,oppoldisdorf_ker_02,234585,1194-10_oppoldisdorf_ker_02
234590,234590.svg,oppoldisdorf_ker_03,234588,1194-10_oppoldisdorf_ker_03
234766,234766.svg,kaisergraben_ker_02,234764,0854-30 Kaisergraben*_ker_02
234769,234769.svg,0854-30b_kaisergraben_ker_01,234767,0854-30b_Kaisergraben*_ker_01
234776,234776.svg,lieze_ker_01,234774,0944-10b_Lieze_ker_01
234779,234779.svg,lieze_ker_02,234777,0944-10b_lieze_ker_02
234788,234788.svg,tiefenfeld_ker_01,234786,1812-20b_tiefenfeld*_ker_01
234792,234792.svg,tiefenfeld_ker_02,234790,1812-20b_teifenfeld*_ker_02
234795,234795.svg,tiefenfeld_ker_03,234793,1812-20b_teifenfeld*_ker_03
234802,234802.svg,innerfeld_ker_01,234800,0826-20b_innerfeld*_ker_01
234918,234918.svg,innerfeld_ker_02,234916,0826-20b_innerfeld*_ker_02
234927,234927.svg,1509-10b_rizendorf_ker_01,234925,1509-10b_rizendorf_ker_01
234930,234930.svg,1509-10b_rizendorf_ker_02,234928,1509-10b_rizendorf_ker_02
234939,234939.svg,1082-10b_nawinchel_ker_01,234937,1082-10b_nawinchel_ker_01
234942,234942.svg,1082-10b_nawinchel_ker_02,234940,1082-10b_nawinchel_ker_02
234951,234951.svg,0602-20b_haaberg_ker_01,234949,0602-20b_haaberg_ker_01
234955,234955.svg,0602-20b_haaberg_ker_02,234953,0602-20b_haaberg_ker_02
235020,235020.svg,0774-20b_hofthal*_ker_01,235018,0774-20b_hofthal*_ker_01
235025,235025.svg,0774-20b_hofthal*_ker_02,235021,0774-20b_hofthal*_ker_02
235039,235039.svg,1471-20b_reisberg*_ker_01,235037,1471-20b_reisberg*_ker_01
235043,235043.svg,1471-20b_reisberg*_ker_02,235041,1471-20b_reisberg*_ker_02
235051,235051.svg,1471-20b_reisberg*_ker_03,235049,1471-20b_reisberg*_ker_03
235068,235068.svg,2014-10b-wielesdorf_ker_01,235066,2014-10b-wielesdorf_ker_01
235078,235078.svg,0963-10b_loidenbrunn_ker_01,235076,0963-10b_loidenbrunn_ker_01
235082,235082.svg,0963-10b_loidenbrunn_ker_02,235080,0963-10b_loidenbrunn_ker_02
235086,235086.svg,0963-10b_loidenbrunn_ker_03,235084,0963-10b_loidenbrunn_ker_03
235090,235090.svg,0963-10b_loidenbrunn_ker_04,235088,0963-10b_loidenbrunn_ker_04
235097,235097.svg,0672-20b_hauswald*_ker_01,235095,0672-20b_hauswald*_ker_01
235107,235107.svg,1805-20b_tetterfeld*_ker_01,235105,1805-20b_tetterfeld*_ker_01
235116,235116.svg,1367-20b_pruntal*_ker_01,235114,1367-20b_pruntal*_ker_01
235121,235121.svg,1367-20b_pruntal*_ker_02,235118,1367-20b_pruntal*_ker_02
235129,235129.svg,0135-10b_bobendorf_ker_01,235127,0135-10b_bobendorf_ker_01
235133,235133.svg,0135-10b_bobendorf_ker_02,235131,0135-10b_bobendorf_ker_02
235138,235138.svg,0135-10b_bobendorf_ker_03,235136,0135-10b_bobendorf_ker_03
235143,235143.svg,0135-10b_bobendorf_ker_04,235140,0135-10b_bobendorf_ker_04
235155,235155.svg,0590-20b_guglfeld*_ker_01,235152,0590-20b_guglfeld*_ker_01
235165,235165.svg,0886-10b_krumbleins_ker_01,235163,0886-10b_krumbleins_ker_01
235168,235168.svg,0886-10b_krumbleins_ker_04,235166,0886-10b_krumbleins_ker_04
235171,235171.svg,0886-10b_krumbleins_ker_02,235169,0886-10b_krumbleins_ker_02
235191,235191.svg,0243-10b_chundorf_ker_06,235189,0243-10b_chundorf_ker_06
235194,235194.svg,0243-10b_chundorf_ker_07,235192,0243-10b_chundorf_ker_07
235197,235197.svg,0243-10b_chundorf_ker_08,235195,0243-10b_chundorf_ker_08
235200,235200.svg,0243-10b_chundorf_ker_09,235198,0243-10b_chundorf_ker_09
235203,235203.svg,0243-10b_chundorf_ker_10,235201,0243-10b_chundorf_ker_10
235206,235206.svg,0243-10b_chundorf_ker_11,235204,0243-10b_chundorf_ker_11
235209,235209.svg,0243-10b_chundorf_ker_12,235207,0243-10b_chundorf_ker_12
235240,235240.svg,1529-10b_rotenlaymen_ker_01,235236,1529-10b_rotenlaymen_ker_01
235245,235245.svg,1529-10b_rotenlaymen_ker_02,235241,1529-10b_rotenlaymen_ker_02
235248,235248.svg,1529-10b_rotenlaymen_ker_03,235246,1529-10b_rotenlaymen_ker_03
235257,235257.svg,3790-10_vitézfelde_ker_01,235253,3790-10_vitézfelde_ker_01
235262,235262.svg,3790-10_vitézfelde_ker_02,235260,3790-10_vitézfelde_ker_02
235271,235271.svg,3790-10_vitézfelde_ker_03,235267,3790-10_vitézfelde_ker_03
235302,235302.svg,3790-10_vitézfelde_ker_04,235300,3790-10_vitézfelde_ker_04
235311,235311.svg,1717-20b_steinfeld*_ker_01,235308,1717-20b_steinfeld*_ker_01
235315,235315.svg,1717-20b_steinfeld*_ker_02,235312,1717-20b_steinfeld*_ker_02
235325,235325.svg,0239-10b_chugelveld_ker_01,235322,0239-10b_chugelveld_ker_01
235328,235328.svg,0239-10b_chugelveld_ker_02,235326,0239-10b_chugelveld_ker_02
235335,235335.svg,0772-20b_hofgraben*_ker_01,235333,0772-20b_hofgraben*_ker_01
235338,235338.svg,0772-20b_hofgraben*_ker_02,235336,0772-20b_hofgraben*_ker_02
235341,235341.svg,0772-20b_hofgraben*_ker_03,235339,0772-20b_hofgraben*_ker_03
235349,235349.svg,0636-20b_hallas*_ker_01,235347,0636-20b_hallas*_ker_01
235370,235370.svg,3860-10_zythmanndorf_ker_02,235368,3860-10_zythmanndorf_ker_02
235373,235373.svg,3860-10_zythmanndorf_ker_03,235371,3860-10_zythmanndorf_ker_03
235376,235376.svg,3860-10_zythmanndorf_ker_04,235374,3860-10_zythmanndorf_ker_04
235380,235380.svg,3860-10_zythmanndorf_ker_05,235377,3860-10_zythmanndorf_ker_05
235383,235383.svg,3860-10_zythmanndorf_ker_06,235381,3860-10_zythmanndorf_ker_06
235387,235387.svg,0139-20b_borenland_ker_01,235384,0139-20b_borenland_ker_01
235396,235396.svg,1823-20b_trennau*_ker_01,235394,1823-20b_trennau*_ker_01
235400,235400.svg,1823-20b_trennau*_ker_02,235397,1823-20b_trennau*_ker_02
235409,235409.svg,1534-20b_ruchendorf_ker_01,235407,1534-20b_ruchendorf_ker_01
235412,235412.svg,1534-20b_ruchendorf_ker_02,235410,1534-20b_ruchendorf_ker_02
235434,235434.svg,1586-10b_scharwarn_ker_01,235432,1586-10b_scharwarn_ker_01
235438,235438.svg,1586-10b_scharwarn_ker_02,235436,1586-10b_scharwarn_ker_02
235442,235442.svg,1586-10b_scharwarn_ker_03,235440,1586-10b_scharwarn_ker_03
235446,235446.svg,1586-10b_scharwarn_ker_04,235443,1586-10b_scharwarn_ker_04
235451,235451.svg,1586-10b_scharwarn_ker_05,235449,1586-10b_scharwarn_ker_05
235455,235455.svg,1586-10b_scharwarn_ker_06,235453,1586-10b_scharwarn_ker_06
235460,235460.svg,1586-10b_scharwarn_ker_08,235458,1586-10b_scharwarn_ker_08
235463,235463.svg,1586-10b_scharwarn_ker_09,235461,1586-10b_scharwarn_ker_09
235466,235466.svg,1586-10b_scharwarn_ker_10,235464,1586-10b_scharwarn_ker_10
235469,235469.svg,1586-10b_scharwarn_ker_11,235467,1586-10b_scharwarn_ker_11
235473,235473.svg,1586-10b_scharwarn_ker_12_02,235470,1586-10b_scharwarn_ker_12
235472,235472.svg,1586-10b_scharwarn_ker_12_01,235470,1586-10b_scharwarn_ker_12
235510,235510.svg,3290-10_unter-illmitz_ker_01,235508,3290-10_unter-illmitz_ker_01
235513,235513.svg,3290-10_unter-illmitz_ker_02,235511,3290-10_unter-illmitz_ker_02
235516,235516.svg,3290-10_unter-illmitz_ker_03,235514,3290-10_unter-illmitz_ker_03
235519,235519.svg,3290-10_unter-illmitz_ker_04,235517,3290-10_unter-illmitz_ker_04
235522,235522.svg,3290-10_unter-illmitz_ker_05,235520,3290-10_unter-illmitz_ker_05
235525,235525.svg,3290-10_unter-illmitz_ker_06,235523,3290-10_unter-illmitz_ker_06
235528,235528.svg,3290-10_unter-illmitz_ker_07,235526,3290-10_unter-illmitz_ker_07
235531,235531.svg,3290-10_unter-illmitz_ker_08,235529,3290-10_unter-illmitz_ker_08
235534,235534.svg,3290-10_unter-illmitz_ker_09,235532,3290-10_unter-illmitz_ker_09
235537,235537.svg,3290-10_unter-illmitz_ker_10,235535,3290-10_unter-illmitz_ker_10
235546,235546.svg,0074-20b_anzgraben*_ker_01,235544,0074-20b_anzgraben*_ker_01
235549,235549.svg,0074-20b_anzgraben*_ker_02,235547,0074-20b_anzgraben*_ker_02
235552,235552.svg,0074-20b_anzgraben*_ker_03,235550,0074-20b_anzgraben*_ker_03
235564,235564.svg,2111-10b_zankendorf_met_01,235562,2111-10b_zankendorf_met_01
235568,235568.svg,2111-10b_zankendorf_ker_02,235565,2111-10b_zankendorf_ker_02
235572,235572.svg,2111-10b_zankendorf_ker_03,235570,2111-10b_zankendorf_ker_03
235575,235575.svg,2111-10b_zankendorf_ker_04,235573,2111-10b_zankendorf_ker_04
235578,235578.svg,2111-10b_zankendorf_ker_05,235576,2111-10b_zankendorf_ker_05
235581,235581.svg,2111-10b_zankendorf_ker_06,235579,2111-10b_zankendorf_ker_06
235584,235584.svg,2111-10b_zankendorf_ker_07,235582,2111-10b_zankendorf_ker_07
235587,235587.svg,2111-10b_zankendorf_ker_08,235585,2111-10b_zankendorf_ker_08
235590,235590.svg,2111-10b_zankendorf_ker_09,235588,2111-10b_zankendorf_ker_09
235593,235593.svg,2111-10b_zankendorf_ker_10,235591,2111-10b_zankendorf_ker_10
235596,235596.svg,2111-10b_zankendorf_ker_11,235594,2111-10b_zankendorf_ker_11
235605,235605.svg,0297-10b_doerflein_ker_08,235603,0297-10b_doerflein_ker_08
235609,235609.svg,0297-10b_doerflein_ker_01,235606,0297-10b_doerflein_ker_01
235612,235612.svg,0297-10b_doerflein_ker_02,235610,0297-10b_doerflein_ker_02
235615,235615.svg,0297-10b_doerflein_ker_03,235613,0297-10b_doerflein_ker_03
235618,235618.svg,0297-10b_doerflein_ker_04,235616,0297-10b_doerflein_ker_04
235621,235621.svg,0297-10b_doerflein_ker_05,235619,0297-10b_doerflein_ker_05
235624,235624.svg,0297-10b_doerflein_ker_06,235622,0297-10b_doerflein_ker_06
235627,235627.svg,0297-10b_doerflein_ker_07,235625,0297-10b_doerflein_ker_07
235634,235634.svg,1588-20b_scheibenbreiten*_ker_01,235632,1588-20b_scheibenbreiten*_ker_01
235637,235637.svg,1588-20b_scheibenbreiten*_ker_02,235635,1588-20b_scheibenbreiten*_ker_02
235640,235640.svg,1588-20b_scheibenbreiten*_ker_03,235638,1588-20b_scheibenbreiten*_ker_03
235648,235648.svg,0697-10b_helma_ker_01,235646,0697-10b_helma_ker_01
235651,235651.svg,0697-10b_helma_ker_02,235649,0697-10b_helma_ker_02
235667,235667.svg,0569-20b_grillparz*_ker_01,235665,0569-20b_grillparz*_ker_01
235670,235670.svg,0569-20b_grillparz*_ker_02,235668,0569-20b_grillparz*_ker_02
235673,235673.svg,0569-20b_grillparz*_ker_03,235671,0569-20b_grillparz*_ker_03
235676,235676.svg,0569-20b_grillparz*_ker_04,235674,0569-20b_grillparz*_ker_04
235684,235684.svg,1153-10b_nöttendorf_ker_01,235682,1153-10b_nöttendorf_ker_01
235687,235687.svg,1153-10b_nöttendorf_ker_02,235685,1153-10b_nöttendorf_ker_02
235690,235690.svg,1153-10b_nöttendorf_ker_03,235688,1153-10b_nöttendorf_ker_03
235699,235699.svg,0635-10b_haitzing_ker_01,235697,0635-10b_haitzing_ker_01
235702,235702.svg,0635-10b_haitzing_ker_02,235700,0635-10b_haitzing_ker_02
235705,235705.svg,0635-10b_haitzing_ker_03,235703,0635-10b_haitzing_ker_03
235712,235712.svg,0731-30b_heufeld*_ker_01,235710,0731-30b_heufeld*_ker_01
235715,235715.svg,0731-30b_heufeld*_ker_02,235713,0731-30b_heufeld*_ker_02
235718,235718.svg,0731-30b_heufeld*_ker_03,235716,0731-30b_heufeld*_ker_03
235725,235725.svg,2113-20b_zeiling*_ker_01,235723,2113-20b_zeiling*_ker_01
235728,235728.svg,2113-20b_zeiling*_ker_02,235726,2113-20b_zeiling*_ker_02
235733,235733.svg,2113-20b_zeiling*_met_01,235731,2113-20b_zeiling*_met_01
235740,235740.svg,1605-10b_schonstrazze_ker_01,235738,1605-10b_schonstrazze_ker_01
235743,235743.svg,1605-10b_schonstrazze_ker_02,235741,1605-10b_schonstrazze_ker_02
235746,235746.svg,1605-10b_schonstrazze_ker_03,235744,1605-10b_schonstrazze_ker_03
235754,235754.svg,0327-10b_ebenvelde_ker_01,235752,0327-10b_ebenvelde_ker_01
235757,235757.svg,0327-10b_ebenvelde_ker_02,235755,0327-10b_ebenvelde_ker_02
235766,235766.svg,0678-10b_haydt_ker_01,235764,0678-10b_haydt_ker_01
235775,235775.svg,1533-10b_roucinesdorf_ker_01,235773,1533-10b_roucinesdorf_ker_01
235778,235778.svg,1533-10b_roucinesdorf_ker_02,235776,1533-10b_roucinesdorf_ker_02
235783,235783.svg,1533-10b_roucinesdorf_ker_03,235781,1533-10b_roucinesdorf_ker_03
235786,235786.svg,1533-10b_roucinesdorf_ker_04,235784,1533-10b_roucinesdorf_ker_04
235795,235795.svg,1619-20b_see*_ker_01,235793,1619-20b_see*_ker_01
235798,235798.svg,1619-20b_see*_ker_02,235796,1619-20b_see*_ker_02
235805,235805.svg,0646-20b_hansles_ker_02,235803,0646-20b_hansles_ker_02
235808,235808.svg,0646-20b_hansles_ker_03,235806,0646-20b_hansles_ker_03
235811,235811.svg,0646-20b_hansles_ker_01,235809,0646-20b_hansles_ker_01
235818,235818.svg,0731-20b_heugen*_ker_10,235816,0731-20b_heugen*_ker_10
235821,235821.svg,0731-20b_heugen*_ker_11,235819,0731-20b_heugen*_ker_11
235826,235826.svg,0731-20b_heugen*_ker_12,235824,0731-20b_heugen*_ker_12
235829,235829.svg,0731-20b_heugen*_ker_14,235827,0731-20b_heugen*_ker_14
235832,235832.svg,0731-20b_heugen*_ker_15,235830,0731-20b_heugen*_ker_15
235835,235835.svg,0731-20b_heugen*_ker_16,235833,0731-20b_heugen*_ker_16
235846,235846.svg,2074-10b_wolfeswerde_ker_01,235844,2074-10b_wolfeswerde_ker_01
235849,235849.svg,2074-10b_wolfeswerde_ker_02,235847,2074-10b_wolfeswerde_ker_02
235852,235852.svg,2074-10b_wolfeswerde_ker_03,235850,2074-10b_wolfeswerde_ker_03
235859,235859.svg,0139-10b_boreisdorph_ker_01,235857,0139-10b_boreisdorph_ker_01
235862,235862.svg,0139-10b_boreisdorph_ker_02,235860,0139-10b_boreisdorph_ker_02
235871,235871.svg,0901-20b_langwies*_ker_01,235869,0901-20b_langwies*_ker_01
235874,235874.svg,0901-20b_langwies*_ker_02,235872,0901-20b_langwies*_ker_02
235883,235883.svg,1814-10b_tiemental_ker_01,235881,1814-10b_tiemental_ker_01
235886,235886.svg,1814-10b_tiemental_ker_02,235884,1814-10b_tiemental_ker_02
235889,235889.svg,1814-10b_tiemental_ker_03,235887,1814-10b_tiemental_ker_03
235892,235892.svg,1814-10b_tiemental_ker_04,235890,1814-10b_tiemental_ker_04
235900,235900.svg,1705-10b_stallaren_ker_01,235898,1705-10b_stallaren_ker_01
235903,235903.svg,1705-10b_stallaren_ker_02,235901,1705-10b_stallaren_ker_02
235914,235914.svg,1444-10b_razzen_ker_01,235912,1444-10b_razzen_ker_01
235921,235921.svg,0283-10b_dietreichsdorf_ker_01,235919,0283-10b_dietreichsdorf_ker_01
235924,235924.svg,0283-10b_dietreichsdorf_ker_02,235922,0283-10b_dietreichsdorf_ker_02
235927,235927.svg,0283-10b_dietreichsdorf_ker_03,235925,0283-10b_dietreichsdorf_ker_03
235930,235930.svg,0283-10b_dietreichsdorf_ker_04,235928,0283-10b_dietreichsdorf_ker_04
235933,235933.svg,0283-10b_dietreichsdorf_ker_05,235931,0283-10b_dietreichsdorf_ker_05
235936,235936.svg,0283-10b_dietreichsdorf_ker_06,235934,0283-10b_dietreichsdorf_ker_06
235947,235947.svg,1104-10b_aps-neusidel_ker_01,235945,1104-10b_aps-Neusidel_ker_01
235950,235950.svg,1104-10b_aps-neusidel_ker_02,235948,1104-10b_aps-neusidel_ker_02
235963,235963.svg,1337-10b_porz_ker_01,235961,1337-10b_porz_ker_01
235966,235966.svg,1337-10b_porz_ker_02,235964,1337-10b_porz_ker_02
235969,235969.svg,1337-10b_porz_ker_03,235967,1337-10b_porz_ker_03
235972,235972.svg,1337-10b_porz_ker_04,235970,1337-10b_porz_ker_04
235975,235975.svg,1337-10b_porz_ker_05,235973,1337-10b_porz_ker_05
235978,235978.svg,1337-10b_porz_ker_06,235976,1337-10b_porz_ker_06
235981,235981.svg,1337-10b_porz_ker_07,235979,1337-10b_porz_ker_07
235984,235984.svg,1337-10b_porz_ker_08,235982,1337-10b_porz_ker_08
235992,235992.svg,1463-10b_reikhenreuth_ker_01,235990,1463-10b_reikhenreuth_ker_01
235995,235995.svg,1463-10b_reikhenreuth_ker_02,235993,1463-10b_reikhenreuth_ker_02
235998,235998.svg,1463-10b_reikhenreuth_ker_03,235996,1463-10b_reikhenreuth_ker_03
236006,236006.svg,1467-10b_reinolz_ker_01,236004,1467-10b_reinolz_ker_01
236009,236009.svg,1467-10b_reinolz_ker_02,236007,1467-10b_reinolz_ker_02
236012,236012.svg,1467-10b_reinolz_ker_03,236010,1467-10b_reinolz_ker_03
236015,236015.svg,1467-10b_reinolz_ker_04,236013,1467-10b_reinolz_ker_04
236022,236022.svg,0741-11b_hidlhoff_ker_01,236020,0741-11b_hidlhoff_ker_01
236025,236025.svg,0741-11b_hidlhoff_ker_02,236023,0741-11b_hidlhoff_ker_02
236028,236028.svg,0741-11b_hidlhoff_ker_03,236026,0741-11b_hidlhoff_ker_03
236038,236038.svg,0867-30b_königsgraben_ker_01,236036,0867-30b_königsgraben_ker_01
236041,236041.svg,0867-30b_königsgraben_ker_02,236039,0867-30b_königsgraben_ker_02
236044,236044.svg,0867-30b_königsgraben_ker_03,236042,0867-30b_königsgraben_ker_03
236051,236051.svg,1601-20b_schmiedstatt*_ker_01,236049,1601-20b_schmiedstatt*_ker_01
236054,236054.svg,1601-20b_schmiedstatt*_ker_02,236052,1601-20b_schmiedstatt*_ker_02
236057,236057.svg,1601-20b_schmiedstatt*_ker_03,236055,1601-20b_schmiedstatt*_ker_03
236066,236066.svg,0576-22b_grassaw_minor_ker_01,236064,0576-22b_grassaw_minor_ker_01
236069,236069.svg,0576-22b_grassaw_minor_ker_02,236067,0576-22b_grassaw_minor_ker_02
236072,236072.svg,0576-22b_grassaw_minor_ker_03,236070,0576-22b_grassaw_minor_ker_03
236079,236079.svg,0968-20b_luden_west*_ker_01,236077,0968-20b_luden_west*_ker_01
236082,236082.svg,0968-20b_luden_west*_ker_02,236080,0968-20b_luden_west*_ker_02
236085,236085.svg,0968-20b_luden_west*_ker_03,236083,0968-20b_luden_west*_ker_03
236088,236088.svg,0576-22b_grassaw_minor_ker_04,236086,0576-22b_grassaw_minor_ker_04
236091,236091.svg,0576-22b_grassaw_minor_ker_05,236089,0576-22b_grassaw_minor_ker_05
236094,236094.svg,0576-22b_grassaw_minor_ker_06,236092,0576-22b_grassaw_minor_ker_06
236103,236103.svg,1881-10b_uuinzurlin_ker_01,236101,1881-10b_uuinzurlin_ker_01
236111,236111.svg,0541-20b_grabenlüß*_ker_01,236109,0541-20b_grabenlüß*_ker_01
236114,236114.svg,0541-20b_grabenlüß*_ker_02,236112,0541-20b_grabenlüß*_ker_02
236117,236117.svg,0541-20b_grabenlüß*_ker_03,236115,0541-20b_grabenlüß*_ker_03
236120,236120.svg,0541-20b_grabenlüß*_sch_01,236118,0541-20b_grabenlüß*_sch_01
236127,236127.svg,1161-20b_oberfeld*_ker_01,236125,1161-20b_oberfeld*_ker_01
236130,236130.svg,1161-20b_oberfeld*_ker_02,236128,1161-20b_oberfeld*_ker_02
236133,236133.svg,1161-20b_oberfeld*_ker_03,236131,1161-20b_oberfeld*_ker_03
236137,236137.svg,1161-20b_oberfeld*_ker_04,236135,1161-20b_oberfeld*_ker_04
236144,236144.svg,0551-10b_grates_ker_01,236142,0551-10b_grates_ker_01
236147,236147.svg,0551-10b_grates_ker_02,236145,0551-10b_grates_ker_02
236150,236150.svg,0551-10b_grates_ker_03,236148,0551-10b_grates_ker_03
236157,236157.svg,0430-40b_fertelbruck*_ker_01,236155,0430-40b_fertelbruck*_ker_01
236160,236160.svg,0430-40b_fertelbruck*_ker_02,236158,0430-40b_fertelbruck*_ker_02
236163,236163.svg,0430-40b_fertelbruck*_ker_03,236161,0430-40b_fertelbruck*_ker_03
236171,236171.svg,2024-10b_wilhalmestorf_ker_01,236169,2024-10b_wilhalmestorf_ker_01
236174,236174.svg,2024-10b_wilhalmestorf_ker_02,236172,2024-10b_wilhalmestorf_ker_02
236177,236177.svg,2024-10b_wilhalmestorf_ker_03,236175,2024-10b_wilhalmestorf_ker_03
236182,236182.svg,2024-10b_wilhalmestorf_ker_05,236180,2024-10b_wilhalmestorf_ker_05
236185,236185.svg,2024-10b_wilhalmestorf_ker_06,236183,2024-10b_wilhalmestorf_ker_06
236194,236194.svg,0501-10b_gerharsdorf_ker_01,236192,0501-10b_gerharsdorf_ker_01
236197,236197.svg,0501-10b_gerharsdorf_ker_02,236195,0501-10b_gerharsdorf_ker_02
236200,236200.svg,0501-10b_gerharsdorf_ker_03,236198,0501-10b_gerharsdorf_ker_03
236203,236203.svg,0501-10b_gerharsdorf_ker_04,236201,0501-10b_gerharsdorf_ker_04
236206,236206.svg,0501-10b_gerharsdorf_ker_05,236204,0501-10b_gerharsdorf_ker_05
236220,236220.svg,1724-10b_sterzenbach_ker_01,236218,1724-10b_sterzenbach_ker_01
236223,236223.svg,1724-10b_sterzenbach_ker_02,236221,1724-10b_sterzenbach_ker_02
236226,236226.svg,1724-10b_sterzenbach_ker_03,236224,1724-10b_sterzenbach_ker_03
236239,236239.svg,2057-10b_wislarin_ker_01,236237,2057-10b_wislarin_ker_01
236242,236242.svg,2057-10b_wislarin_ker_02,236240,2057-10b_wislarin_ker_02
236250,236250.svg,1285-10b_pirach_ker_01,236248,1285-10b_pirach_ker_01
236253,236253.svg,1285-10b_pirach_ker_02,236251,1285-10b_pirach_ker_02
236283,236283.svg,1737-12b_stoyssen_sued_ker_01,236281,1737-12b_stoyssen_sued_ker_01
236286,236286.svg,1737-12b_stoyssen_sued_ker_02,236284,1737-12b_stoyssen_sued_ker_02
236299,236299.svg,1737-11b_stoyssen_nord_ker_01,236297,1737-11b_stoyssen_nord_ker_01
236308,236308.svg,0980-20b_maierhof*_ker_01,236306,0980-20b_maierhof*_ker_01
236311,236311.svg,0980-20b_maierhof*_ker_02,236309,0980-20b_maierhof*_ker_02
236314,236314.svg,0980-20b_maierhof*_ker_03,236312,0980-20b_maierhof*_ker_03
236317,236317.svg,0980-20b_maierhof*_ker_04,236315,0980-20b_maierhof*_ker_04
236320,236320.svg,0980-20b_maierhof*_sch_01,236318,0980-20b_maierhof*_sch_01
236327,236327.svg,0143-10b_branneberch_ker_01,236325,0143-10b_branneberch_ker_01
236330,236330.svg,0143-10b_branneberch_ker_02,236328,0143-10b_branneberch_ker_02
236341,236341.svg,0540-20b_graben*_ker_01,236336,0540-20b_graben*_ker_01
236340,236340.svg,0540-20b_graben*_met_01,236338,0540-20b_graben*_met_01
236350,236350.svg,1313-10b_plochstorf_ker_01,236348,1313-10b_plochstorf_ker_01
236353,236353.svg,1313-10b_plochstorf_ker_02,236351,1313-10b_plochstorf_ker_02
236361,236361.svg,0709-10b_herbortsgrub_ker_01,236359,0709-10b_herbortsgrub_ker_01
236364,236364.svg,0709-10b_herbortsgrub_ker_02,236362,0709-10b_herbortsgrub_ker_02
236367,236367.svg,0709-10b_herbortsgrub_ker_03,236365,0709-10b_herbortsgrub_ker_03
236374,236374.svg,0798-10b_hortwines_ker_01,236372,0798-10b_hortwines_ker_01
236377,236377.svg,0798-10b_hortwines_ker_02,236375,0798-10b_hortwines_ker_02
236380,236380.svg,0798-10b_hortwines_ker_03,236378,0798-10b_hortwines_ker_03
236383,236383.svg,0798-10b_hortwines_ker_04,236381,0798-10b_hortwines_ker_04
236386,236386.svg,0798-10b_hortwines_ker_05,236384,0798-10b_hortwines_ker_05
236393,236393.svg,0539-20b_grabel*_ker_01,236391,0539-20b_grabel*_ker_01
236396,236396.svg,0539-20b_grabel*_ker_02,236394,0539-20b_grabel*_ker_02
236399,236399.svg,0539-20b_grabel*_sch_01,236397,0539-20b_grabel*_sch_01
236407,236407.svg,0355-20b_eichenhain*_ker_01,236405,0355-20b_eichenhain*_ker_01
236415,236415.svg,2026-10b_wilhalmstorff_ker_01,236413,2026-10b_wilhalmstorff_ker_01
236423,236423.svg,1855-10b_uersenreid_ker_01,236421,1855-10b_uersenreid_ker_01
236438,236438.svg,1345-10b_praetenmos_ker_01,236436,1345-10b_praetenmos_ker_01
236447,236447.svg,1248-10b_peringers_ker_01,236445,1248-10b_peringers_ker_01
236456,236456.svg,0609-10b_hadmars_ker_01,236454,0609-10b_hadmars_ker_01
236459,236459.svg,0609-10b_hadmars_ker_02,236457,0609-10b_hadmars_ker_02
236462,236462.svg,0609-10b_hadmars_ker_03,236460,0609-10b_hadmars_ker_03
236472,236472.svg,2001-20b_wezelstal*_ker_01,236470,2001-20b_wezelstal*_ker_01
236483,236483.svg,0268-10b_crufilingin_ker_01,236481,0268-10b_crufilingin_ker_01
236493,236493.svg,1246-10b_perhtolsdorf_ker_01,236491,1246-10b_perhtolsdorf_ker_01
236496,236496.svg,1246-10b_perhtolsdorf_ker_02,236494,1246-10b_perhtolsdorf_ker_02
236499,236499.svg,1246-10b_perhtolsdorf_ker_03,236497,1246-10b_perhtolsdorf_ker_03
236510,236510.svg,0941-10b_lichtenwinkhel_ker_01,236508,0941-10b_lichtenwinkhel_ker_01
236515,236515.svg,0941-10b_lichtenwinkhel_ker_03,236513,0941-10b_lichtenwinkhel_ker_03
236523,236523.svg,0867-20b_klingfurth_ker_01,236521,0867-20b_klingfurth_ker_01
236526,236526.svg,0867-20b_klingfurth_ker_02,236524,0867-20b_klingfurth_ker_02
236533,236533.svg,0085-10b_de_arnsteine_ker_01,236531,0085-10b_de_arnsteine_ker_01
236536,236536.svg,0085-10b_de_arnsteine_ker_02,236534,0085-10b_de_arnsteine_ker_02
236546,236546.svg,0428-10b_etzles_ker_01,236544,0428-10b_etzles_ker_01
236553,236553.svg,0428-10b_etzles_ker_02,236551,0428-10b_etzles_ker_02
236561,236561.svg,3010-10_altdorf_ker_01,236559,3010-10_altdorf_ker_01
236564,236564.svg,3010-10_altdorf_ker_02,236562,3010-10_altdorf_ker_02
236567,236567.svg,3010-10_altdorf_ker_03,236565,3010-10_altdorf_ker_03
236571,236571.svg,0590-20b_guglfeld*_ker_02,236569,0590-20b_guglfeld*_ker_02
236574,236574.svg,0590-20b_guglfeld*_ker_03,236572,0590-20b_guglfeld*_ker_03
236585,236585.svg,1098-20b_neuriß-nord*_ker_01,236583,1098-20b_neuriß-nord*_ker_01
236588,236588.svg,1098-20b_neuriß-nord*_ker_02,236586,1098-20b_neuriß-nord*_ker_02
236591,236591.svg,1098-20b_neuriß-nord*_ker_03,236589,1098-20b_neuriß-nord*_ker_03
236598,236598.svg,0748-20b_hintermaisfeld*_ker_01,236596,0748-20b_hintermaisfeld*_ker_01
236601,236601.svg,0748-20b_hintermaisfeld*_ker_02,236599,0748-20b_hintermaisfeld*_ker_02
236613,236613.svg,1250-10b_perngers_ker_01,236611,1250-10b_perngers_ker_01
236616,236616.svg,1250-10b_perngers_ker_02,236614,1250-10b_perngers_ker_02
236619,236619.svg,1250-10b_perngers_ker_03,236617,1250-10b_perngers_ker_03
236647,236647.svg,0260-10b_clupans_ker_01,236645,0260-10b_clupans_ker_01
236650,236650.svg,0260-10b_clupans_ker_02,236648,0260-10b_clupans_ker_02
236653,236653.svg,0260-10b_clupans_ker_03,236651,0260-10b_clupans_ker_03
236656,236656.svg,0260-10b_clupans_ker_04,236654,0260-10b_clupans_ker_04
236659,236659.svg,0260-10b_clupans_ker_05,236657,0260-10b_clupans_ker_05
236662,236662.svg,1342-10b_potenburg_ker_01,236660,1342-10b_potenburg_ker_01
236665,236665.svg,1342-10b_potenburg_ker_02,236663,1342-10b_potenburg_ker_02
236668,236668.svg,1342-10b_potenburg_ker_03,236666,1342-10b_potenburg_ker_03
236671,236671.svg,1342-10b_potenburg_ker_04,236669,1342-10b_potenburg_ker_04
236674,236674.svg,0774-30b_hofwiesen*_ker_04,236672,0774-30b_hofwiesen*_ker_04
236678,236678.svg,0774-30b_hofwiesen*_ker_05,236676,0774-30b_hofwiesen*_ker_05
236694,236694.svg,1598-20b_schimlern*_ker_01,236692,1598-20b_schimlern*_ker_01
236697,236697.svg,1598-20b_schimlern*_ker_02,236695,1598-20b_schimlern*_ker_02
236704,236704.svg,1303-10b_pleccingin_ker_01,236702,1303-10b_pleccingin_ker_01
236707,236707.svg,1303-10b_pleccingin_ker_02,236705,1303-10b_pleccingin_ker_02
236710,236710.svg,1303-10b_pleccingin_ker_03,236708,1303-10b_pleccingin_ker_03
236720,236720.svg,0570-10b_grintdorf_ker_01,236718,0570-10b_grintdorf_ker_01
236752,236752.svg,1257-10b_persenslager_ker_01,236750,1257-10b_persenslager_ker_01
236755,236755.svg,1257-10b_persenslager_ker_02,236753,1257-10b_persenslager_ker_02
236764,236764.svg,0702-10b_henczing_ker_01,236762,0702-10b_henczing_ker_01
236767,236767.svg,0702-10b_henczing_ker_02,236765,0702-10b_henczing_ker_02
236770,236770.svg,0702-10b_henczing_ker_03,236768,0702-10b_henczing_ker_03
236773,236773.svg,0702-10b_henczing_ker_04,236771,0702-10b_henczing_ker_04
236782,236782.svg,1488-10b_reybeins_ker_01,236780,1488-10b_reybeins_ker_01
236785,236785.svg,1488-10b_reybeins_ker_02,236783,1488-10b_reybeins_ker_02
236789,236789.svg,1488-10b_reybeins_ker_03,236787,1488-10b_reybeins_ker_03
236796,236796.svg,0051-20b_altenberg*_ker_01,236794,0051-20b_altenberg*_ker_01
236799,236799.svg,0051-20b_altenberg*_ker_02,236797,0051-20b_altenberg*_ker_02
236804,236804.svg,0051-20b_altenberg*_ker_03,236802,0051-20b_altenberg*_ker_03
236814,236814.svg,0632-20b_haimpuch_ker_01,236810,0632-20b_haimpuch_ker_01
236817,236817.svg,0632-20b_haimpuch_ker_02,236815,0632-20b_haimpuch_ker_02
236820,236820.svg,0632-20b_haimpuch_ker_03,236818,0632-20b_haimpuch_ker_03
236828,236828.svg,0293-20b_dorffeld*_ker_01,236826,0293-20b_dorffeld*_ker_01
236831,236831.svg,0293-20b_dorffeld*_ker_02,236829,0293-20b_dorffeld*_ker_02
236834,236834.svg,0293-20b_dorffeld*_ker_03,236832,0293-20b_dorffeld*_ker_03
236837,236837.svg,0123-30b_bergfeld*_ker_01,236835,0123-30b_bergfeld*_ker_01
236840,236840.svg,0123-30b_bergfeld*_ker_02,236838,0123-30b_bergfeld*_ker_02
236843,236843.svg,0123-30b_bergfeld*_sch_01,236841,0123-30b_bergfeld*_sch_01
236852,236852.svg,0842-10b_jässwein_ker_01,236850,0842-10b_jässwein_ker_01
236855,236855.svg,0842-10b_jässwein_ker_02,236853,0842-10b_jässwein_ker_02
236858,236858.svg,0842-10b_jässwein_gla_01,236856,0842-10b_jässwein_gla_01
236861,236861.svg,0842-10b_jässwein_gla_02,236859,0842-10b_jässwein_gla_02
236864,236864.svg,0842-10b_jässwein_gla_03,236862,0842-10b_jässwein_gla_03
236883,236883.svg,0694-10b_heitzenhof_ker_01,236881,0694-10b_heitzenhof_ker_01
236886,236886.svg,0694-10b_heitzenhof_ker_02,236884,0694-10b_heitzenhof_ker_02
236267,236267.svg,0530-10b_goisdorf_ker_01,236918,0530-10b_goisdorf_ker_01
236270,236270.svg,0530-10b_goisdorf_ker_02,236925,0530-10b_goisdorf_ker_02
236929,236929.svg,2127-10b_zunkendorf_ker_01,236927,2127-10b_zunkendorf_ker_01
236932,236932.svg,2127-10b_zunkendorf_ker_02,236930,2127-10b_zunkendorf_ker_02
236935,236935.svg,2127-10b_zunkendorf_ker_03,236933,2127-10b_zunkendorf_ker_03
236938,236938.svg,2127-10b_zunkendorf_ker_04,236936,2127-10b_zunkendorf_ker_04
236941,236941.svg,1801-10b_tellarn_ker_01,236939,1801-10b_tellarn_ker_01
236944,236944.svg,1801-10b_tellarn_ker_02,236942,1801-10b_tellarn_ker_02
236947,236947.svg,1801-10b_tellarn_ker_03,236945,1801-10b_tellarn_ker_03
236950,236950.svg,1801-10b_tellarn_ker_04,236948,1801-10b_tellarn_ker_04
236953,236953.svg,0872-10b_krechleinsdorf_ker_01,236951,0872-10b_krechleinsdorf_ker_01
236956,236956.svg,0872-10b_krechleinsdorf_ker_02,236954,0872-10b_krechleinsdorf_ker_02
236959,236959.svg,0962-20b_loibers*_ker_01,236957,0962-20b_loibers*_ker_01
236962,236962.svg,0962-20b_loibers*_ker_02,236960,0962-20b_loibers*_ker_02
236965,236965.svg,0962-20b_loibers*_ker_03,236963,0962-20b_loibers*_ker_03
236978,236978.svg,0877-10b_krössenhof_ker_01,236976,0877-10b_krössenhof_ker_01
236981,236981.svg,0877-10b_krössenhof_ker_02,236979,0877-10b_krössenhof_ker_02
236991,236991.svg,1176-10b_odenprunnen_ker_01,236989,1176-10b_odenprunnen_ker_01
236994,236994.svg,1176-10b_odenprunnen_ker_02,236992,1176-10b_odenprunnen_ker_02
237003,237003.svg,0766-20b_hof_seebarn*_ker_01,237001,0766-20b_hof_seebarn*_ker_01
237006,237006.svg,0766-20b_hof_seebarn*_ker_02,237004,0766-20b_hof_seebarn*_ker_02
237015,237015.svg,0773-20b_hofstätten_3*_ker_01,237013,0773-20b_hofstätten_3*_ker_01
237018,237018.svg,0773-20b_hofstätten_3*_ker_02,237016,0773-20b_hofstätten_3*_ker_02
237021,237021.svg,0773-20b_hofstätten_3*_sch_01,237019,0773-20b_hofstätten_3*_sch_01
237047,237047.svg,2018-10b_wilantisdorf_ker_01,237045,2018-10b_wilantisdorf_ker_01
237050,237050.svg,2018-10b_wilantisdorf_ker_02,237048,2018-10b_wilantisdorf_ker_02
237059,237059.svg,1135-10b_niederbrunn_ker_01,237057,1135-10b_niederbrunn_ker_01
237062,237062.svg,1135-10b_niederbrunn_ker_02,237060,1135-10b_niederbrunn_ker_02
237065,237065.svg,1135-10b_niederbrunn_ker_03,237063,1135-10b_niederbrunn_ker_03
237078,237078.svg,0690-10b_heinreichslag_ker_01,237076,0690-10b_heinreichslag_ker_01
237081,237081.svg,0690-10b_heinreichslag_ker_02,237079,0690-10b_heinreichslag_ker_02
237084,237084.svg,0774-30b_hofwiesen*_ker_01,237082,0774-30b_hofwiesen*_ker_01
237087,237087.svg,0774-30b_hofwiesen*_ker_02,237085,0774-30b_hofwiesen*_ker_02
237090,237090.svg,0774-30b_hofwiesen*_sch_01,237088,0774-30b_hofwiesen*_sch_01
237106,237106.svg,1093-10b_hof_zu_neudegg_ker_01,237104,1093-10b_hof_zu_neudegg_ker_01
237109,237109.svg,1093-10b_hof_zu_neudegg_ker_02,237107,1093-10b_hof_zu_neudegg_ker_02
237123,237123.svg,0864-30b_kirchsteigfeld*_ker_01,237121,0864-30b_kirchsteigfeld*_ker_01
237126,237126.svg,0864-30b_kirchsteigfeld*_ker_02,237124,0864-30b_kirchsteigfeld*_ker_02
237129,237129.svg,0864-30b_kirchsteigfeld*_ker_03,237127,0864-30b_kirchsteigfeld*_ker_03
237132,237132.svg,1543-10b_ruegers_ker_01,237130,1543-10b_ruegers_ker_01
237135,237135.svg,1543-10b_ruegers_ker_02,237133,1543-10b_ruegers_ker_02
237138,237138.svg,1543-10b_ruegers_ker_03,237136,1543-10b_ruegers_ker_03
237147,237147.svg,0580-20b_gruebel*_ker_01,237145,0580-20b_gruebel*_ker_01
237150,237150.svg,0580-20b_gruebel*_ker_02,237148,0580-20b_gruebel*_ker_02
237153,237153.svg,0580-20b_gruebel*_ker_03,237151,0580-20b_gruebel*_ker_03
237170,237170.svg,0768-11b_höffeln*_ker_01,237161,0768-11b_höffeln*_ker_01
237171,237171.svg,0768-11b_höffeln*_ker_02,237163,0768-11b_höffeln*_ker_02
237167,237167.svg,0768-11b_höffeln*_ker_03,237165,0768-11b_höffeln*_ker_03
237175,237175.svg,0829-10b_irhawbe_ker_01,237173,0829-10b_irhawbe_ker_01
237178,237178.svg,0829-10b_irhawbe_ker_02,237176,0829-10b_irhawbe_ker_02
237181,237181.svg,0829-10b_irhawbe_ker_03,237179,0829-10b_irhawbe_ker_03
237184,237184.svg,0829-10b_irhawbe_gla_01,237182,0829-10b_irhawbe_gla_01
237195,237195.svg,0813-10b_huruenowe_ker_01,237193,0813-10b_huruenowe_ker_01
237198,237198.svg,0813-10b_huruenowe_ker_02,237196,0813-10b_huruenowe_ker_02
237201,237201.svg,0813-10b_huruenowe_met_01,237199,0813-10b_huruenowe_met_01
237592,237592.pdf,1083-20b_neiber,237589,Neiber
237921,237921.pdf,1119-10b_neustift_geschwärzt,237918,Neustift
285683,285683.jpg,Vitrine Hatmansdorf,256115,Surface 0614-10 Hadunartesdorf (feature)
276862,276862.svg,0614-10_hadunartesdorf_ker_101A,256119,0614-10_hadunartesdorf_ker_101A
276855,276855.svg,1826-20_triestingau*_ker_G39,257039,1826-20b_Triesitingau*_G39
276853,276853.svg,1826-20_triestingau*_ker_G16,257041,1826-20b_Triesitingau*_G16
276851,276851.svg,1826-20_triestingau*_ker_G127,257043,1826-20b_Triesitingau*_G127
276854,276854.svg,1826-20_triestingau*_ker_G24,257045,1826-20b_Triesitingau*_G24
276856,276856.svg,1826-20_triestingau*_ker_G40,257049,1826-20b_Triesitingau*_G40
276852,276852.svg,1826-20_triestingau*_ker_G13,257051,1826-20b_Triesitingau*_G13
276857,276857.svg,1826-20_triestingau*_ker_G43,257053,1826-20b_Triesitingau*_G43
276858,276858.svg,1826-20_triestingau*_ker_G47,257055,1826-20b_Triesitingau*_G47
276861,276861.svg,1826-20_triestingau*_ker_G76,276859,1826-20b_Triesitingau*_G76
276865,276865.svg,0614-10_hadunartesdorf_ker_82A,276863,0614-10_hadunartesdorf_ker_82A
276868,276868.svg,0614-10_hadunartesdorf_ker_100A,276866,0614-10_hadunartesdorf_ker_100A
277202,277202.svg,0614-10_hadunartesdorf_ker_19A,277200,0614-10_hadunartesdorf_ker_19A
277205,277205.svg,0614-10_hadunartesdorf_ker_56B,277203,0614-10_hadunartesdorf_ker_56B
277208,277208.svg,0614-10_hadunartesdorf_ker_161A,277206,0614-10_hadunartesdorf_ker_161A
277211,277211.svg,0614-10_hadunartesdorf_ker_23A,277209,0614-10_hadunartesdorf_ker_23A
277214,277214.svg,0614-10_hadunartesdorf_ker_22A,277212,0614-10_hadunartesdorf_ker_22A
277217,277217.svg,0614-10_hadunartesdorf_ker_31B,277215,0614-10_hadunartesdorf_ker_31B
277220,277220.svg,0614-10_hadunartesdorf_ker_33B,277218,0614-10_hadunartesdorf_ker_33B
277223,277223.svg,0614-10_hadunartesdorf_ker_80A,277221,0614-10_hadunartesdorf_ker_80A
277226,277226.svg,0614-10_hadunartesdorf_ker_30B,277224,0614-10_hadunartesdorf_ker_30B
277229,277229.svg,0614-10_hadunartesdorf_ker_46B,277227,0614-10_hadunartesdorf_ker_46B
277232,277232.svg,0614-10_hadunartesdorf_ker_54B,277230,0614-10_hadunartesdorf_ker_54B
277235,277235.svg,0614-10_hadunartesdorf_ker_96A,277233,0614-10_hadunartesdorf_ker_96A
277238,277238.svg,0614-10_hadunartesdorf_ker_87A,277236,0614-10_hadunartesdorf_ker_87A
277259,277259.svg,0614-10_hadunartesdorf_ker_14A,277257,0614-10_hadunartesdorf_ker_14A
277262,277262.svg,0614-10_hadunartesdorf_ker_519,277260,0614-10_hadunartesdorf_ker_519
277265,277265.svg,0614-10_hadunartesdorf_ker_135A,277263,0614-10_hadunartesdorf_ker_135A
277268,277268.svg,0614-10_hadunartesdorf_ker_117A,277266,0614-10_hadunartesdorf_ker_117A
277271,277271.svg,0614-10_hadunartesdorf_ker_114A,277269,0614-10_hadunartesdorf_ker_114A
277274,277274.svg,0614-10_hadunartesdorf_ker_18A,277272,0614-10_hadunartesdorf_ker_18A
277277,277277.svg,0614-10_hadunartesdorf_ker_118A,277275,0614-10_hadunartesdorf_ker_118A
277280,277280.svg,0614-10_hadunartesdorf_ker_119A,277278,0614-10_hadunartesdorf_ker_119A
277283,277283.svg,0614-10_hadunartesdorf_ker_1253,277281,0614-10_hadunartesdorf_ker_1253
277286,277286.svg,0614-10_hadunartesdorf_ker_133A,277284,0614-10_hadunartesdorf_ker_133A
277289,277289.svg,0614-10_hadunartesdorf_ker_03,277287,0614-10_hadunartesdorf_ker_03
277292,277292.svg,hadunartesdorf_ker_01,277290,0614-10_hadunartesdorf_ker_01
277295,277295.svg,0614-10_hadunartesdorf_ker_02,277293,0614-10_hadunartesdorf_ker_02
277298,277298.svg,0614-10_hadunartesdorf_ker_04,277296,0614-10_hadunartesdorf_ker_04
224707,224707.glb,1025-10b_Michael_St_Dörfflein,278244,Michael-Hof
210954,210954.png,1025-10b_Michael_St_Dörfflein,278244,Michael-Hof
237656,237656.pdf,1025-10b_st michael im doerflein,278244,Michael-Hof
207673,207673.pdf,wuestungslisten_kl_M-Z,283379,Praiten Ror
283381,283381.pdf,1521-10b_praiten ror,283379,Praiten Ror
370142,370142.svg,0508-10_geresdorf_ker_02,370137,0508-10_geresdorf_ker_02
370141,370141.svg,0508-10_geresdorf_ker_03,370139,0508-10_geresdorf_ker_03
